time,sla,adt
1993-01-01,0.0356,0.5821000000000001
1993-01-02,0.0369,0.5834
1993-01-03,0.038700000000000005,0.5852
1993-01-04,0.0407,0.5872
1993-01-05,0.042100000000000005,0.5886
1993-01-06,0.0426,0.5891000000000001
1993-01-07,0.0422,0.5887
1993-01-08,0.041100000000000005,0.5876
1993-01-09,0.0403,0.5868
1993-01-10,0.0405,0.5870000000000001
1993-01-11,0.042100000000000005,0.5886
1993-01-12,0.0451,0.5916
1993-01-13,0.0489,0.5954
1993-01-14,0.0529,0.5994
1993-01-15,0.0563,0.6028
1993-01-16,0.058800000000000005,0.6053000000000001
1993-01-17,0.0603,0.6068
1993-01-18,0.0608,0.6073000000000001
1993-01-19,0.060500000000000005,0.607
1993-01-20,0.0594,0.6059
1993-01-21,0.0574,0.6039
1993-01-22,0.0548,0.6013000000000001
1993-01-23,0.0514,0.5979
1993-01-24,0.0477,0.5942000000000001
1993-01-25,0.0441,0.5906
1993-01-26,0.041,0.5875
1993-01-27,0.0392,0.5857
1993-01-28,0.0392,0.5857
1993-01-29,0.041,0.5875
1993-01-30,0.044700000000000004,0.5912000000000001
1993-01-31,0.050100000000000006,0.5966
1993-02-01,0.056900000000000006,0.6034
1993-02-02,0.0645,0.611
1993-02-03,0.0726,0.6191
1993-02-04,0.08030000000000001,0.6268
1993-02-05,0.0869,0.6334000000000001
1993-02-06,0.0921,0.6386000000000001
1993-02-07,0.0954,0.6419
1993-02-08,0.0969,0.6434000000000001
1993-02-09,0.0966,0.6431
1993-02-10,0.09480000000000001,0.6413
1993-02-11,0.0915,0.638
1993-02-12,0.0867,0.6332
1993-02-13,0.0804,0.6269
1993-02-14,0.0727,0.6192000000000001
1993-02-15,0.064,0.6105
1993-02-16,0.054900000000000004,0.6014
1993-02-17,0.046200000000000005,0.5927
1993-02-18,0.0383,0.5848
1993-02-19,0.031900000000000005,0.5784
1993-02-20,0.026500000000000003,0.5730000000000001
1993-02-21,0.0216,0.5681
1993-02-22,0.0166,0.5631
1993-02-23,0.0112,0.5577
1993-02-24,0.006,0.5525
1993-02-25,0.0018000000000000002,0.5483
1993-02-26,-0.0004,0.5461
1993-02-27,0.0005,0.547
1993-02-28,0.0043,0.5508000000000001
1993-03-01,0.011000000000000001,0.5575
1993-03-02,0.0194,0.5659000000000001
1993-03-03,0.0285,0.5750000000000001
1993-03-04,0.0374,0.5839
1993-03-05,0.0454,0.5919
1993-03-06,0.0521,0.5986
1993-03-07,0.057800000000000004,0.6043000000000001
1993-03-08,0.0625,0.609
1993-03-09,0.0663,0.6128
1993-03-10,0.069,0.6155
1993-03-11,0.0702,0.6167
1993-03-12,0.0698,0.6163000000000001
1993-03-13,0.068,0.6145
1993-03-14,0.06520000000000001,0.6117
1993-03-15,0.062400000000000004,0.6089
1993-03-16,0.0601,0.6066
1993-03-17,0.058800000000000005,0.6053000000000001
1993-03-18,0.0589,0.6054
1993-03-19,0.060000000000000005,0.6065
1993-03-20,0.061500000000000006,0.608
1993-03-21,0.0631,0.6096
1993-03-22,0.0639,0.6104
1993-03-23,0.06380000000000001,0.6103000000000001
1993-03-24,0.0627,0.6092000000000001
1993-03-25,0.061200000000000004,0.6077
1993-03-26,0.059800000000000006,0.6063000000000001
1993-03-27,0.059300000000000005,0.6058
1993-03-28,0.060200000000000004,0.6067
1993-03-29,0.0623,0.6088
1993-03-30,0.065,0.6115
1993-03-31,0.0673,0.6138
1993-04-01,0.0682,0.6147
1993-04-02,0.06760000000000001,0.6141
1993-04-03,0.0654,0.6119
1993-04-04,0.0623,0.6088
1993-04-05,0.0591,0.6056
1993-04-06,0.056400000000000006,0.6029
1993-04-07,0.055,0.6015
1993-04-08,0.0555,0.602
1993-04-09,0.0579,0.6044
1993-04-10,0.062200000000000005,0.6087
1993-04-11,0.068,0.6145
1993-04-12,0.0748,0.6213000000000001
1993-04-13,0.0821,0.6286
1993-04-14,0.08950000000000001,0.636
1993-04-15,0.09630000000000001,0.6428
1993-04-16,0.10210000000000001,0.6486000000000001
1993-04-17,0.1071,0.6536000000000001
1993-04-18,0.1116,0.6581
1993-04-19,0.11570000000000001,0.6622
1993-04-20,0.1199,0.6664
1993-04-21,0.1245,0.671
1993-04-22,0.1293,0.6758000000000001
1993-04-23,0.134,0.6805
1993-04-24,0.138,0.6845
1993-04-25,0.1408,0.6873
1993-04-26,0.1421,0.6886
1993-04-27,0.1418,0.6883
1993-04-28,0.1404,0.6869000000000001
1993-04-29,0.138,0.6845
1993-04-30,0.13540000000000002,0.6819000000000001
1993-05-01,0.1333,0.6798000000000001
1993-05-02,0.1318,0.6783
1993-05-03,0.131,0.6775
1993-05-04,0.13090000000000002,0.6774
1993-05-05,0.13040000000000002,0.6769000000000001
1993-05-06,0.12940000000000002,0.6759000000000001
1993-05-07,0.1273,0.6738000000000001
1993-05-08,0.1241,0.6706000000000001
1993-05-09,0.12000000000000001,0.6665
1993-05-10,0.1154,0.6619
1993-05-11,0.1105,0.657
1993-05-12,0.10590000000000001,0.6524
1993-05-13,0.1017,0.6482
1993-05-14,0.0984,0.6449
1993-05-15,0.09670000000000001,0.6432
1993-05-16,0.0965,0.643
1993-05-17,0.0984,0.6449
1993-05-18,0.1014,0.6479
1993-05-19,0.1052,0.6517000000000001
1993-05-20,0.10880000000000001,0.6553
1993-05-21,0.1114,0.6579
1993-05-22,0.11220000000000001,0.6587000000000001
1993-05-23,0.1111,0.6576000000000001
1993-05-24,0.1081,0.6546000000000001
1993-05-25,0.1047,0.6512
1993-05-26,0.1017,0.6482
1993-05-27,0.1004,0.6469
1993-05-28,0.10110000000000001,0.6476000000000001
1993-05-29,0.1039,0.6504
1993-05-30,0.1081,0.6546000000000001
1993-05-31,0.1119,0.6584
1993-06-01,0.1144,0.6609
1993-06-02,0.1143,0.6608
1993-06-03,0.1111,0.6576000000000001
1993-06-04,0.10550000000000001,0.652
1993-06-05,0.09820000000000001,0.6447
1993-06-06,0.09050000000000001,0.637
1993-06-07,0.0834,0.6299
1993-06-08,0.07740000000000001,0.6239
1993-06-09,0.0731,0.6196
1993-06-10,0.0702,0.6167
1993-06-11,0.0685,0.615
1993-06-12,0.06720000000000001,0.6137
1993-06-13,0.066,0.6125
1993-06-14,0.0644,0.6109
1993-06-15,0.0621,0.6086
1993-06-16,0.0594,0.6059
1993-06-17,0.057,0.6035
1993-06-18,0.0555,0.602
1993-06-19,0.055200000000000006,0.6017
1993-06-20,0.056100000000000004,0.6026
1993-06-21,0.0579,0.6044
1993-06-22,0.059800000000000006,0.6063000000000001
1993-06-23,0.0611,0.6076
1993-06-24,0.061200000000000004,0.6077
1993-06-25,0.059500000000000004,0.606
1993-06-26,0.0565,0.603
1993-06-27,0.0523,0.5988
1993-06-28,0.0478,0.5943
1993-06-29,0.0434,0.5899
1993-06-30,0.0398,0.5863
1993-07-01,0.0367,0.5832
1993-07-02,0.0341,0.5806
1993-07-03,0.031,0.5775
1993-07-04,0.0268,0.5733
1993-07-05,0.020900000000000002,0.5674
1993-07-06,0.0134,0.5599000000000001
1993-07-07,0.0047,0.5512
1993-07-08,-0.004200000000000001,0.5423
1993-07-09,-0.012400000000000001,0.5341
1993-07-10,-0.019,0.5275000000000001
1993-07-11,-0.0233,0.5232
1993-07-12,-0.025400000000000002,0.5211
1993-07-13,-0.0256,0.5209
1993-07-14,-0.0244,0.5221
1993-07-15,-0.022600000000000002,0.5239
1993-07-16,-0.020900000000000002,0.5256000000000001
1993-07-17,-0.020300000000000002,0.5262
1993-07-18,-0.0213,0.5252
1993-07-19,-0.0238,0.5227
1993-07-20,-0.0274,0.5191
1993-07-21,-0.031400000000000004,0.5151
1993-07-22,-0.035,0.5115000000000001
1993-07-23,-0.0379,0.5086
1993-07-24,-0.0395,0.507
1993-07-25,-0.0398,0.5067
1993-07-26,-0.038700000000000005,0.5078
1993-07-27,-0.0368,0.5097
1993-07-28,-0.0344,0.5121
1993-07-29,-0.0323,0.5142
1993-07-30,-0.031200000000000002,0.5153
1993-07-31,-0.0315,0.515
1993-08-01,-0.0327,0.5138
1993-08-02,-0.034300000000000004,0.5122
1993-08-03,-0.0352,0.5113
1993-08-04,-0.0347,0.5118
1993-08-05,-0.0329,0.5136000000000001
1993-08-06,-0.0302,0.5163
1993-08-07,-0.027,0.5195000000000001
1993-08-08,-0.0241,0.5224
1993-08-09,-0.0216,0.5249
1993-08-10,-0.0198,0.5267000000000001
1993-08-11,-0.0189,0.5276000000000001
1993-08-12,-0.018600000000000002,0.5279
1993-08-13,-0.0198,0.5267000000000001
1993-08-14,-0.0223,0.5242
1993-08-15,-0.0264,0.5201
1993-08-16,-0.032,0.5145000000000001
1993-08-17,-0.038200000000000005,0.5083
1993-08-18,-0.0442,0.5023
1993-08-19,-0.049,0.4975
1993-08-20,-0.0516,0.4949
1993-08-21,-0.051300000000000005,0.49520000000000003
1993-08-22,-0.0482,0.4983
1993-08-23,-0.0427,0.5038
1993-08-24,-0.036000000000000004,0.5105000000000001
1993-08-25,-0.029400000000000003,0.5171
1993-08-26,-0.0247,0.5218
1993-08-27,-0.022600000000000002,0.5239
1993-08-28,-0.0236,0.5229
1993-08-29,-0.027,0.5195000000000001
1993-08-30,-0.031900000000000005,0.5146000000000001
1993-08-31,-0.037000000000000005,0.5095000000000001
1993-09-01,-0.041,0.5055000000000001
1993-09-02,-0.0431,0.5034000000000001
1993-09-03,-0.0425,0.504
1993-09-04,-0.0391,0.5074000000000001
1993-09-05,-0.033100000000000004,0.5134000000000001
1993-09-06,-0.0251,0.5214
1993-09-07,-0.0164,0.5301
1993-09-08,-0.0085,0.538
1993-09-09,-0.0029000000000000002,0.5436
1993-09-10,-0.0005,0.546
1993-09-11,-0.0014,0.5451
1993-09-12,-0.005,0.5415
1993-09-13,-0.0102,0.5363
1993-09-14,-0.015700000000000002,0.5308
1993-09-15,-0.0204,0.5261
1993-09-16,-0.023200000000000002,0.5233
1993-09-17,-0.023700000000000002,0.5228
1993-09-18,-0.022000000000000002,0.5245000000000001
1993-09-19,-0.0183,0.5282
1993-09-20,-0.013800000000000002,0.5327000000000001
1993-09-21,-0.0095,0.537
1993-09-22,-0.006200000000000001,0.5403
1993-09-23,-0.0051,0.5414
1993-09-24,-0.006,0.5405
1993-09-25,-0.0088,0.5377000000000001
1993-09-26,-0.0125,0.534
1993-09-27,-0.0162,0.5303
1993-09-28,-0.018600000000000002,0.5279
1993-09-29,-0.019100000000000002,0.5274
1993-09-30,-0.0176,0.5289
1993-10-01,-0.014700000000000001,0.5318
1993-10-02,-0.011300000000000001,0.5352
1993-10-03,-0.0086,0.5379
1993-10-04,-0.007200000000000001,0.5393
1993-10-05,-0.0073,0.5392
1993-10-06,-0.008400000000000001,0.5381
1993-10-07,-0.0099,0.5366000000000001
1993-10-08,-0.0108,0.5357000000000001
1993-10-09,-0.0103,0.5362
1993-10-10,-0.008,0.5385
1993-10-11,-0.0036000000000000003,0.5429
1993-10-12,0.0024000000000000002,0.5489
1993-10-13,0.0097,0.5562
1993-10-14,0.017400000000000002,0.5639000000000001
1993-10-15,0.024800000000000003,0.5713
1993-10-16,0.031100000000000003,0.5776
1993-10-17,0.036000000000000004,0.5825
1993-10-18,0.0393,0.5858
1993-10-19,0.041100000000000005,0.5876
1993-10-20,0.041600000000000005,0.5881000000000001
1993-10-21,0.0414,0.5879
1993-10-22,0.0413,0.5878
1993-10-23,0.0422,0.5887
1993-10-24,0.0444,0.5909
1993-10-25,0.048,0.5945
1993-10-26,0.051800000000000006,0.5983
1993-10-27,0.0546,0.6011000000000001
1993-10-28,0.0551,0.6016
1993-10-29,0.0526,0.5991000000000001
1993-10-30,0.0473,0.5938
1993-10-31,0.04,0.5865
1993-11-01,0.0318,0.5783
1993-11-02,0.024200000000000003,0.5707
1993-11-03,0.018000000000000002,0.5645
1993-11-04,0.0137,0.5602
1993-11-05,0.0109,0.5574
1993-11-06,0.0097,0.5562
1993-11-07,0.0092,0.5557
1993-11-08,0.009300000000000001,0.5558000000000001
1993-11-09,0.0098,0.5563
1993-11-10,0.010700000000000001,0.5572
1993-11-11,0.0118,0.5583
1993-11-12,0.012700000000000001,0.5592
1993-11-13,0.0132,0.5597
1993-11-14,0.012700000000000001,0.5592
1993-11-15,0.0112,0.5577
1993-11-16,0.008700000000000001,0.5552
1993-11-17,0.0059,0.5524
1993-11-18,0.0034000000000000002,0.5499
1993-11-19,0.002,0.5485
1993-11-20,0.0021000000000000003,0.5486
1993-11-21,0.0039000000000000003,0.5504
1993-11-22,0.0064,0.5529000000000001
1993-11-23,0.0088,0.5553
1993-11-24,0.0099,0.5564
1993-11-25,0.0092,0.5557
1993-11-26,0.0063,0.5528000000000001
1993-11-27,0.0021000000000000003,0.5486
1993-11-28,-0.0026000000000000003,0.5439
1993-11-29,-0.0067,0.5398000000000001
1993-11-30,-0.0094,0.5371
1993-12-01,-0.0102,0.5363
1993-12-02,-0.0095,0.537
1993-12-03,-0.0082,0.5383
1993-12-04,-0.0067,0.5398000000000001
1993-12-05,-0.006,0.5405
1993-12-06,-0.0063,0.5402
1993-12-07,-0.007200000000000001,0.5393
1993-12-08,-0.0085,0.538
1993-12-09,-0.009600000000000001,0.5369
1993-12-10,-0.0097,0.5368
1993-12-11,-0.008400000000000001,0.5381
1993-12-12,-0.0051,0.5414
1993-12-13,0.0002,0.5467000000000001
1993-12-14,0.0071,0.5536
1993-12-15,0.015300000000000001,0.5618000000000001
1993-12-16,0.024300000000000002,0.5708
1993-12-17,0.0335,0.5800000000000001
1993-12-18,0.0419,0.5884
1993-12-19,0.049100000000000005,0.5956
1993-12-20,0.054400000000000004,0.6009
1993-12-21,0.057600000000000005,0.6041000000000001
1993-12-22,0.0587,0.6052000000000001
1993-12-23,0.0579,0.6044
1993-12-24,0.056100000000000004,0.6026
1993-12-25,0.054,0.6005
1993-12-26,0.0521,0.5986
1993-12-27,0.051000000000000004,0.5975
1993-12-28,0.0504,0.5969
1993-12-29,0.0499,0.5964
1993-12-30,0.0489,0.5954
1993-12-31,0.046900000000000004,0.5934
1994-01-01,0.0439,0.5904
1994-01-02,0.04,0.5865
1994-01-03,0.036000000000000004,0.5825
1994-01-04,0.0325,0.5790000000000001
1994-01-05,0.0304,0.5769000000000001
1994-01-06,0.029400000000000003,0.5759000000000001
1994-01-07,0.029400000000000003,0.5759000000000001
1994-01-08,0.029400000000000003,0.5759000000000001
1994-01-09,0.0286,0.5751000000000001
1994-01-10,0.0261,0.5726
1994-01-11,0.0217,0.5682
1994-01-12,0.015600000000000001,0.5621
1994-01-13,0.0088,0.5553
1994-01-14,0.0024000000000000002,0.5489
1994-01-15,-0.0024000000000000002,0.5441
1994-01-16,-0.0048000000000000004,0.5417000000000001
1994-01-17,-0.005,0.5415
1994-01-18,-0.0037,0.5428000000000001
1994-01-19,-0.0019,0.5446
1994-01-20,-0.0009000000000000001,0.5456
1994-01-21,-0.0013000000000000002,0.5452
1994-01-22,-0.0037,0.5428000000000001
1994-01-23,-0.0078000000000000005,0.5387000000000001
1994-01-24,-0.013000000000000001,0.5335
1994-01-25,-0.0184,0.5281
1994-01-26,-0.023,0.5235000000000001
1994-01-27,-0.0262,0.5203
1994-01-28,-0.0275,0.519
1994-01-29,-0.027100000000000003,0.5194
1994-01-30,-0.0252,0.5213
1994-01-31,-0.022600000000000002,0.5239
1994-02-01,-0.0198,0.5267000000000001
1994-02-02,-0.017400000000000002,0.5291
1994-02-03,-0.0155,0.531
1994-02-04,-0.014100000000000001,0.5324
1994-02-05,-0.0132,0.5333
1994-02-06,-0.012400000000000001,0.5341
1994-02-07,-0.0122,0.5343
1994-02-08,-0.0125,0.534
1994-02-09,-0.013300000000000001,0.5332
1994-02-10,-0.014700000000000001,0.5318
1994-02-11,-0.0164,0.5301
1994-02-12,-0.018600000000000002,0.5279
1994-02-13,-0.020900000000000002,0.5256000000000001
1994-02-14,-0.0233,0.5232
1994-02-15,-0.025400000000000002,0.5211
1994-02-16,-0.027,0.5195000000000001
1994-02-17,-0.028,0.5185000000000001
1994-02-18,-0.0281,0.5184
1994-02-19,-0.0274,0.5191
1994-02-20,-0.025900000000000003,0.5206000000000001
1994-02-21,-0.0238,0.5227
1994-02-22,-0.0216,0.5249
1994-02-23,-0.019700000000000002,0.5268
1994-02-24,-0.0187,0.5278
1994-02-25,-0.0188,0.5277000000000001
1994-02-26,-0.020300000000000002,0.5262
1994-02-27,-0.0229,0.5236000000000001
1994-02-28,-0.0263,0.5202
1994-03-01,-0.029900000000000003,0.5166000000000001
1994-03-02,-0.0329,0.5136000000000001
1994-03-03,-0.035,0.5115000000000001
1994-03-04,-0.0358,0.5107
1994-03-05,-0.0354,0.5111
1994-03-06,-0.0344,0.5121
1994-03-07,-0.0333,0.5132
1994-03-08,-0.0329,0.5136000000000001
1994-03-09,-0.033800000000000004,0.5127
1994-03-10,-0.036500000000000005,0.51
1994-03-11,-0.0407,0.5058
1994-03-12,-0.0461,0.5004000000000001
1994-03-13,-0.051800000000000006,0.49470000000000003
1994-03-14,-0.057,0.48950000000000005
1994-03-15,-0.0606,0.4859
1994-03-16,-0.062200000000000005,0.4843
1994-03-17,-0.0614,0.48510000000000003
1994-03-18,-0.058600000000000006,0.4879
1994-03-19,-0.0539,0.49260000000000004
1994-03-20,-0.0483,0.49820000000000003
1994-03-21,-0.0432,0.5033
1994-03-22,-0.0397,0.5068
1994-03-23,-0.038400000000000004,0.5081
1994-03-24,-0.0397,0.5068
1994-03-25,-0.043500000000000004,0.503
1994-03-26,-0.0489,0.49760000000000004
1994-03-27,-0.054900000000000004,0.49160000000000004
1994-03-28,-0.0606,0.4859
1994-03-29,-0.06520000000000001,0.4813
1994-03-30,-0.0683,0.4782
1994-03-31,-0.06960000000000001,0.47690000000000005
1994-04-01,-0.0693,0.4772
1994-04-02,-0.06760000000000001,0.47890000000000005
1994-04-03,-0.0651,0.48140000000000005
1994-04-04,-0.0616,0.4849
1994-04-05,-0.0579,0.48860000000000003
1994-04-06,-0.054,0.49250000000000005
1994-04-07,-0.0499,0.49660000000000004
1994-04-08,-0.0461,0.5004000000000001
1994-04-09,-0.0426,0.5039
1994-04-10,-0.039900000000000005,0.5066
1994-04-11,-0.0383,0.5082
1994-04-12,-0.0379,0.5086
1994-04-13,-0.0385,0.508
1994-04-14,-0.0395,0.507
1994-04-15,-0.0403,0.5062
1994-04-16,-0.040100000000000004,0.5064000000000001
1994-04-17,-0.038700000000000005,0.5078
1994-04-18,-0.0357,0.5108
1994-04-19,-0.031900000000000005,0.5146000000000001
1994-04-20,-0.0275,0.519
1994-04-21,-0.0233,0.5232
1994-04-22,-0.0196,0.5269
1994-04-23,-0.0165,0.53
1994-04-24,-0.014,0.5325
1994-04-25,-0.0118,0.5347000000000001
1994-04-26,-0.0094,0.5371
1994-04-27,-0.0066,0.5399
1994-04-28,-0.0037,0.5428000000000001
1994-04-29,-0.0011,0.5454
1994-04-30,0.0007,0.5472
1994-05-01,0.0011,0.5476
1994-05-02,0.0002,0.5467000000000001
1994-05-03,-0.0019,0.5446
1994-05-04,-0.004200000000000001,0.5423
1994-05-05,-0.0059,0.5406000000000001
1994-05-06,-0.0064,0.5401
1994-05-07,-0.0053,0.5412
1994-05-08,-0.0026000000000000003,0.5439
1994-05-09,0.0008,0.5473
1994-05-10,0.0046,0.5511
1994-05-11,0.0079,0.5544
1994-05-12,0.0106,0.5571
1994-05-13,0.0128,0.5593
1994-05-14,0.0148,0.5613
1994-05-15,0.016900000000000002,0.5634
1994-05-16,0.019100000000000002,0.5656
1994-05-17,0.021,0.5675
1994-05-18,0.0219,0.5684
1994-05-19,0.021500000000000002,0.5680000000000001
1994-05-20,0.0201,0.5666
1994-05-21,0.0178,0.5643
1994-05-22,0.0158,0.5623
1994-05-23,0.0145,0.561
1994-05-24,0.015000000000000001,0.5615
1994-05-25,0.016900000000000002,0.5634
1994-05-26,0.0199,0.5664
1994-05-27,0.0227,0.5692
1994-05-28,0.0245,0.5710000000000001
1994-05-29,0.0245,0.5710000000000001
1994-05-30,0.023,0.5695
1994-05-31,0.020200000000000003,0.5667
1994-06-01,0.017,0.5635
1994-06-02,0.014,0.5605
1994-06-03,0.0118,0.5583
1994-06-04,0.010700000000000001,0.5572
1994-06-05,0.011300000000000001,0.5578000000000001
1994-06-06,0.013300000000000001,0.5598000000000001
1994-06-07,0.0166,0.5631
1994-06-08,0.0205,0.5670000000000001
1994-06-09,0.0241,0.5706
1994-06-10,0.027,0.5735
1994-06-11,0.028800000000000003,0.5753
1994-06-12,0.0304,0.5769000000000001
1994-06-13,0.032,0.5785
1994-06-14,0.0344,0.5809000000000001
1994-06-15,0.0379,0.5844
1994-06-16,0.042,0.5885
1994-06-17,0.046200000000000005,0.5927
1994-06-18,0.0499,0.5964
1994-06-19,0.0524,0.5989
1994-06-20,0.053200000000000004,0.5997
1994-06-21,0.0526,0.5991000000000001
1994-06-22,0.0506,0.5971000000000001
1994-06-23,0.0475,0.5940000000000001
1994-06-24,0.0439,0.5904
1994-06-25,0.040100000000000004,0.5866
1994-06-26,0.0366,0.5831000000000001
1994-06-27,0.0334,0.5799000000000001
1994-06-28,0.0303,0.5768
1994-06-29,0.027200000000000002,0.5737
1994-06-30,0.0241,0.5706
1994-07-01,0.021400000000000002,0.5679000000000001
1994-07-02,0.0187,0.5652
1994-07-03,0.016300000000000002,0.5628000000000001
1994-07-04,0.013900000000000001,0.5604
1994-07-05,0.0117,0.5582
1994-07-06,0.0095,0.556
1994-07-07,0.007200000000000001,0.5537000000000001
1994-07-08,0.0048000000000000004,0.5513
1994-07-09,0.002,0.5485
1994-07-10,-0.0014,0.5451
1994-07-11,-0.0053,0.5412
1994-07-12,-0.0098,0.5367000000000001
1994-07-13,-0.0142,0.5323
1994-07-14,-0.0181,0.5284
1994-07-15,-0.020900000000000002,0.5256000000000001
1994-07-16,-0.0219,0.5246000000000001
1994-07-17,-0.0211,0.5254
1994-07-18,-0.0187,0.5278
1994-07-19,-0.015300000000000001,0.5312
1994-07-20,-0.0119,0.5346000000000001
1994-07-21,-0.0094,0.5371
1994-07-22,-0.008700000000000001,0.5378000000000001
1994-07-23,-0.0097,0.5368
1994-07-24,-0.012700000000000001,0.5338
1994-07-25,-0.016900000000000002,0.5296000000000001
1994-07-26,-0.0219,0.5246000000000001
1994-07-27,-0.0267,0.5198
1994-07-28,-0.0309,0.5156000000000001
1994-07-29,-0.0344,0.5121
1994-07-30,-0.0373,0.5092
1994-07-31,-0.0403,0.5062
1994-08-01,-0.0438,0.5027
1994-08-02,-0.0482,0.4983
1994-08-03,-0.0529,0.49360000000000004
1994-08-04,-0.0574,0.48910000000000003
1994-08-05,-0.0609,0.48560000000000003
1994-08-06,-0.0625,0.48400000000000004
1994-08-07,-0.061900000000000004,0.48460000000000003
1994-08-08,-0.0591,0.4874
1994-08-09,-0.054200000000000005,0.4923
1994-08-10,-0.0485,0.498
1994-08-11,-0.0427,0.5038
1994-08-12,-0.038,0.5085000000000001
1994-08-13,-0.034800000000000005,0.5117
1994-08-14,-0.0332,0.5133
1994-08-15,-0.0329,0.5136000000000001
1994-08-16,-0.0334,0.5131
1994-08-17,-0.0339,0.5126000000000001
1994-08-18,-0.0337,0.5128
1994-08-19,-0.032600000000000004,0.5139
1994-08-20,-0.0307,0.5158
1994-08-21,-0.028900000000000002,0.5176000000000001
1994-08-22,-0.0279,0.5186000000000001
1994-08-23,-0.0287,0.5178
1994-08-24,-0.031400000000000004,0.5151
1994-08-25,-0.0357,0.5108
1994-08-26,-0.041100000000000005,0.5054000000000001
1994-08-27,-0.0461,0.5004000000000001
1994-08-28,-0.0499,0.49660000000000004
1994-08-29,-0.0512,0.4953
1994-08-30,-0.0497,0.4968
1994-08-31,-0.0455,0.501
1994-09-01,-0.0393,0.5072
1994-09-02,-0.032100000000000004,0.5144000000000001
1994-09-03,-0.024800000000000003,0.5217
1994-09-04,-0.0187,0.5278
1994-09-05,-0.014100000000000001,0.5324
1994-09-06,-0.011300000000000001,0.5352
1994-09-07,-0.0103,0.5362
1994-09-08,-0.0105,0.536
1994-09-09,-0.0111,0.5354
1994-09-10,-0.0114,0.5351
1994-09-11,-0.0108,0.5357000000000001
1994-09-12,-0.0092,0.5373
1994-09-13,-0.006500000000000001,0.54
1994-09-14,-0.0035,0.543
1994-09-15,-0.0006000000000000001,0.5459
1994-09-16,0.0014,0.5479
1994-09-17,0.0023,0.5488000000000001
1994-09-18,0.0019,0.5484
1994-09-19,0.0005,0.547
1994-09-20,-0.0012000000000000001,0.5453
1994-09-21,-0.0029000000000000002,0.5436
1994-09-22,-0.0037,0.5428000000000001
1994-09-23,-0.0036000000000000003,0.5429
1994-09-24,-0.0024000000000000002,0.5441
1994-09-25,-0.0002,0.5463
1994-09-26,0.0026000000000000003,0.5491
1994-09-27,0.0056,0.5521
1994-09-28,0.008700000000000001,0.5552
1994-09-29,0.0115,0.558
1994-09-30,0.0137,0.5602
1994-10-01,0.015000000000000001,0.5615
1994-10-02,0.0155,0.562
1994-10-03,0.0151,0.5616
1994-10-04,0.0143,0.5608000000000001
1994-10-05,0.013300000000000001,0.5598000000000001
1994-10-06,0.012400000000000001,0.5589000000000001
1994-10-07,0.012,0.5585
1994-10-08,0.0125,0.559
1994-10-09,0.013900000000000001,0.5604
1994-10-10,0.0162,0.5627
1994-10-11,0.0195,0.5660000000000001
1994-10-12,0.0233,0.5698
1994-10-13,0.0273,0.5738
1994-10-14,0.031200000000000002,0.5777
1994-10-15,0.0349,0.5814
1994-10-16,0.0383,0.5848
1994-10-17,0.0413,0.5878
1994-10-18,0.044000000000000004,0.5905
1994-10-19,0.046200000000000005,0.5927
1994-10-20,0.0483,0.5948
1994-10-21,0.0505,0.597
1994-10-22,0.053500000000000006,0.6
1994-10-23,0.0574,0.6039
1994-10-24,0.0621,0.6086
1994-10-25,0.0674,0.6139
1994-10-26,0.0724,0.6189
1994-10-27,0.07640000000000001,0.6229
1994-10-28,0.0792,0.6257
1994-10-29,0.08030000000000001,0.6268
1994-10-30,0.08,0.6265000000000001
1994-10-31,0.0791,0.6256
1994-11-01,0.078,0.6245
1994-11-02,0.07730000000000001,0.6238
1994-11-03,0.07740000000000001,0.6239
1994-11-04,0.07880000000000001,0.6253000000000001
1994-11-05,0.0813,0.6278
1994-11-06,0.0848,0.6313000000000001
1994-11-07,0.0886,0.6351
1994-11-08,0.09240000000000001,0.6389
1994-11-09,0.09570000000000001,0.6422
1994-11-10,0.099,0.6455000000000001
1994-11-11,0.1022,0.6487
1994-11-12,0.10550000000000001,0.652
1994-11-13,0.1087,0.6552
1994-11-14,0.1109,0.6574
1994-11-15,0.112,0.6585000000000001
1994-11-16,0.11170000000000001,0.6582
1994-11-17,0.1105,0.657
1994-11-18,0.1091,0.6556000000000001
1994-11-19,0.1085,0.655
1994-11-20,0.10990000000000001,0.6564
1994-11-21,0.1136,0.6601
1994-11-22,0.1192,0.6657000000000001
1994-11-23,0.1258,0.6723
1994-11-24,0.13190000000000002,0.6784
1994-11-25,0.1361,0.6826
1994-11-26,0.1375,0.684
1994-11-27,0.1363,0.6828000000000001
1994-11-28,0.13290000000000002,0.6794
1994-11-29,0.12860000000000002,0.6751
1994-11-30,0.12440000000000001,0.6709
1994-12-01,0.1212,0.6677000000000001
1994-12-02,0.1192,0.6657000000000001
1994-12-03,0.1183,0.6648000000000001
1994-12-04,0.1178,0.6643
1994-12-05,0.11720000000000001,0.6637000000000001
1994-12-06,0.11570000000000001,0.6622
1994-12-07,0.11330000000000001,0.6598
1994-12-08,0.11,0.6565000000000001
1994-12-09,0.10600000000000001,0.6525000000000001
1994-12-10,0.10210000000000001,0.6486000000000001
1994-12-11,0.09870000000000001,0.6452
1994-12-12,0.0961,0.6426000000000001
1994-12-13,0.0949,0.6414000000000001
1994-12-14,0.0946,0.6411
1994-12-15,0.095,0.6415000000000001
1994-12-16,0.09580000000000001,0.6423
1994-12-17,0.0969,0.6434000000000001
1994-12-18,0.0983,0.6448
1994-12-19,0.1003,0.6468
1994-12-20,0.1029,0.6494
1994-12-21,0.1062,0.6527000000000001
1994-12-22,0.1101,0.6566000000000001
1994-12-23,0.114,0.6605000000000001
1994-12-24,0.1178,0.6643
1994-12-25,0.1208,0.6673
1994-12-26,0.1231,0.6696000000000001
1994-12-27,0.1246,0.6711
1994-12-28,0.1253,0.6718000000000001
1994-12-29,0.1254,0.6719
1994-12-30,0.12490000000000001,0.6714
1994-12-31,0.1231,0.6696000000000001
1995-01-01,0.1199,0.6664
1995-01-02,0.11460000000000001,0.6611
1995-01-03,0.1073,0.6538
1995-01-04,0.0984,0.6449
1995-01-05,0.0887,0.6352
1995-01-06,0.0794,0.6259
1995-01-07,0.0717,0.6182000000000001
1995-01-08,0.0663,0.6128
1995-01-09,0.0634,0.6099
1995-01-10,0.0626,0.6091
1995-01-11,0.0629,0.6094
1995-01-12,0.06330000000000001,0.6098
1995-01-13,0.0632,0.6097
1995-01-14,0.0618,0.6083000000000001
1995-01-15,0.0591,0.6056
1995-01-16,0.055400000000000005,0.6019
1995-01-17,0.0516,0.5981000000000001
1995-01-18,0.0487,0.5952000000000001
1995-01-19,0.0476,0.5941000000000001
1995-01-20,0.049,0.5955
1995-01-21,0.052700000000000004,0.5992000000000001
1995-01-22,0.058,0.6045
1995-01-23,0.0641,0.6106
1995-01-24,0.07,0.6165
1995-01-25,0.0751,0.6216
1995-01-26,0.0785,0.625
1995-01-27,0.08070000000000001,0.6272
1995-01-28,0.0823,0.6288
1995-01-29,0.08360000000000001,0.6301
1995-01-30,0.0853,0.6318
1995-01-31,0.0874,0.6339
1995-02-01,0.08950000000000001,0.636
1995-02-02,0.09140000000000001,0.6379
1995-02-03,0.09240000000000001,0.6389
1995-02-04,0.0925,0.639
1995-02-05,0.0918,0.6383
1995-02-06,0.091,0.6375000000000001
1995-02-07,0.0903,0.6368
1995-02-08,0.0906,0.6371
1995-02-09,0.0915,0.638
1995-02-10,0.09280000000000001,0.6393
1995-02-11,0.09390000000000001,0.6404000000000001
1995-02-12,0.0937,0.6402
1995-02-13,0.0915,0.638
1995-02-14,0.08750000000000001,0.634
1995-02-15,0.0816,0.6281
1995-02-16,0.07490000000000001,0.6214000000000001
1995-02-17,0.0678,0.6143000000000001
1995-02-18,0.0608,0.6073000000000001
1995-02-19,0.054400000000000004,0.6009
1995-02-20,0.048400000000000006,0.5949
1995-02-21,0.043000000000000003,0.5895
1995-02-22,0.0379,0.5844
1995-02-23,0.033100000000000004,0.5796
1995-02-24,0.0284,0.5749000000000001
1995-02-25,0.0239,0.5704
1995-02-26,0.0195,0.5660000000000001
1995-02-27,0.0154,0.5619000000000001
1995-02-28,0.011600000000000001,0.5581
1995-03-01,0.008400000000000001,0.5549000000000001
1995-03-02,0.0059,0.5524
1995-03-03,0.0043,0.5508000000000001
1995-03-04,0.0038,0.5503
1995-03-05,0.0039000000000000003,0.5504
1995-03-06,0.0038,0.5503
1995-03-07,0.0029000000000000002,0.5494
1995-03-08,0.0009000000000000001,0.5474
1995-03-09,-0.0022,0.5443
1995-03-10,-0.006,0.5405
1995-03-11,-0.01,0.5365
1995-03-12,-0.0134,0.5331
1995-03-13,-0.016,0.5305
1995-03-14,-0.0177,0.5288
1995-03-15,-0.019100000000000002,0.5274
1995-03-16,-0.0213,0.5252
1995-03-17,-0.025500000000000002,0.521
1995-03-18,-0.032,0.5145000000000001
1995-03-19,-0.0408,0.5057
1995-03-20,-0.0511,0.4954
1995-03-21,-0.0614,0.48510000000000003
1995-03-22,-0.0699,0.4766
1995-03-23,-0.07490000000000001,0.4716
1995-03-24,-0.0758,0.4707
1995-03-25,-0.0729,0.4736
1995-03-26,-0.06770000000000001,0.4788
1995-03-27,-0.062,0.48450000000000004
1995-03-28,-0.057800000000000004,0.4887
1995-03-29,-0.056,0.49050000000000005
1995-03-30,-0.057,0.48950000000000005
1995-03-31,-0.0596,0.4869
1995-04-01,-0.0627,0.4838
1995-04-02,-0.065,0.48150000000000004
1995-04-03,-0.0658,0.4807
1995-04-04,-0.0645,0.48200000000000004
1995-04-05,-0.0613,0.4852
1995-04-06,-0.0568,0.4897
1995-04-07,-0.0517,0.4948
1995-04-08,-0.0471,0.4994
1995-04-09,-0.043300000000000005,0.5032
1995-04-10,-0.0409,0.5056
1995-04-11,-0.0395,0.507
1995-04-12,-0.0391,0.5074000000000001
1995-04-13,-0.0398,0.5067
1995-04-14,-0.0415,0.505
1995-04-15,-0.0444,0.5021
1995-04-16,-0.0482,0.4983
1995-04-17,-0.0522,0.4943
1995-04-18,-0.055900000000000005,0.49060000000000004
1995-04-19,-0.0585,0.48800000000000004
1995-04-20,-0.0596,0.4869
1995-04-21,-0.058800000000000005,0.4877
1995-04-22,-0.056100000000000004,0.4904
1995-04-23,-0.051800000000000006,0.49470000000000003
1995-04-24,-0.046400000000000004,0.5001
1995-04-25,-0.0409,0.5056
1995-04-26,-0.036000000000000004,0.5105000000000001
1995-04-27,-0.0328,0.5137
1995-04-28,-0.031100000000000003,0.5154
1995-04-29,-0.031200000000000002,0.5153
1995-04-30,-0.0325,0.514
1995-05-01,-0.0342,0.5123
1995-05-02,-0.036000000000000004,0.5105000000000001
1995-05-03,-0.0376,0.5089
1995-05-04,-0.0388,0.5077
1995-05-05,-0.0397,0.5068
1995-05-06,-0.0402,0.5063
1995-05-07,-0.040600000000000004,0.5059
1995-05-08,-0.0412,0.5053
1995-05-09,-0.041800000000000004,0.5047
1995-05-10,-0.0429,0.5036
1995-05-11,-0.044500000000000005,0.502
1995-05-12,-0.046700000000000005,0.4998
1995-05-13,-0.049300000000000004,0.49720000000000003
1995-05-14,-0.052000000000000005,0.49450000000000005
1995-05-15,-0.0538,0.4927
1995-05-16,-0.0543,0.4922
1995-05-17,-0.0526,0.4939
1995-05-18,-0.048600000000000004,0.4979
1995-05-19,-0.0427,0.5038
1995-05-20,-0.0358,0.5107
1995-05-21,-0.0291,0.5174
1995-05-22,-0.0234,0.5231
1995-05-23,-0.0195,0.527
1995-05-24,-0.0173,0.5292
1995-05-25,-0.0166,0.5299
1995-05-26,-0.0167,0.5298
1995-05-27,-0.017,0.5295
1995-05-28,-0.016800000000000002,0.5297000000000001
1995-05-29,-0.0159,0.5306000000000001
1995-05-30,-0.014100000000000001,0.5324
1995-05-31,-0.011300000000000001,0.5352
1995-06-01,-0.0074,0.5391
1995-06-02,-0.0026000000000000003,0.5439
1995-06-03,0.0027,0.5492
1995-06-04,0.0079,0.5544
1995-06-05,0.0122,0.5587
1995-06-06,0.0148,0.5613
1995-06-07,0.015700000000000002,0.5622
1995-06-08,0.015300000000000001,0.5618000000000001
1995-06-09,0.0145,0.561
1995-06-10,0.0143,0.5608000000000001
1995-06-11,0.015600000000000001,0.5621
1995-06-12,0.019,0.5655
1995-06-13,0.0241,0.5706
1995-06-14,0.0298,0.5763
1995-06-15,0.0346,0.5811000000000001
1995-06-16,0.0373,0.5838
1995-06-17,0.037000000000000005,0.5835
1995-06-18,0.0339,0.5804
1995-06-19,0.029,0.5755
1995-06-20,0.023200000000000002,0.5697
1995-06-21,0.0175,0.5640000000000001
1995-06-22,0.0129,0.5594
1995-06-23,0.009600000000000001,0.5561
1995-06-24,0.008,0.5545
1995-06-25,0.0077,0.5542
1995-06-26,0.0081,0.5546
1995-06-27,0.0085,0.555
1995-06-28,0.0081,0.5546
1995-06-29,0.0068000000000000005,0.5533
1995-06-30,0.0047,0.5512
1995-07-01,0.002,0.5485
1995-07-02,-0.0008,0.5457000000000001
1995-07-03,-0.003,0.5435
1995-07-04,-0.0043,0.5422
1995-07-05,-0.0045000000000000005,0.542
1995-07-06,-0.0037,0.5428000000000001
1995-07-07,-0.0018000000000000002,0.5447000000000001
1995-07-08,0.0007,0.5472
1995-07-09,0.0033,0.5498000000000001
1995-07-10,0.0058000000000000005,0.5523
1995-07-11,0.0077,0.5542
1995-07-12,0.0091,0.5556
1995-07-13,0.0099,0.5564
1995-07-14,0.010100000000000001,0.5566
1995-07-15,0.0098,0.5563
1995-07-16,0.009000000000000001,0.5555
1995-07-17,0.0074,0.5539000000000001
1995-07-18,0.0054,0.5519000000000001
1995-07-19,0.0032,0.5497000000000001
1995-07-20,0.001,0.5475
1995-07-21,-0.0008,0.5457000000000001
1995-07-22,-0.002,0.5445
1995-07-23,-0.0025,0.544
1995-07-24,-0.0024000000000000002,0.5441
1995-07-25,-0.0023,0.5442
1995-07-26,-0.0027,0.5438000000000001
1995-07-27,-0.004,0.5425
1995-07-28,-0.0067,0.5398000000000001
1995-07-29,-0.0105,0.536
1995-07-30,-0.015300000000000001,0.5312
1995-07-31,-0.020300000000000002,0.5262
1995-08-01,-0.0253,0.5212
1995-08-02,-0.0298,0.5167
1995-08-03,-0.034,0.5125000000000001
1995-08-04,-0.0381,0.5084000000000001
1995-08-05,-0.042100000000000005,0.5044000000000001
1995-08-06,-0.046200000000000005,0.5003000000000001
1995-08-07,-0.0504,0.49610000000000004
1995-08-08,-0.054400000000000004,0.49210000000000004
1995-08-09,-0.0582,0.4883
1995-08-10,-0.061500000000000006,0.48500000000000004
1995-08-11,-0.064,0.48250000000000004
1995-08-12,-0.0654,0.4811
1995-08-13,-0.06520000000000001,0.4813
1995-08-14,-0.06380000000000001,0.4827
1995-08-15,-0.061500000000000006,0.48500000000000004
1995-08-16,-0.0592,0.4873
1995-08-17,-0.0574,0.48910000000000003
1995-08-18,-0.0568,0.4897
1995-08-19,-0.057300000000000004,0.4892
1995-08-20,-0.058600000000000006,0.4879
1995-08-21,-0.059800000000000006,0.4867
1995-08-22,-0.060500000000000005,0.48600000000000004
1995-08-23,-0.0603,0.4862
1995-08-24,-0.059300000000000005,0.4872
1995-08-25,-0.058,0.48850000000000005
1995-08-26,-0.0568,0.4897
1995-08-27,-0.056100000000000004,0.4904
1995-08-28,-0.055600000000000004,0.4909
1995-08-29,-0.055400000000000005,0.49110000000000004
1995-08-30,-0.0551,0.4914
1995-08-31,-0.0541,0.4924
1995-09-01,-0.0522,0.4943
1995-09-02,-0.0492,0.4973
1995-09-03,-0.0451,0.5014000000000001
1995-09-04,-0.0407,0.5058
1995-09-05,-0.036500000000000005,0.51
1995-09-06,-0.033,0.5135000000000001
1995-09-07,-0.0307,0.5158
1995-09-08,-0.030000000000000002,0.5165000000000001
1995-09-09,-0.0307,0.5158
1995-09-10,-0.033100000000000004,0.5134000000000001
1995-09-11,-0.0368,0.5097
1995-09-12,-0.0419,0.5046
1995-09-13,-0.0477,0.4988
1995-09-14,-0.0538,0.4927
1995-09-15,-0.0594,0.48710000000000003
1995-09-16,-0.0637,0.4828
1995-09-17,-0.0665,0.48000000000000004
1995-09-18,-0.0675,0.47900000000000004
1995-09-19,-0.0668,0.4797
1995-09-20,-0.065,0.48150000000000004
1995-09-21,-0.062200000000000005,0.4843
1995-09-22,-0.0584,0.48810000000000003
1995-09-23,-0.054,0.49250000000000005
1995-09-24,-0.049100000000000005,0.4974
1995-09-25,-0.0439,0.5026
1995-09-26,-0.0385,0.508
1995-09-27,-0.033800000000000004,0.5127
1995-09-28,-0.0304,0.5161
1995-09-29,-0.0287,0.5178
1995-09-30,-0.028900000000000002,0.5176000000000001
1995-10-01,-0.031,0.5155000000000001
1995-10-02,-0.0345,0.512
1995-10-03,-0.0388,0.5077
1995-10-04,-0.0432,0.5033
1995-10-05,-0.047,0.4995
1995-10-06,-0.0497,0.4968
1995-10-07,-0.0507,0.4958
1995-10-08,-0.049800000000000004,0.49670000000000003
1995-10-09,-0.047,0.4995
1995-10-10,-0.0432,0.5033
1995-10-11,-0.0391,0.5074000000000001
1995-10-12,-0.0361,0.5104000000000001
1995-10-13,-0.0349,0.5116
1995-10-14,-0.0357,0.5108
1995-10-15,-0.0388,0.5077
1995-10-16,-0.043500000000000004,0.503
1995-10-17,-0.049100000000000005,0.4974
1995-10-18,-0.054700000000000006,0.4918
1995-10-19,-0.0596,0.4869
1995-10-20,-0.0634,0.48310000000000003
1995-10-21,-0.0658,0.4807
1995-10-22,-0.06670000000000001,0.4798
1995-10-23,-0.066,0.48050000000000004
1995-10-24,-0.06380000000000001,0.4827
1995-10-25,-0.0601,0.4864
1995-10-26,-0.0551,0.4914
1995-10-27,-0.049300000000000004,0.49720000000000003
1995-10-28,-0.0429,0.5036
1995-10-29,-0.0368,0.5097
1995-10-30,-0.0316,0.5149
1995-10-31,-0.0281,0.5184
1995-11-01,-0.026600000000000002,0.5199
1995-11-02,-0.027800000000000002,0.5187
1995-11-03,-0.031200000000000002,0.5153
1995-11-04,-0.0367,0.5098
1995-11-05,-0.0436,0.5029
1995-11-06,-0.050800000000000005,0.49570000000000003
1995-11-07,-0.0572,0.4893
1995-11-08,-0.0616,0.4849
1995-11-09,-0.0634,0.48310000000000003
1995-11-10,-0.0623,0.4842
1995-11-11,-0.059000000000000004,0.48750000000000004
1995-11-12,-0.054400000000000004,0.49210000000000004
1995-11-13,-0.0494,0.49710000000000004
1995-11-14,-0.0451,0.5014000000000001
1995-11-15,-0.042100000000000005,0.5044000000000001
1995-11-16,-0.040600000000000004,0.5059
1995-11-17,-0.0403,0.5062
1995-11-18,-0.0403,0.5062
1995-11-19,-0.0397,0.5068
1995-11-20,-0.0381,0.5084000000000001
1995-11-21,-0.035300000000000005,0.5112
1995-11-22,-0.0316,0.5149
1995-11-23,-0.0275,0.519
1995-11-24,-0.023700000000000002,0.5228
1995-11-25,-0.021,0.5255000000000001
1995-11-26,-0.0195,0.527
1995-11-27,-0.0198,0.5267000000000001
1995-11-28,-0.0217,0.5248
1995-11-29,-0.0246,0.5219
1995-11-30,-0.0285,0.518
1995-12-01,-0.0327,0.5138
1995-12-02,-0.0371,0.5094000000000001
1995-12-03,-0.0413,0.5052
1995-12-04,-0.0453,0.5012
1995-12-05,-0.048600000000000004,0.4979
1995-12-06,-0.0516,0.4949
1995-12-07,-0.054,0.49250000000000005
1995-12-08,-0.0558,0.4907
1995-12-09,-0.057100000000000005,0.4894
1995-12-10,-0.057600000000000005,0.4889
1995-12-11,-0.0572,0.4893
1995-12-12,-0.056100000000000004,0.4904
1995-12-13,-0.054200000000000005,0.4923
1995-12-14,-0.052500000000000005,0.49400000000000005
1995-12-15,-0.0511,0.4954
1995-12-16,-0.0506,0.4959
1995-12-17,-0.0511,0.4954
1995-12-18,-0.0524,0.49410000000000004
1995-12-19,-0.0545,0.49200000000000005
1995-12-20,-0.0572,0.4893
1995-12-21,-0.060200000000000004,0.4863
1995-12-22,-0.0629,0.48360000000000003
1995-12-23,-0.0653,0.4812
1995-12-24,-0.0665,0.48000000000000004
1995-12-25,-0.0661,0.48040000000000005
1995-12-26,-0.0637,0.4828
1995-12-27,-0.059300000000000005,0.4872
1995-12-28,-0.0531,0.4934
1995-12-29,-0.0458,0.5007
1995-12-30,-0.038200000000000005,0.5083
1995-12-31,-0.031100000000000003,0.5154
1996-01-01,-0.025500000000000002,0.521
1996-01-02,-0.021400000000000002,0.5251
1996-01-03,-0.019,0.5275000000000001
1996-01-04,-0.018600000000000002,0.5279
1996-01-05,-0.0195,0.527
1996-01-06,-0.021500000000000002,0.525
1996-01-07,-0.0238,0.5227
1996-01-08,-0.0258,0.5207
1996-01-09,-0.0274,0.5191
1996-01-10,-0.028200000000000003,0.5183
1996-01-11,-0.0286,0.5179
1996-01-12,-0.028800000000000003,0.5177
1996-01-13,-0.029300000000000003,0.5172
1996-01-14,-0.030600000000000002,0.5159
1996-01-15,-0.0324,0.5141
1996-01-16,-0.034300000000000004,0.5122
1996-01-17,-0.0354,0.5111
1996-01-18,-0.0351,0.5114000000000001
1996-01-19,-0.0329,0.5136000000000001
1996-01-20,-0.029,0.5175000000000001
1996-01-21,-0.0244,0.5221
1996-01-22,-0.0204,0.5261
1996-01-23,-0.0173,0.5292
1996-01-24,-0.0158,0.5307000000000001
1996-01-25,-0.015300000000000001,0.5312
1996-01-26,-0.0151,0.5314
1996-01-27,-0.0145,0.532
1996-01-28,-0.0129,0.5336000000000001
1996-01-29,-0.0103,0.5362
1996-01-30,-0.007,0.5395
1996-01-31,-0.0036000000000000003,0.5429
1996-02-01,-0.001,0.5455
1996-02-02,0.0007,0.5472
1996-02-03,0.0016,0.5481
1996-02-04,0.0027,0.5492
1996-02-05,0.0044,0.5509000000000001
1996-02-06,0.0074,0.5539000000000001
1996-02-07,0.0115,0.558
1996-02-08,0.0164,0.5629000000000001
1996-02-09,0.0212,0.5677
1996-02-10,0.0252,0.5717
1996-02-11,0.027800000000000002,0.5743
1996-02-12,0.029,0.5755
1996-02-13,0.029,0.5755
1996-02-14,0.028800000000000003,0.5753
1996-02-15,0.0287,0.5752
1996-02-16,0.0292,0.5757
1996-02-17,0.030100000000000002,0.5766
1996-02-18,0.031400000000000004,0.5779000000000001
1996-02-19,0.0329,0.5794
1996-02-20,0.0345,0.5810000000000001
1996-02-21,0.0363,0.5828
1996-02-22,0.037700000000000004,0.5842
1996-02-23,0.0385,0.5850000000000001
1996-02-24,0.038,0.5845
1996-02-25,0.0359,0.5824
1996-02-26,0.0323,0.5788
1996-02-27,0.027700000000000002,0.5742
1996-02-28,0.0227,0.5692
1996-02-29,0.0179,0.5644
1996-03-01,0.013800000000000002,0.5603
1996-03-02,0.010700000000000001,0.5572
1996-03-03,0.008700000000000001,0.5552
1996-03-04,0.0076,0.5541
1996-03-05,0.007500000000000001,0.554
1996-03-06,0.008,0.5545
1996-03-07,0.0095,0.556
1996-03-08,0.0118,0.5583
1996-03-09,0.0148,0.5613
1996-03-10,0.018000000000000002,0.5645
1996-03-11,0.0204,0.5669000000000001
1996-03-12,0.021500000000000002,0.5680000000000001
1996-03-13,0.0205,0.5670000000000001
1996-03-14,0.0176,0.5641
1996-03-15,0.0132,0.5597
1996-03-16,0.0083,0.5548000000000001
1996-03-17,0.0039000000000000003,0.5504
1996-03-18,0.0007,0.5472
1996-03-19,-0.0013000000000000002,0.5452
1996-03-20,-0.0025,0.544
1996-03-21,-0.0038,0.5427000000000001
1996-03-22,-0.006,0.5405
1996-03-23,-0.0094,0.5371
1996-03-24,-0.013900000000000001,0.5326000000000001
1996-03-25,-0.0187,0.5278
1996-03-26,-0.0228,0.5237
1996-03-27,-0.0252,0.5213
1996-03-28,-0.0256,0.5209
1996-03-29,-0.0238,0.5227
1996-03-30,-0.0205,0.526
1996-03-31,-0.0167,0.5298
1996-04-01,-0.0132,0.5333
1996-04-02,-0.0109,0.5356000000000001
1996-04-03,-0.0102,0.5363
1996-04-04,-0.0109,0.5356000000000001
1996-04-05,-0.012400000000000001,0.5341
1996-04-06,-0.0142,0.5323
1996-04-07,-0.0155,0.531
1996-04-08,-0.0159,0.5306000000000001
1996-04-09,-0.015600000000000001,0.5309
1996-04-10,-0.0149,0.5316000000000001
1996-04-11,-0.0142,0.5323
1996-04-12,-0.0135,0.533
1996-04-13,-0.012700000000000001,0.5338
1996-04-14,-0.0112,0.5353
1996-04-15,-0.0086,0.5379
1996-04-16,-0.0043,0.5422
1996-04-17,0.0017000000000000001,0.5482
1996-04-18,0.0088,0.5553
1996-04-19,0.015600000000000001,0.5621
1996-04-20,0.0207,0.5672
1996-04-21,0.0229,0.5694
1996-04-22,0.021400000000000002,0.5679000000000001
1996-04-23,0.0167,0.5632
1996-04-24,0.0099,0.5564
1996-04-25,0.0026000000000000003,0.5491
1996-04-26,-0.004,0.5425
1996-04-27,-0.0089,0.5376000000000001
1996-04-28,-0.0118,0.5347000000000001
1996-04-29,-0.0131,0.5334
1996-04-30,-0.0132,0.5333
1996-05-01,-0.0132,0.5333
1996-05-02,-0.0135,0.533
1996-05-03,-0.013900000000000001,0.5326000000000001
1996-05-04,-0.014100000000000001,0.5324
1996-05-05,-0.013300000000000001,0.5332
1996-05-06,-0.0112,0.5353
1996-05-07,-0.0076,0.5389
1996-05-08,-0.0032,0.5433
1996-05-09,0.0014,0.5479
1996-05-10,0.0054,0.5519000000000001
1996-05-11,0.008400000000000001,0.5549000000000001
1996-05-12,0.010100000000000001,0.5566
1996-05-13,0.011000000000000001,0.5575
1996-05-14,0.011600000000000001,0.5581
1996-05-15,0.0119,0.5584
1996-05-16,0.011600000000000001,0.5581
1996-05-17,0.0102,0.5567
1996-05-18,0.007500000000000001,0.554
1996-05-19,0.0034000000000000002,0.5499
1996-05-20,-0.0011,0.5454
1996-05-21,-0.005200000000000001,0.5413
1996-05-22,-0.0078000000000000005,0.5387000000000001
1996-05-23,-0.0078000000000000005,0.5387000000000001
1996-05-24,-0.0049,0.5416000000000001
1996-05-25,0.0004,0.5469
1996-05-26,0.0073,0.5538000000000001
1996-05-27,0.0145,0.561
1996-05-28,0.0206,0.5671
1996-05-29,0.0245,0.5710000000000001
1996-05-30,0.025900000000000003,0.5724
1996-05-31,0.0247,0.5712
1996-06-01,0.0217,0.5682
1996-06-02,0.0178,0.5643
1996-06-03,0.0134,0.5599000000000001
1996-06-04,0.0088,0.5553
1996-06-05,0.004,0.5505
1996-06-06,-0.0013000000000000002,0.5452
1996-06-07,-0.007200000000000001,0.5393
1996-06-08,-0.013800000000000002,0.5327000000000001
1996-06-09,-0.0207,0.5258
1996-06-10,-0.0275,0.519
1996-06-11,-0.033100000000000004,0.5134000000000001
1996-06-12,-0.0371,0.5094000000000001
1996-06-13,-0.039,0.5075000000000001
1996-06-14,-0.038700000000000005,0.5078
1996-06-15,-0.0371,0.5094000000000001
1996-06-16,-0.0349,0.5116
1996-06-17,-0.0328,0.5137
1996-06-18,-0.031100000000000003,0.5154
1996-06-19,-0.0302,0.5163
1996-06-20,-0.0296,0.5169
1996-06-21,-0.028900000000000002,0.5176000000000001
1996-06-22,-0.028,0.5185000000000001
1996-06-23,-0.0267,0.5198
1996-06-24,-0.0253,0.5212
1996-06-25,-0.0234,0.5231
1996-06-26,-0.0213,0.5252
1996-06-27,-0.018600000000000002,0.5279
1996-06-28,-0.0152,0.5313
1996-06-29,-0.010700000000000001,0.5358
1996-06-30,-0.0055000000000000005,0.541
1996-07-01,0.0002,0.5467000000000001
1996-07-02,0.006200000000000001,0.5527000000000001
1996-07-03,0.011300000000000001,0.5578000000000001
1996-07-04,0.0152,0.5617
1996-07-05,0.0171,0.5636
1996-07-06,0.016900000000000002,0.5634
1996-07-07,0.0146,0.5611
1996-07-08,0.0106,0.5571
1996-07-09,0.0058000000000000005,0.5523
1996-07-10,0.001,0.5475
1996-07-11,-0.0028,0.5437000000000001
1996-07-12,-0.0053,0.5412
1996-07-13,-0.0063,0.5402
1996-07-14,-0.0068000000000000005,0.5397000000000001
1996-07-15,-0.007500000000000001,0.539
1996-07-16,-0.009600000000000001,0.5369
1996-07-17,-0.013300000000000001,0.5332
1996-07-18,-0.018600000000000002,0.5279
1996-07-19,-0.0245,0.522
1996-07-20,-0.0302,0.5163
1996-07-21,-0.0351,0.5114000000000001
1996-07-22,-0.0383,0.5082
1996-07-23,-0.040400000000000005,0.5061
1996-07-24,-0.0417,0.5048
1996-07-25,-0.042800000000000005,0.5037
1996-07-26,-0.044500000000000005,0.502
1996-07-27,-0.047,0.4995
1996-07-28,-0.049600000000000005,0.4969
1996-07-29,-0.0517,0.4948
1996-07-30,-0.0523,0.49420000000000003
1996-07-31,-0.0504,0.49610000000000004
1996-08-01,-0.046200000000000005,0.5003000000000001
1996-08-02,-0.04,0.5065000000000001
1996-08-03,-0.0327,0.5138
1996-08-04,-0.0253,0.5212
1996-08-05,-0.0189,0.5276000000000001
1996-08-06,-0.0142,0.5323
1996-08-07,-0.0115,0.535
1996-08-08,-0.010700000000000001,0.5358
1996-08-09,-0.011600000000000001,0.5349
1996-08-10,-0.013800000000000002,0.5327000000000001
1996-08-11,-0.016900000000000002,0.5296000000000001
1996-08-12,-0.0206,0.5259
1996-08-13,-0.024200000000000003,0.5223
1996-08-14,-0.027600000000000003,0.5189
1996-08-15,-0.0308,0.5157
1996-08-16,-0.0337,0.5128
1996-08-17,-0.0364,0.5101
1996-08-18,-0.038700000000000005,0.5078
1996-08-19,-0.0405,0.506
1996-08-20,-0.041600000000000005,0.5049
1996-08-21,-0.042300000000000004,0.5042
1996-08-22,-0.042800000000000005,0.5037
1996-08-23,-0.0441,0.5024000000000001
1996-08-24,-0.0466,0.4999
1996-08-25,-0.0504,0.49610000000000004
1996-08-26,-0.055600000000000004,0.4909
1996-08-27,-0.0618,0.4847
1996-08-28,-0.06810000000000001,0.47840000000000005
1996-08-29,-0.07390000000000001,0.4726
1996-08-30,-0.0789,0.4676
1996-08-31,-0.08310000000000001,0.46340000000000003
1996-09-01,-0.0862,0.46030000000000004
1996-09-02,-0.0876,0.45890000000000003
1996-09-03,-0.08700000000000001,0.4595
1996-09-04,-0.084,0.4625
1996-09-05,-0.079,0.4675
1996-09-06,-0.0722,0.4743
1996-09-07,-0.0645,0.48200000000000004
1996-09-08,-0.0568,0.4897
1996-09-09,-0.049800000000000004,0.49670000000000003
1996-09-10,-0.044500000000000005,0.502
1996-09-11,-0.0413,0.5052
1996-09-12,-0.0405,0.506
1996-09-13,-0.0415,0.505
1996-09-14,-0.043300000000000005,0.5032
1996-09-15,-0.045200000000000004,0.5013000000000001
1996-09-16,-0.046200000000000005,0.5003000000000001
1996-09-17,-0.0465,0.5
1996-09-18,-0.046,0.5005000000000001
1996-09-19,-0.0456,0.5009
1996-09-20,-0.0456,0.5009
1996-09-21,-0.0466,0.4999
1996-09-22,-0.048600000000000004,0.4979
1996-09-23,-0.0512,0.4953
1996-09-24,-0.0538,0.4927
1996-09-25,-0.0558,0.4907
1996-09-26,-0.0567,0.4898
1996-09-27,-0.0563,0.4902
1996-09-28,-0.0551,0.4914
1996-09-29,-0.0536,0.4929
1996-09-30,-0.0522,0.4943
1996-10-01,-0.0511,0.4954
1996-10-02,-0.0502,0.4963
1996-10-03,-0.049600000000000005,0.4969
1996-10-04,-0.0488,0.49770000000000003
1996-10-05,-0.048,0.4985
1996-10-06,-0.047400000000000005,0.49910000000000004
1996-10-07,-0.046900000000000004,0.49960000000000004
1996-10-08,-0.046900000000000004,0.49960000000000004
1996-10-09,-0.0472,0.4993
1996-10-10,-0.0475,0.499
1996-10-11,-0.0475,0.499
1996-10-12,-0.047,0.4995
1996-10-13,-0.0455,0.501
1996-10-14,-0.0431,0.5034000000000001
1996-10-15,-0.0398,0.5067
1996-10-16,-0.0357,0.5108
1996-10-17,-0.031400000000000004,0.5151
1996-10-18,-0.027100000000000003,0.5194
1996-10-19,-0.023200000000000002,0.5233
1996-10-20,-0.020200000000000003,0.5263
1996-10-21,-0.0183,0.5282
1996-10-22,-0.0178,0.5287000000000001
1996-10-23,-0.0189,0.5276000000000001
1996-10-24,-0.021400000000000002,0.5251
1996-10-25,-0.0247,0.5218
1996-10-26,-0.027800000000000002,0.5187
1996-10-27,-0.030000000000000002,0.5165000000000001
1996-10-28,-0.0307,0.5158
1996-10-29,-0.0296,0.5169
1996-10-30,-0.0268,0.5197
1996-10-31,-0.023100000000000002,0.5234
1996-11-01,-0.019100000000000002,0.5274
1996-11-02,-0.0158,0.5307000000000001
1996-11-03,-0.014100000000000001,0.5324
1996-11-04,-0.0142,0.5323
1996-11-05,-0.0162,0.5303
1996-11-06,-0.0195,0.527
1996-11-07,-0.023200000000000002,0.5233
1996-11-08,-0.0269,0.5196000000000001
1996-11-09,-0.029900000000000003,0.5166000000000001
1996-11-10,-0.0329,0.5136000000000001
1996-11-11,-0.0358,0.5107
1996-11-12,-0.039400000000000004,0.5071
1996-11-13,-0.043500000000000004,0.503
1996-11-14,-0.0478,0.49870000000000003
1996-11-15,-0.0519,0.49460000000000004
1996-11-16,-0.0551,0.4914
1996-11-17,-0.057300000000000004,0.4892
1996-11-18,-0.0585,0.48800000000000004
1996-11-19,-0.058800000000000005,0.4877
1996-11-20,-0.058300000000000005,0.4882
1996-11-21,-0.0572,0.4893
1996-11-22,-0.055400000000000005,0.49110000000000004
1996-11-23,-0.053200000000000004,0.4933
1996-11-24,-0.050800000000000005,0.49570000000000003
1996-11-25,-0.0488,0.49770000000000003
1996-11-26,-0.047400000000000005,0.49910000000000004
1996-11-27,-0.0468,0.49970000000000003
1996-11-28,-0.046900000000000004,0.49960000000000004
1996-11-29,-0.0471,0.4994
1996-11-30,-0.0472,0.4993
1996-12-01,-0.047,0.4995
1996-12-02,-0.0461,0.5004000000000001
1996-12-03,-0.0449,0.5016
1996-12-04,-0.0437,0.5028
1996-12-05,-0.0429,0.5036
1996-12-06,-0.0432,0.5033
1996-12-07,-0.0443,0.5022
1996-12-08,-0.046400000000000004,0.5001
1996-12-09,-0.0485,0.498
1996-12-10,-0.0502,0.4963
1996-12-11,-0.0511,0.4954
1996-12-12,-0.0509,0.49560000000000004
1996-12-13,-0.049800000000000004,0.49670000000000003
1996-12-14,-0.048600000000000004,0.4979
1996-12-15,-0.0476,0.4989
1996-12-16,-0.0475,0.499
1996-12-17,-0.0487,0.4978
1996-12-18,-0.050800000000000005,0.49570000000000003
1996-12-19,-0.0529,0.49360000000000004
1996-12-20,-0.054200000000000005,0.4923
1996-12-21,-0.0541,0.4924
1996-12-22,-0.0524,0.49410000000000004
1996-12-23,-0.049800000000000004,0.49670000000000003
1996-12-24,-0.0471,0.4994
1996-12-25,-0.0453,0.5012
1996-12-26,-0.0453,0.5012
1996-12-27,-0.047,0.4995
1996-12-28,-0.0506,0.4959
1996-12-29,-0.055200000000000006,0.4913
1996-12-30,-0.060000000000000005,0.48650000000000004
1996-12-31,-0.064,0.48250000000000004
1997-01-01,-0.06570000000000001,0.4808
1997-01-02,-0.0656,0.48090000000000005
1997-01-03,-0.0632,0.4833
1997-01-04,-0.0587,0.4878
1997-01-05,-0.052700000000000004,0.4938
1997-01-06,-0.0459,0.5006
1997-01-07,-0.038900000000000004,0.5076
1997-01-08,-0.0322,0.5143
1997-01-09,-0.0262,0.5203
1997-01-10,-0.020900000000000002,0.5256000000000001
1997-01-11,-0.0164,0.5301
1997-01-12,-0.0126,0.5339
1997-01-13,-0.009600000000000001,0.5369
1997-01-14,-0.0073,0.5392
1997-01-15,-0.0055000000000000005,0.541
1997-01-16,-0.004200000000000001,0.5423
1997-01-17,-0.0031000000000000003,0.5434
1997-01-18,-0.0022,0.5443
1997-01-19,-0.0018000000000000002,0.5447000000000001
1997-01-20,-0.0021000000000000003,0.5444
1997-01-21,-0.0032,0.5433
1997-01-22,-0.0047,0.5418000000000001
1997-01-23,-0.0066,0.5399
1997-01-24,-0.0083,0.5382
1997-01-25,-0.009300000000000001,0.5372
1997-01-26,-0.009300000000000001,0.5372
1997-01-27,-0.0081,0.5384
1997-01-28,-0.006,0.5405
1997-01-29,-0.0033,0.5432
1997-01-30,-0.00030000000000000003,0.5462
1997-01-31,0.0029000000000000002,0.5494
1997-02-01,0.0063,0.5528000000000001
1997-02-02,0.010400000000000001,0.5569000000000001
1997-02-03,0.0155,0.562
1997-02-04,0.0219,0.5684
1997-02-05,0.029400000000000003,0.5759000000000001
1997-02-06,0.0379,0.5844
1997-02-07,0.046900000000000004,0.5934
1997-02-08,0.055900000000000005,0.6024
1997-02-09,0.0639,0.6104
1997-02-10,0.0708,0.6173000000000001
1997-02-11,0.0762,0.6227
1997-02-12,0.08030000000000001,0.6268
1997-02-13,0.08360000000000001,0.6301
1997-02-14,0.0868,0.6333000000000001
1997-02-15,0.0901,0.6366
1997-02-16,0.0936,0.6401
1997-02-17,0.09720000000000001,0.6437
1997-02-18,0.1005,0.647
1997-02-19,0.10300000000000001,0.6495000000000001
1997-02-20,0.1047,0.6512
1997-02-21,0.1057,0.6522
1997-02-22,0.10640000000000001,0.6529
1997-02-23,0.10690000000000001,0.6534
1997-02-24,0.1073,0.6538
1997-02-25,0.1077,0.6542
1997-02-26,0.108,0.6545000000000001
1997-02-27,0.1081,0.6546000000000001
1997-02-28,0.108,0.6545000000000001
1997-03-01,0.1076,0.6541
1997-03-02,0.1068,0.6533
1997-03-03,0.10540000000000001,0.6519
1997-03-04,0.10350000000000001,0.65
1997-03-05,0.1015,0.648
1997-03-06,0.0999,0.6464000000000001
1997-03-07,0.09870000000000001,0.6452
1997-03-08,0.0979,0.6444000000000001
1997-03-09,0.097,0.6435000000000001
1997-03-10,0.0956,0.6421
1997-03-11,0.0935,0.64
1997-03-12,0.0907,0.6372
1997-03-13,0.08800000000000001,0.6345000000000001
1997-03-14,0.0864,0.6329
1997-03-15,0.0867,0.6332
1997-03-16,0.0896,0.6361
1997-03-17,0.0949,0.6414000000000001
1997-03-18,0.10210000000000001,0.6486000000000001
1997-03-19,0.10990000000000001,0.6564
1997-03-20,0.1169,0.6634
1997-03-21,0.1221,0.6686000000000001
1997-03-22,0.1254,0.6719
1997-03-23,0.12710000000000002,0.6736000000000001
1997-03-24,0.1277,0.6742
1997-03-25,0.12810000000000002,0.6746
1997-03-26,0.12840000000000001,0.6749
1997-03-27,0.12860000000000002,0.6751
1997-03-28,0.1279,0.6744
1997-03-29,0.12560000000000002,0.6721
1997-03-30,0.1208,0.6673
1997-03-31,0.11330000000000001,0.6598
1997-04-01,0.1033,0.6498
1997-04-02,0.0918,0.6383
1997-04-03,0.0804,0.6269
1997-04-04,0.0704,0.6169
1997-04-05,0.06280000000000001,0.6093000000000001
1997-04-06,0.057800000000000004,0.6043000000000001
1997-04-07,0.055,0.6015
1997-04-08,0.053500000000000006,0.6
1997-04-09,0.0528,0.5993
1997-04-10,0.0522,0.5987
1997-04-11,0.052000000000000005,0.5985
1997-04-12,0.0529,0.5994
1997-04-13,0.055900000000000005,0.6024
1997-04-14,0.0618,0.6083000000000001
1997-04-15,0.0709,0.6174000000000001
1997-04-16,0.083,0.6295000000000001
1997-04-17,0.0975,0.644
1997-04-18,0.11330000000000001,0.6598
1997-04-19,0.1292,0.6757000000000001
1997-04-20,0.1441,0.6906
1997-04-21,0.15710000000000002,0.7036
1997-04-22,0.168,0.7145
1997-04-23,0.1772,0.7237
1997-04-24,0.1854,0.7319
1997-04-25,0.1938,0.7403000000000001
1997-04-26,0.2031,0.7496
1997-04-27,0.2136,0.7601
1997-04-28,0.2253,0.7718
1997-04-29,0.23700000000000002,0.7835000000000001
1997-04-30,0.2479,0.7944
1997-05-01,0.2566,0.8031
1997-05-02,0.26230000000000003,0.8088000000000001
1997-05-03,0.2645,0.811
1997-05-04,0.2635,0.81
1997-05-05,0.2602,0.8067000000000001
1997-05-06,0.2556,0.8021
1997-05-07,0.25120000000000003,0.7977000000000001
1997-05-08,0.24780000000000002,0.7943
1997-05-09,0.2457,0.7922
1997-05-10,0.2451,0.7916000000000001
1997-05-11,0.24600000000000002,0.7925000000000001
1997-05-12,0.2477,0.7942
1997-05-13,0.2499,0.7964
1997-05-14,0.25220000000000004,0.7987000000000001
1997-05-15,0.2544,0.8009000000000001
1997-05-16,0.25630000000000003,0.8028000000000001
1997-05-17,0.2579,0.8044
1997-05-18,0.25930000000000003,0.8058000000000001
1997-05-19,0.2605,0.807
1997-05-20,0.2616,0.8081
1997-05-21,0.26280000000000003,0.8093
1997-05-22,0.2644,0.8109000000000001
1997-05-23,0.2666,0.8131
1997-05-24,0.2695,0.8160000000000001
1997-05-25,0.2728,0.8193
1997-05-26,0.2763,0.8228000000000001
1997-05-27,0.2796,0.8261000000000001
1997-05-28,0.28240000000000004,0.8289000000000001
1997-05-29,0.28450000000000003,0.8310000000000001
1997-05-30,0.2857,0.8322
1997-05-31,0.2856,0.8321000000000001
1997-06-01,0.28400000000000003,0.8305
1997-06-02,0.2808,0.8273
1997-06-03,0.276,0.8225
1997-06-04,0.26990000000000003,0.8164
1997-06-05,0.2635,0.81
1997-06-06,0.2577,0.8042
1997-06-07,0.2534,0.7999
1997-06-08,0.2511,0.7976000000000001
1997-06-09,0.25020000000000003,0.7967000000000001
1997-06-10,0.2503,0.7968000000000001
1997-06-11,0.25020000000000003,0.7967000000000001
1997-06-12,0.249,0.7955
1997-06-13,0.2462,0.7927000000000001
1997-06-14,0.2419,0.7884
1997-06-15,0.2369,0.7834
1997-06-16,0.23190000000000002,0.7784000000000001
1997-06-17,0.22760000000000002,0.7741
1997-06-18,0.2248,0.7713
1997-06-19,0.2235,0.77
1997-06-20,0.22390000000000002,0.7704000000000001
1997-06-21,0.2255,0.772
1997-06-22,0.22790000000000002,0.7744000000000001
1997-06-23,0.2311,0.7776000000000001
1997-06-24,0.2351,0.7816000000000001
1997-06-25,0.24020000000000002,0.7867000000000001
1997-06-26,0.2464,0.7929
1997-06-27,0.2541,0.8006000000000001
1997-06-28,0.2629,0.8094
1997-06-29,0.2723,0.8188000000000001
1997-06-30,0.2816,0.8281000000000001
1997-07-01,0.2902,0.8367
1997-07-02,0.29700000000000004,0.8435
1997-07-03,0.3014,0.8479
1997-07-04,0.3032,0.8497
1997-07-05,0.3024,0.8489
1997-07-06,0.2995,0.8460000000000001
1997-07-07,0.2952,0.8417
1997-07-08,0.2904,0.8369000000000001
1997-07-09,0.28550000000000003,0.8320000000000001
1997-07-10,0.2807,0.8272
1997-07-11,0.2758,0.8223
1997-07-12,0.27080000000000004,0.8173
1997-07-13,0.2654,0.8119000000000001
1997-07-14,0.2599,0.8064
1997-07-15,0.2546,0.8011
1997-07-16,0.2503,0.7968000000000001
1997-07-17,0.24700000000000003,0.7935
1997-07-18,0.24500000000000002,0.7915000000000001
1997-07-19,0.2434,0.7899
1997-07-20,0.24180000000000001,0.7883
1997-07-21,0.23920000000000002,0.7857000000000001
1997-07-22,0.2349,0.7814
1997-07-23,0.2285,0.775
1997-07-24,0.2202,0.7667
1997-07-25,0.21050000000000002,0.757
1997-07-26,0.20070000000000002,0.7472000000000001
1997-07-27,0.19140000000000001,0.7379
1997-07-28,0.18380000000000002,0.7303000000000001
1997-07-29,0.1781,0.7246
1997-07-30,0.1743,0.7208
1997-07-31,0.17170000000000002,0.7182000000000001
1997-08-01,0.1695,0.7160000000000001
1997-08-02,0.16690000000000002,0.7134
1997-08-03,0.1632,0.7097
1997-08-04,0.1582,0.7047
1997-08-05,0.152,0.6985
1997-08-06,0.1454,0.6919000000000001
1997-08-07,0.1389,0.6854
1997-08-08,0.13390000000000002,0.6804
1997-08-09,0.1311,0.6776
1997-08-10,0.1312,0.6777000000000001
1997-08-11,0.13390000000000002,0.6804
1997-08-12,0.1386,0.6851
1997-08-13,0.14400000000000002,0.6905
1997-08-14,0.1489,0.6954
1997-08-15,0.1521,0.6986
1997-08-16,0.1529,0.6994
1997-08-17,0.1512,0.6977
1997-08-18,0.14730000000000001,0.6938000000000001
1997-08-19,0.1422,0.6887
1997-08-20,0.1365,0.683
1997-08-21,0.1308,0.6773
1997-08-22,0.1252,0.6717000000000001
1997-08-23,0.11960000000000001,0.6661
1997-08-24,0.11380000000000001,0.6603
1997-08-25,0.10740000000000001,0.6539
1997-08-26,0.1008,0.6473
1997-08-27,0.0944,0.6409
1997-08-28,0.08900000000000001,0.6355000000000001
1997-08-29,0.0853,0.6318
1997-08-30,0.0843,0.6308
1997-08-31,0.08610000000000001,0.6326
1997-09-01,0.0906,0.6371
1997-09-02,0.09670000000000001,0.6432
1997-09-03,0.10350000000000001,0.65
1997-09-04,0.10940000000000001,0.6559
1997-09-05,0.11330000000000001,0.6598
1997-09-06,0.11510000000000001,0.6616000000000001
1997-09-07,0.1148,0.6613
1997-09-08,0.11330000000000001,0.6598
1997-09-09,0.1115,0.658
1997-09-10,0.11,0.6565000000000001
1997-09-11,0.1096,0.6561
1997-09-12,0.11040000000000001,0.6569
1997-09-13,0.11280000000000001,0.6593
1997-09-14,0.11620000000000001,0.6627000000000001
1997-09-15,0.1206,0.6671
1997-09-16,0.1254,0.6719
1997-09-17,0.1306,0.6771
1997-09-18,0.1358,0.6823
1997-09-19,0.14150000000000001,0.6880000000000001
1997-09-20,0.1477,0.6942
1997-09-21,0.1544,0.7009000000000001
1997-09-22,0.16160000000000002,0.7081000000000001
1997-09-23,0.1691,0.7156
1997-09-24,0.1769,0.7234
1997-09-25,0.18510000000000001,0.7316
1997-09-26,0.19360000000000002,0.7401
1997-09-27,0.2024,0.7489
1997-09-28,0.2112,0.7577
1997-09-29,0.2202,0.7667
1997-09-30,0.22940000000000002,0.7759
1997-10-01,0.2384,0.7849
1997-10-02,0.24700000000000003,0.7935
1997-10-03,0.2549,0.8014
1997-10-04,0.2617,0.8082
1997-10-05,0.2675,0.8140000000000001
1997-10-06,0.27240000000000003,0.8189000000000001
1997-10-07,0.27690000000000003,0.8234
1997-10-08,0.2812,0.8277
1997-10-09,0.2852,0.8317
1997-10-10,0.28900000000000003,0.8355
1997-10-11,0.2924,0.8389000000000001
1997-10-12,0.2953,0.8418
1997-10-13,0.2977,0.8442000000000001
1997-10-14,0.30010000000000003,0.8466
1997-10-15,0.30260000000000004,0.8491000000000001
1997-10-16,0.3055,0.8520000000000001
1997-10-17,0.3083,0.8548
1997-10-18,0.311,0.8575
1997-10-19,0.3129,0.8594
1997-10-20,0.3138,0.8603000000000001
1997-10-21,0.3131,0.8596
1997-10-22,0.3108,0.8573000000000001
1997-10-23,0.307,0.8535
1997-10-24,0.302,0.8485
1997-10-25,0.29600000000000004,0.8425
1997-10-26,0.2891,0.8356
1997-10-27,0.2817,0.8282
1997-10-28,0.27390000000000003,0.8204
1997-10-29,0.2662,0.8127000000000001
1997-10-30,0.2591,0.8056000000000001
1997-10-31,0.25320000000000004,0.7997000000000001
1997-11-01,0.2485,0.795
1997-11-02,0.2456,0.7921
1997-11-03,0.2444,0.7909
1997-11-04,0.24530000000000002,0.7918000000000001
1997-11-05,0.24830000000000002,0.7948000000000001
1997-11-06,0.25370000000000004,0.8002
1997-11-07,0.26180000000000003,0.8083
1997-11-08,0.2723,0.8188000000000001
1997-11-09,0.28500000000000003,0.8315
1997-11-10,0.299,0.8455
1997-11-11,0.31320000000000003,0.8597
1997-11-12,0.3267,0.8732000000000001
1997-11-13,0.33890000000000003,0.8854000000000001
1997-11-14,0.3497,0.8962
1997-11-15,0.35900000000000004,0.9055000000000001
1997-11-16,0.3672,0.9137000000000001
1997-11-17,0.3748,0.9213
1997-11-18,0.3819,0.9284
1997-11-19,0.3886,0.9351
1997-11-20,0.3945,0.9410000000000001
1997-11-21,0.39940000000000003,0.9459000000000001
1997-11-22,0.40280000000000005,0.9493
1997-11-23,0.405,0.9515
1997-11-24,0.4062,0.9527
1997-11-25,0.4071,0.9536
1997-11-26,0.4086,0.9551000000000001
1997-11-27,0.4108,0.9573
1997-11-28,0.4137,0.9602
1997-11-29,0.4168,0.9633
1997-11-30,0.41910000000000003,0.9656
1997-12-01,0.4197,0.9662000000000001
1997-12-02,0.41800000000000004,0.9645
1997-12-03,0.4137,0.9602
1997-12-04,0.4071,0.9536
1997-12-05,0.39890000000000003,0.9454
1997-12-06,0.39,0.9365
1997-12-07,0.3814,0.9279000000000001
1997-12-08,0.374,0.9205000000000001
1997-12-09,0.3689,0.9154
1997-12-10,0.3663,0.9128000000000001
1997-12-11,0.36610000000000004,0.9126000000000001
1997-12-12,0.3679,0.9144
1997-12-13,0.37110000000000004,0.9176000000000001
1997-12-14,0.3748,0.9213
1997-12-15,0.3783,0.9248000000000001
1997-12-16,0.38130000000000003,0.9278000000000001
1997-12-17,0.3831,0.9296000000000001
1997-12-18,0.3834,0.9299000000000001
1997-12-19,0.3821,0.9286000000000001
1997-12-20,0.3791,0.9256000000000001
1997-12-21,0.37470000000000003,0.9212
1997-12-22,0.36910000000000004,0.9156000000000001
1997-12-23,0.36310000000000003,0.9096000000000001
1997-12-24,0.3572,0.9037000000000001
1997-12-25,0.35200000000000004,0.8985000000000001
1997-12-26,0.34800000000000003,0.8945000000000001
1997-12-27,0.3452,0.8917
1997-12-28,0.34340000000000004,0.8899
1997-12-29,0.3422,0.8887
1997-12-30,0.3405,0.887
1997-12-31,0.3377,0.8842000000000001
1998-01-01,0.33330000000000004,0.8798
1998-01-02,0.3269,0.8734000000000001
1998-01-03,0.3189,0.8654000000000001
1998-01-04,0.30960000000000004,0.8561000000000001
1998-01-05,0.2999,0.8464
1998-01-06,0.29000000000000004,0.8365
1998-01-07,0.28090000000000004,0.8274
1998-01-08,0.27290000000000003,0.8194
1998-01-09,0.2662,0.8127000000000001
1998-01-10,0.2604,0.8069000000000001
1998-01-11,0.2551,0.8016000000000001
1998-01-12,0.25020000000000003,0.7967000000000001
1998-01-13,0.24530000000000002,0.7918000000000001
1998-01-14,0.2411,0.7876000000000001
1998-01-15,0.23800000000000002,0.7845000000000001
1998-01-16,0.23600000000000002,0.7825000000000001
1998-01-17,0.2351,0.7816000000000001
1998-01-18,0.2353,0.7818
1998-01-19,0.23620000000000002,0.7827000000000001
1998-01-20,0.2376,0.7841
1998-01-21,0.2398,0.7863
1998-01-22,0.2426,0.7891
1998-01-23,0.24650000000000002,0.793
1998-01-24,0.25070000000000003,0.7972
1998-01-25,0.2549,0.8014
1998-01-26,0.2577,0.8042
1998-01-27,0.2581,0.8046000000000001
1998-01-28,0.255,0.8015
1998-01-29,0.24830000000000002,0.7948000000000001
1998-01-30,0.2383,0.7848
1998-01-31,0.2262,0.7727
1998-02-01,0.2134,0.7599
1998-02-02,0.2013,0.7478
1998-02-03,0.19110000000000002,0.7376
1998-02-04,0.1835,0.73
1998-02-05,0.17880000000000001,0.7253000000000001
1998-02-06,0.17650000000000002,0.7230000000000001
1998-02-07,0.1762,0.7227
1998-02-08,0.1772,0.7237
1998-02-09,0.17880000000000001,0.7253000000000001
1998-02-10,0.18050000000000002,0.727
1998-02-11,0.1821,0.7286
1998-02-12,0.18280000000000002,0.7293000000000001
1998-02-13,0.1826,0.7291000000000001
1998-02-14,0.1819,0.7284
1998-02-15,0.1809,0.7274
1998-02-16,0.1804,0.7269
1998-02-17,0.1809,0.7274
1998-02-18,0.1824,0.7289
1998-02-19,0.1855,0.732
1998-02-20,0.1895,0.736
1998-02-21,0.19360000000000002,0.7401
1998-02-22,0.1966,0.7431
1998-02-23,0.1975,0.744
1998-02-24,0.1958,0.7423000000000001
1998-02-25,0.1918,0.7383000000000001
1998-02-26,0.1869,0.7334
1998-02-27,0.1822,0.7287
1998-02-28,0.17880000000000001,0.7253000000000001
1998-03-01,0.1773,0.7238
1998-03-02,0.1771,0.7236
1998-03-03,0.1777,0.7242000000000001
1998-03-04,0.1782,0.7247
1998-03-05,0.17850000000000002,0.7250000000000001
1998-03-06,0.1779,0.7244
1998-03-07,0.1768,0.7233
1998-03-08,0.1751,0.7216
1998-03-09,0.17320000000000002,0.7197
1998-03-10,0.1715,0.7180000000000001
1998-03-11,0.17,0.7165
1998-03-12,0.1689,0.7154
1998-03-13,0.168,0.7145
1998-03-14,0.1675,0.7140000000000001
1998-03-15,0.1673,0.7138
1998-03-16,0.16740000000000002,0.7139
1998-03-17,0.1678,0.7143
1998-03-18,0.16870000000000002,0.7152000000000001
1998-03-19,0.1699,0.7164
1998-03-20,0.17170000000000002,0.7182000000000001
1998-03-21,0.1736,0.7201000000000001
1998-03-22,0.1754,0.7219
1998-03-23,0.17650000000000002,0.7230000000000001
1998-03-24,0.1761,0.7226
1998-03-25,0.1741,0.7206
1998-03-26,0.1704,0.7169
1998-03-27,0.1655,0.7120000000000001
1998-03-28,0.15990000000000001,0.7064
1998-03-29,0.1545,0.7010000000000001
1998-03-30,0.15,0.6965
1998-03-31,0.1467,0.6932
1998-04-01,0.14500000000000002,0.6915
1998-04-02,0.1446,0.6911
1998-04-03,0.1454,0.6919000000000001
1998-04-04,0.1468,0.6933
1998-04-05,0.14850000000000002,0.6950000000000001
1998-04-06,0.1504,0.6969000000000001
1998-04-07,0.1524,0.6989000000000001
1998-04-08,0.1545,0.7010000000000001
1998-04-09,0.1567,0.7032
1998-04-10,0.1588,0.7053
1998-04-11,0.16060000000000002,0.7071000000000001
1998-04-12,0.16140000000000002,0.7079000000000001
1998-04-13,0.1613,0.7078
1998-04-14,0.1598,0.7063
1998-04-15,0.1575,0.7040000000000001
1998-04-16,0.15480000000000002,0.7013
1998-04-17,0.1526,0.6991
1998-04-18,0.1515,0.6980000000000001
1998-04-19,0.15230000000000002,0.6988000000000001
1998-04-20,0.1554,0.7019000000000001
1998-04-21,0.16090000000000002,0.7074
1998-04-22,0.1683,0.7148
1998-04-23,0.17700000000000002,0.7235
1998-04-24,0.186,0.7325
1998-04-25,0.1947,0.7412000000000001
1998-04-26,0.2023,0.7488
1998-04-27,0.2087,0.7552
1998-04-28,0.21380000000000002,0.7603000000000001
1998-04-29,0.2177,0.7642
1998-04-30,0.2202,0.7667
1998-05-01,0.22160000000000002,0.7681
1998-05-02,0.222,0.7685000000000001
1998-05-03,0.2218,0.7683
1998-05-04,0.2212,0.7677
1998-05-05,0.22010000000000002,0.7666000000000001
1998-05-06,0.2185,0.765
1998-05-07,0.21580000000000002,0.7623000000000001
1998-05-08,0.2119,0.7584000000000001
1998-05-09,0.2058,0.7523000000000001
1998-05-10,0.19740000000000002,0.7439
1998-05-11,0.18630000000000002,0.7328
1998-05-12,0.1724,0.7189
1998-05-13,0.1562,0.7027
1998-05-14,0.1385,0.685
1998-05-15,0.12040000000000001,0.6669
1998-05-16,0.10310000000000001,0.6496000000000001
1998-05-17,0.08800000000000001,0.6345000000000001
1998-05-18,0.0757,0.6222
1998-05-19,0.067,0.6135
1998-05-20,0.0611,0.6076
1998-05-21,0.0577,0.6042000000000001
1998-05-22,0.055900000000000005,0.6024
1998-05-23,0.054900000000000004,0.6014
1998-05-24,0.0543,0.6008
1998-05-25,0.0538,0.6003000000000001
1998-05-26,0.0533,0.5998
1998-05-27,0.052500000000000005,0.599
1998-05-28,0.0519,0.5984
1998-05-29,0.051300000000000005,0.5978
1998-05-30,0.050800000000000005,0.5973
1998-05-31,0.0504,0.5969
1998-06-01,0.049800000000000004,0.5963
1998-06-02,0.049100000000000005,0.5956
1998-06-03,0.0478,0.5943
1998-06-04,0.0463,0.5928
1998-06-05,0.044700000000000004,0.5912000000000001
1998-06-06,0.043300000000000005,0.5898
1998-06-07,0.042300000000000004,0.5888
1998-06-08,0.041600000000000005,0.5881000000000001
1998-06-09,0.041,0.5875
1998-06-10,0.04,0.5865
1998-06-11,0.038400000000000004,0.5849
1998-06-12,0.0358,0.5823
1998-06-13,0.0324,0.5789000000000001
1998-06-14,0.028200000000000003,0.5747
1998-06-15,0.0234,0.5699000000000001
1998-06-16,0.018500000000000003,0.5650000000000001
1998-06-17,0.0142,0.5607
1998-06-18,0.011000000000000001,0.5575
1998-06-19,0.0099,0.5564
1998-06-20,0.0111,0.5576
1998-06-21,0.014400000000000001,0.5609000000000001
1998-06-22,0.019200000000000002,0.5657
1998-06-23,0.024,0.5705
1998-06-24,0.0279,0.5744
1998-06-25,0.029500000000000002,0.5760000000000001
1998-06-26,0.0285,0.5750000000000001
1998-06-27,0.0252,0.5717
1998-06-28,0.02,0.5665
1998-06-29,0.0142,0.5607
1998-06-30,0.0085,0.555
1998-07-01,0.0039000000000000003,0.5504
1998-07-02,0.0005,0.547
1998-07-03,-0.0017000000000000001,0.5448000000000001
1998-07-04,-0.0032,0.5433
1998-07-05,-0.0047,0.5418000000000001
1998-07-06,-0.0066,0.5399
1998-07-07,-0.0091,0.5374
1998-07-08,-0.0122,0.5343
1998-07-09,-0.0152,0.5313
1998-07-10,-0.0178,0.5287000000000001
1998-07-11,-0.0193,0.5272
1998-07-12,-0.02,0.5265000000000001
1998-07-13,-0.0201,0.5264
1998-07-14,-0.0201,0.5264
1998-07-15,-0.0204,0.5261
1998-07-16,-0.0213,0.5252
1998-07-17,-0.022600000000000002,0.5239
1998-07-18,-0.0245,0.522
1998-07-19,-0.026500000000000003,0.52
1998-07-20,-0.0284,0.5181
1998-07-21,-0.029900000000000003,0.5166000000000001
1998-07-22,-0.0303,0.5162
1998-07-23,-0.029300000000000003,0.5172
1998-07-24,-0.027100000000000003,0.5194
1998-07-25,-0.0241,0.5224
1998-07-26,-0.0206,0.5259
1998-07-27,-0.0173,0.5292
1998-07-28,-0.0148,0.5317000000000001
1998-07-29,-0.0132,0.5333
1998-07-30,-0.0128,0.5337000000000001
1998-07-31,-0.013800000000000002,0.5327000000000001
1998-08-01,-0.0159,0.5306000000000001
1998-08-02,-0.019,0.5275000000000001
1998-08-03,-0.0223,0.5242
1998-08-04,-0.0256,0.5209
1998-08-05,-0.028300000000000002,0.5182
1998-08-06,-0.030000000000000002,0.5165000000000001
1998-08-07,-0.030600000000000002,0.5159
1998-08-08,-0.030100000000000002,0.5164
1998-08-09,-0.029,0.5175000000000001
1998-08-10,-0.027700000000000002,0.5188
1998-08-11,-0.0273,0.5192
1998-08-12,-0.0285,0.518
1998-08-13,-0.032,0.5145000000000001
1998-08-14,-0.0373,0.5092
1998-08-15,-0.044000000000000004,0.5025000000000001
1998-08-16,-0.0509,0.49560000000000004
1998-08-17,-0.056900000000000006,0.48960000000000004
1998-08-18,-0.0608,0.4857
1998-08-19,-0.0625,0.48400000000000004
1998-08-20,-0.0625,0.48400000000000004
1998-08-21,-0.061700000000000005,0.4848
1998-08-22,-0.0614,0.48510000000000003
1998-08-23,-0.062200000000000005,0.4843
1998-08-24,-0.0644,0.48210000000000003
1998-08-25,-0.06760000000000001,0.47890000000000005
1998-08-26,-0.0708,0.4757
1998-08-27,-0.07350000000000001,0.47300000000000003
1998-08-28,-0.07490000000000001,0.4716
1998-08-29,-0.075,0.47150000000000003
1998-08-30,-0.07400000000000001,0.47250000000000003
1998-08-31,-0.0722,0.4743
1998-09-01,-0.0703,0.4762
1998-09-02,-0.0688,0.4777
1998-09-03,-0.0678,0.4787
1998-09-04,-0.0669,0.4796
1998-09-05,-0.0659,0.4806
1998-09-06,-0.0644,0.48210000000000003
1998-09-07,-0.0625,0.48400000000000004
1998-09-08,-0.0604,0.48610000000000003
1998-09-09,-0.058800000000000005,0.4877
1998-09-10,-0.058300000000000005,0.4882
1998-09-11,-0.0591,0.4874
1998-09-12,-0.061700000000000005,0.4848
1998-09-13,-0.0656,0.48090000000000005
1998-09-14,-0.0702,0.4763
1998-09-15,-0.0746,0.47190000000000004
1998-09-16,-0.0777,0.46880000000000005
1998-09-17,-0.07880000000000001,0.4677
1998-09-18,-0.07780000000000001,0.4687
1998-09-19,-0.07540000000000001,0.4711
1998-09-20,-0.0722,0.4743
1998-09-21,-0.0693,0.4772
1998-09-22,-0.0675,0.47900000000000004
1998-09-23,-0.067,0.47950000000000004
1998-09-24,-0.06760000000000001,0.47890000000000005
1998-09-25,-0.0685,0.47800000000000004
1998-09-26,-0.0689,0.4776
1998-09-27,-0.0679,0.4786
1998-09-28,-0.0649,0.48160000000000003
1998-09-29,-0.0601,0.4864
1998-09-30,-0.054,0.49250000000000005
1998-10-01,-0.0476,0.4989
1998-10-02,-0.0419,0.5046
1998-10-03,-0.0378,0.5087
1998-10-04,-0.0358,0.5107
1998-10-05,-0.0358,0.5107
1998-10-06,-0.0374,0.5091
1998-10-07,-0.04,0.5065000000000001
1998-10-08,-0.0429,0.5036
1998-10-09,-0.0458,0.5007
1998-10-10,-0.048100000000000004,0.4984
1998-10-11,-0.0497,0.4968
1998-10-12,-0.050800000000000005,0.49570000000000003
1998-10-13,-0.051300000000000005,0.49520000000000003
1998-10-14,-0.0516,0.4949
1998-10-15,-0.0516,0.4949
1998-10-16,-0.051500000000000004,0.49500000000000005
1998-10-17,-0.0512,0.4953
1998-10-18,-0.0505,0.496
1998-10-19,-0.049300000000000004,0.49720000000000003
1998-10-20,-0.0476,0.4989
1998-10-21,-0.0458,0.5007
1998-10-22,-0.0444,0.5021
1998-10-23,-0.0442,0.5023
1998-10-24,-0.0454,0.5011
1998-10-25,-0.0478,0.49870000000000003
1998-10-26,-0.0505,0.496
1998-10-27,-0.053200000000000004,0.4933
1998-10-28,-0.054900000000000004,0.49160000000000004
1998-10-29,-0.0557,0.4908
1998-10-30,-0.055600000000000004,0.4909
1998-10-31,-0.0551,0.4914
1998-11-01,-0.054400000000000004,0.49210000000000004
1998-11-02,-0.0539,0.49260000000000004
1998-11-03,-0.0536,0.4929
1998-11-04,-0.053500000000000006,0.49300000000000005
1998-11-05,-0.0539,0.49260000000000004
1998-11-06,-0.054900000000000004,0.49160000000000004
1998-11-07,-0.0565,0.49000000000000005
1998-11-08,-0.0591,0.4874
1998-11-09,-0.0623,0.4842
1998-11-10,-0.066,0.48050000000000004
1998-11-11,-0.0697,0.4768
1998-11-12,-0.0732,0.4733
1998-11-13,-0.076,0.47050000000000003
1998-11-14,-0.0781,0.46840000000000004
1998-11-15,-0.0792,0.46730000000000005
1998-11-16,-0.07970000000000001,0.46680000000000005
1998-11-17,-0.0799,0.4666
1998-11-18,-0.0796,0.46690000000000004
1998-11-19,-0.0787,0.46780000000000005
1998-11-20,-0.07730000000000001,0.4692
1998-11-21,-0.075,0.47150000000000003
1998-11-22,-0.0716,0.47490000000000004
1998-11-23,-0.0674,0.4791
1998-11-24,-0.06280000000000001,0.4837
1998-11-25,-0.058600000000000006,0.4879
1998-11-26,-0.055400000000000005,0.49110000000000004
1998-11-27,-0.054,0.49250000000000005
1998-11-28,-0.054700000000000006,0.4918
1998-11-29,-0.057100000000000005,0.4894
1998-11-30,-0.0609,0.48560000000000003
1998-12-01,-0.0655,0.48100000000000004
1998-12-02,-0.07010000000000001,0.47640000000000005
1998-12-03,-0.0746,0.47190000000000004
1998-12-04,-0.0787,0.46780000000000005
1998-12-05,-0.0828,0.4637
1998-12-06,-0.0867,0.45980000000000004
1998-12-07,-0.0906,0.4559
1998-12-08,-0.0941,0.4524
1998-12-09,-0.0964,0.4501
1998-12-10,-0.09720000000000001,0.44930000000000003
1998-12-11,-0.0964,0.4501
1998-12-12,-0.09430000000000001,0.45220000000000005
1998-12-13,-0.0917,0.45480000000000004
1998-12-14,-0.08900000000000001,0.4575
1998-12-15,-0.08700000000000001,0.4595
1998-12-16,-0.0855,0.461
1998-12-17,-0.0845,0.462
1998-12-18,-0.0839,0.4626
1998-12-19,-0.0829,0.4636
1998-12-20,-0.08170000000000001,0.46480000000000005
1998-12-21,-0.08020000000000001,0.46630000000000005
1998-12-22,-0.0784,0.4681
1998-12-23,-0.0772,0.4693
1998-12-24,-0.07680000000000001,0.4697
1998-12-25,-0.0779,0.4686
1998-12-26,-0.0806,0.46590000000000004
1998-12-27,-0.0844,0.4621
1998-12-28,-0.0887,0.45780000000000004
1998-12-29,-0.0927,0.45380000000000004
1998-12-30,-0.09570000000000001,0.45080000000000003
1998-12-31,-0.0971,0.4494
1999-01-01,-0.0964,0.4501
1999-01-02,-0.0932,0.45330000000000004
1999-01-03,-0.08750000000000001,0.459
1999-01-04,-0.0799,0.4666
1999-01-05,-0.0717,0.4748
1999-01-06,-0.064,0.48250000000000004
1999-01-07,-0.0584,0.48810000000000003
1999-01-08,-0.055400000000000005,0.49110000000000004
1999-01-09,-0.055,0.49150000000000005
1999-01-10,-0.0562,0.4903
1999-01-11,-0.057800000000000004,0.4887
1999-01-12,-0.058800000000000005,0.4877
1999-01-13,-0.058600000000000006,0.4879
1999-01-14,-0.0574,0.48910000000000003
1999-01-15,-0.056,0.49050000000000005
1999-01-16,-0.054900000000000004,0.49160000000000004
1999-01-17,-0.054700000000000006,0.4918
1999-01-18,-0.0555,0.49100000000000005
1999-01-19,-0.056900000000000006,0.48960000000000004
1999-01-20,-0.0582,0.4883
1999-01-21,-0.058800000000000005,0.4877
1999-01-22,-0.057800000000000004,0.4887
1999-01-23,-0.0553,0.4912
1999-01-24,-0.0514,0.49510000000000004
1999-01-25,-0.046900000000000004,0.49960000000000004
1999-01-26,-0.042800000000000005,0.5037
1999-01-27,-0.040100000000000004,0.5064000000000001
1999-01-28,-0.0395,0.507
1999-01-29,-0.0409,0.5056
1999-01-30,-0.044000000000000004,0.5025000000000001
1999-01-31,-0.048400000000000006,0.49810000000000004
1999-02-01,-0.0531,0.4934
1999-02-02,-0.057800000000000004,0.4887
1999-02-03,-0.0621,0.4844
1999-02-04,-0.0661,0.48040000000000005
1999-02-05,-0.07,0.47650000000000003
1999-02-06,-0.0738,0.4727
1999-02-07,-0.07740000000000001,0.4691
1999-02-08,-0.08020000000000001,0.46630000000000005
1999-02-09,-0.08170000000000001,0.46480000000000005
1999-02-10,-0.081,0.4655
1999-02-11,-0.0781,0.46840000000000004
1999-02-12,-0.0732,0.4733
1999-02-13,-0.06720000000000001,0.4793
1999-02-14,-0.0611,0.4854
1999-02-15,-0.056100000000000004,0.4904
1999-02-16,-0.0524,0.49410000000000004
1999-02-17,-0.050100000000000006,0.4964
1999-02-18,-0.048100000000000004,0.4984
1999-02-19,-0.0456,0.5009
1999-02-20,-0.041600000000000005,0.5049
1999-02-21,-0.0358,0.5107
1999-02-22,-0.028300000000000002,0.5182
1999-02-23,-0.019700000000000002,0.5268
1999-02-24,-0.011000000000000001,0.5355
1999-02-25,-0.0033,0.5432
1999-02-26,0.0027,0.5492
1999-02-27,0.006900000000000001,0.5534
1999-02-28,0.0097,0.5562
1999-03-01,0.0118,0.5583
1999-03-02,0.014100000000000001,0.5606
1999-03-03,0.0172,0.5637
1999-03-04,0.021400000000000002,0.5679000000000001
1999-03-05,0.0263,0.5728
1999-03-06,0.0307,0.5772
1999-03-07,0.0334,0.5799000000000001
1999-03-08,0.0339,0.5804
1999-03-09,0.0318,0.5783
1999-03-10,0.0275,0.5740000000000001
1999-03-11,0.0219,0.5684
1999-03-12,0.015600000000000001,0.5621
1999-03-13,0.009300000000000001,0.5558000000000001
1999-03-14,0.0037,0.5502
1999-03-15,-0.001,0.5455
1999-03-16,-0.0044,0.5421
1999-03-17,-0.007,0.5395
1999-03-18,-0.008700000000000001,0.5378000000000001
1999-03-19,-0.009600000000000001,0.5369
1999-03-20,-0.0097,0.5368
1999-03-21,-0.009300000000000001,0.5372
1999-03-22,-0.0085,0.538
1999-03-23,-0.0076,0.5389
1999-03-24,-0.0066,0.5399
1999-03-25,-0.0058000000000000005,0.5407000000000001
1999-03-26,-0.0049,0.5416000000000001
1999-03-27,-0.004200000000000001,0.5423
1999-03-28,-0.0036000000000000003,0.5429
1999-03-29,-0.003,0.5435
1999-03-30,-0.0022,0.5443
1999-03-31,-0.0013000000000000002,0.5452
1999-04-01,-0.0005,0.546
1999-04-02,0.0002,0.5467000000000001
1999-04-03,0.0001,0.5466
1999-04-04,-0.0007,0.5458000000000001
1999-04-05,-0.0026000000000000003,0.5439
1999-04-06,-0.0056,0.5409
1999-04-07,-0.009300000000000001,0.5372
1999-04-08,-0.0134,0.5331
1999-04-09,-0.0171,0.5294
1999-04-10,-0.020200000000000003,0.5263
1999-04-11,-0.0223,0.5242
1999-04-12,-0.023,0.5235000000000001
1999-04-13,-0.022600000000000002,0.5239
1999-04-14,-0.0213,0.5252
1999-04-15,-0.0194,0.5271
1999-04-16,-0.0173,0.5292
1999-04-17,-0.0149,0.5316000000000001
1999-04-18,-0.0126,0.5339
1999-04-19,-0.0099,0.5366000000000001
1999-04-20,-0.0068000000000000005,0.5397000000000001
1999-04-21,-0.0027,0.5438000000000001
1999-04-22,0.0022,0.5487000000000001
1999-04-23,0.008,0.5545
1999-04-24,0.013600000000000001,0.5601
1999-04-25,0.0183,0.5648000000000001
1999-04-26,0.0213,0.5678000000000001
1999-04-27,0.0224,0.5689000000000001
1999-04-28,0.0217,0.5682
1999-04-29,0.02,0.5665
1999-04-30,0.0189,0.5654
1999-05-01,0.0195,0.5660000000000001
1999-05-02,0.022600000000000002,0.5691
1999-05-03,0.028300000000000002,0.5748
1999-05-04,0.035,0.5815
1999-05-05,0.041600000000000005,0.5881000000000001
1999-05-06,0.0459,0.5924
1999-05-07,0.047400000000000005,0.5939
1999-05-08,0.0461,0.5926
1999-05-09,0.043000000000000003,0.5895
1999-05-10,0.0395,0.5860000000000001
1999-05-11,0.0371,0.5836
1999-05-12,0.036500000000000005,0.5830000000000001
1999-05-13,0.0378,0.5843
1999-05-14,0.040100000000000004,0.5866
1999-05-15,0.042,0.5885
1999-05-16,0.0424,0.5889
1999-05-17,0.0407,0.5872
1999-05-18,0.0374,0.5839
1999-05-19,0.033,0.5795
1999-05-20,0.0285,0.5750000000000001
1999-05-21,0.0244,0.5709000000000001
1999-05-22,0.0204,0.5669000000000001
1999-05-23,0.0161,0.5626
1999-05-24,0.011300000000000001,0.5578000000000001
1999-05-25,0.0056,0.5521
1999-05-26,-0.0005,0.546
1999-05-27,-0.0066,0.5399
1999-05-28,-0.0117,0.5348
1999-05-29,-0.015000000000000001,0.5315
1999-05-30,-0.016300000000000002,0.5302
1999-05-31,-0.015300000000000001,0.5312
1999-06-01,-0.0126,0.5339
1999-06-02,-0.0089,0.5376000000000001
1999-06-03,-0.0043,0.5422
1999-06-04,0.0002,0.5467000000000001
1999-06-05,0.0046,0.5511
1999-06-06,0.0083,0.5548000000000001
1999-06-07,0.0112,0.5577
1999-06-08,0.0132,0.5597
1999-06-09,0.0142,0.5607
1999-06-10,0.014100000000000001,0.5606
1999-06-11,0.0132,0.5597
1999-06-12,0.0115,0.558
1999-06-13,0.009600000000000001,0.5561
1999-06-14,0.0086,0.5551
1999-06-15,0.0086,0.5551
1999-06-16,0.01,0.5565
1999-06-17,0.012400000000000001,0.5589000000000001
1999-06-18,0.015000000000000001,0.5615
1999-06-19,0.0167,0.5632
1999-06-20,0.0166,0.5631
1999-06-21,0.014700000000000001,0.5612
1999-06-22,0.011000000000000001,0.5575
1999-06-23,0.006,0.5525
1999-06-24,0.0005,0.547
1999-06-25,-0.005,0.5415
1999-06-26,-0.0099,0.5366000000000001
1999-06-27,-0.0137,0.5328
1999-06-28,-0.0164,0.5301
1999-06-29,-0.018000000000000002,0.5285000000000001
1999-06-30,-0.0188,0.5277000000000001
1999-07-01,-0.019200000000000002,0.5273
1999-07-02,-0.0195,0.527
1999-07-03,-0.0199,0.5266000000000001
1999-07-04,-0.0206,0.5259
1999-07-05,-0.0216,0.5249
1999-07-06,-0.0227,0.5238
1999-07-07,-0.024200000000000003,0.5223
1999-07-08,-0.0264,0.5201
1999-07-09,-0.028800000000000003,0.5177
1999-07-10,-0.031200000000000002,0.5153
1999-07-11,-0.0328,0.5137
1999-07-12,-0.0333,0.5132
1999-07-13,-0.0328,0.5137
1999-07-14,-0.0315,0.515
1999-07-15,-0.0304,0.5161
1999-07-16,-0.0297,0.5168
1999-07-17,-0.0302,0.5163
1999-07-18,-0.0316,0.5149
1999-07-19,-0.0335,0.513
1999-07-20,-0.035300000000000005,0.5112
1999-07-21,-0.0363,0.5102
1999-07-22,-0.036000000000000004,0.5105000000000001
1999-07-23,-0.0345,0.512
1999-07-24,-0.0324,0.5141
1999-07-25,-0.0302,0.5163
1999-07-26,-0.028800000000000003,0.5177
1999-07-27,-0.0287,0.5178
1999-07-28,-0.0302,0.5163
1999-07-29,-0.033,0.5135000000000001
1999-07-30,-0.036500000000000005,0.51
1999-07-31,-0.0403,0.5062
1999-08-01,-0.0434,0.5031
1999-08-02,-0.0453,0.5012
1999-08-03,-0.0459,0.5006
1999-08-04,-0.0453,0.5012
1999-08-05,-0.0439,0.5026
1999-08-06,-0.0424,0.5041
1999-08-07,-0.0415,0.505
1999-08-08,-0.041800000000000004,0.5047
1999-08-09,-0.0437,0.5028
1999-08-10,-0.047400000000000005,0.49910000000000004
1999-08-11,-0.0528,0.4937
1999-08-12,-0.059000000000000004,0.48750000000000004
1999-08-13,-0.0654,0.4811
1999-08-14,-0.07100000000000001,0.47550000000000003
1999-08-15,-0.0748,0.4717
1999-08-16,-0.0763,0.4702
1999-08-17,-0.0751,0.47140000000000004
1999-08-18,-0.0714,0.4751
1999-08-19,-0.0663,0.4802
1999-08-20,-0.0609,0.48560000000000003
1999-08-21,-0.0563,0.4902
1999-08-22,-0.0539,0.49260000000000004
1999-08-23,-0.0546,0.4919
1999-08-24,-0.0587,0.4878
1999-08-25,-0.0658,0.4807
1999-08-26,-0.0752,0.4713
1999-08-27,-0.0854,0.4611
1999-08-28,-0.095,0.4515
1999-08-29,-0.1024,0.4441
1999-08-30,-0.10700000000000001,0.4395
1999-08-31,-0.10840000000000001,0.43810000000000004
1999-09-01,-0.1072,0.4393
1999-09-02,-0.1041,0.4424
1999-09-03,-0.10010000000000001,0.4464
1999-09-04,-0.0966,0.4499
1999-09-05,-0.0942,0.45230000000000004
1999-09-06,-0.0935,0.453
1999-09-07,-0.0942,0.45230000000000004
1999-09-08,-0.096,0.4505
1999-09-09,-0.09770000000000001,0.44880000000000003
1999-09-10,-0.0988,0.44770000000000004
1999-09-11,-0.0984,0.4481
1999-09-12,-0.0961,0.4504
1999-09-13,-0.0922,0.45430000000000004
1999-09-14,-0.08710000000000001,0.45940000000000003
1999-09-15,-0.0818,0.4647
1999-09-16,-0.0772,0.4693
1999-09-17,-0.07390000000000001,0.4726
1999-09-18,-0.0723,0.4742
1999-09-19,-0.0722,0.4743
1999-09-20,-0.0728,0.4737
1999-09-21,-0.0731,0.47340000000000004
1999-09-22,-0.0721,0.47440000000000004
1999-09-23,-0.0695,0.47700000000000004
1999-09-24,-0.0661,0.48040000000000005
1999-09-25,-0.06280000000000001,0.4837
1999-09-26,-0.0613,0.4852
1999-09-27,-0.06280000000000001,0.4837
1999-09-28,-0.0673,0.4792
1999-09-29,-0.07440000000000001,0.4721
1999-09-30,-0.0826,0.46390000000000003
1999-10-01,-0.0902,0.45630000000000004
1999-10-02,-0.0955,0.451
1999-10-03,-0.0976,0.4489
1999-10-04,-0.0959,0.4506
1999-10-05,-0.0912,0.45530000000000004
1999-10-06,-0.0844,0.4621
1999-10-07,-0.07730000000000001,0.4692
1999-10-08,-0.0713,0.4752
1999-10-09,-0.06760000000000001,0.47890000000000005
1999-10-10,-0.0665,0.48000000000000004
1999-10-11,-0.0674,0.4791
1999-10-12,-0.06960000000000001,0.47690000000000005
1999-10-13,-0.0719,0.4746
1999-10-14,-0.0732,0.4733
1999-10-15,-0.0728,0.4737
1999-10-16,-0.07050000000000001,0.47600000000000003
1999-10-17,-0.067,0.47950000000000004
1999-10-18,-0.0627,0.4838
1999-10-19,-0.0587,0.4878
1999-10-20,-0.056100000000000004,0.4904
1999-10-21,-0.055,0.49150000000000005
1999-10-22,-0.0557,0.4908
1999-10-23,-0.057,0.48950000000000005
1999-10-24,-0.0579,0.48860000000000003
1999-10-25,-0.057100000000000005,0.4894
1999-10-26,-0.054,0.49250000000000005
1999-10-27,-0.048600000000000004,0.4979
1999-10-28,-0.041800000000000004,0.5047
1999-10-29,-0.034800000000000005,0.5117
1999-10-30,-0.0292,0.5173
1999-10-31,-0.026500000000000003,0.52
1999-11-01,-0.0273,0.5192
1999-11-02,-0.031400000000000004,0.5151
1999-11-03,-0.0383,0.5082
1999-11-04,-0.046700000000000005,0.4998
1999-11-05,-0.0553,0.4912
1999-11-06,-0.0632,0.4833
1999-11-07,-0.0692,0.4773
1999-11-08,-0.0733,0.4732
1999-11-09,-0.0753,0.4712
1999-11-10,-0.0757,0.4708
1999-11-11,-0.0745,0.47200000000000003
1999-11-12,-0.07200000000000001,0.47450000000000003
1999-11-13,-0.069,0.47750000000000004
1999-11-14,-0.0665,0.48000000000000004
1999-11-15,-0.06570000000000001,0.4808
1999-11-16,-0.0673,0.4792
1999-11-17,-0.0712,0.4753
1999-11-18,-0.07730000000000001,0.4692
1999-11-19,-0.0838,0.4627
1999-11-20,-0.0891,0.45740000000000003
1999-11-21,-0.092,0.4545
1999-11-22,-0.0917,0.45480000000000004
1999-11-23,-0.0892,0.45730000000000004
1999-11-24,-0.0857,0.46080000000000004
1999-11-25,-0.0829,0.4636
1999-11-26,-0.0821,0.46440000000000003
1999-11-27,-0.08360000000000001,0.46290000000000003
1999-11-28,-0.0869,0.4596
1999-11-29,-0.0911,0.4554
1999-11-30,-0.09530000000000001,0.45120000000000005
1999-12-01,-0.0985,0.448
1999-12-02,-0.1004,0.4461
1999-12-03,-0.1013,0.44520000000000004
1999-12-04,-0.1014,0.4451
1999-12-05,-0.10110000000000001,0.4454
1999-12-06,-0.10110000000000001,0.4454
1999-12-07,-0.1013,0.44520000000000004
1999-12-08,-0.1013,0.44520000000000004
1999-12-09,-0.10070000000000001,0.44580000000000003
1999-12-10,-0.0989,0.4476
1999-12-11,-0.0959,0.4506
1999-12-12,-0.0921,0.4544
1999-12-13,-0.0879,0.4586
1999-12-14,-0.08360000000000001,0.46290000000000003
1999-12-15,-0.08,0.4665
1999-12-16,-0.07690000000000001,0.4696
1999-12-17,-0.0747,0.4718
1999-12-18,-0.0729,0.4736
1999-12-19,-0.0711,0.47540000000000004
1999-12-20,-0.0688,0.4777
1999-12-21,-0.0653,0.4812
1999-12-22,-0.0609,0.48560000000000003
1999-12-23,-0.0555,0.49100000000000005
1999-12-24,-0.0497,0.4968
1999-12-25,-0.0441,0.5024000000000001
1999-12-26,-0.0397,0.5068
1999-12-27,-0.0373,0.5092
1999-12-28,-0.0376,0.5089
1999-12-29,-0.0409,0.5056
1999-12-30,-0.0466,0.4999
1999-12-31,-0.0539,0.49260000000000004
2000-01-01,-0.061700000000000005,0.4848
2000-01-02,-0.069,0.47750000000000004
2000-01-03,-0.0751,0.47140000000000004
2000-01-04,-0.0792,0.46730000000000005
2000-01-05,-0.08120000000000001,0.46530000000000005
2000-01-06,-0.081,0.4655
2000-01-07,-0.07880000000000001,0.4677
2000-01-08,-0.07490000000000001,0.4716
2000-01-09,-0.07010000000000001,0.47640000000000005
2000-01-10,-0.0653,0.4812
2000-01-11,-0.061000000000000006,0.48550000000000004
2000-01-12,-0.057600000000000005,0.4889
2000-01-13,-0.0551,0.4914
2000-01-14,-0.0536,0.4929
2000-01-15,-0.053200000000000004,0.4933
2000-01-16,-0.054,0.49250000000000005
2000-01-17,-0.0562,0.4903
2000-01-18,-0.059500000000000004,0.48700000000000004
2000-01-19,-0.0641,0.4824
2000-01-20,-0.0692,0.4773
2000-01-21,-0.07400000000000001,0.47250000000000003
2000-01-22,-0.0779,0.4686
2000-01-23,-0.07970000000000001,0.46680000000000005
2000-01-24,-0.0786,0.46790000000000004
2000-01-25,-0.0747,0.4718
2000-01-26,-0.06810000000000001,0.47840000000000005
2000-01-27,-0.0599,0.48660000000000003
2000-01-28,-0.0511,0.4954
2000-01-29,-0.0431,0.5034000000000001
2000-01-30,-0.0363,0.5102
2000-01-31,-0.031100000000000003,0.5154
2000-02-01,-0.0274,0.5191
2000-02-02,-0.0244,0.5221
2000-02-03,-0.0218,0.5247
2000-02-04,-0.019100000000000002,0.5274
2000-02-05,-0.0161,0.5304
2000-02-06,-0.012700000000000001,0.5338
2000-02-07,-0.0097,0.5368
2000-02-08,-0.007500000000000001,0.539
2000-02-09,-0.007200000000000001,0.5393
2000-02-10,-0.0088,0.5377000000000001
2000-02-11,-0.0123,0.5342
2000-02-12,-0.017,0.5295
2000-02-13,-0.022000000000000002,0.5245000000000001
2000-02-14,-0.026600000000000002,0.5199
2000-02-15,-0.030500000000000003,0.516
2000-02-16,-0.033600000000000005,0.5129
2000-02-17,-0.0363,0.5102
2000-02-18,-0.0392,0.5073
2000-02-19,-0.0426,0.5039
2000-02-20,-0.046400000000000004,0.5001
2000-02-21,-0.0504,0.49610000000000004
2000-02-22,-0.053700000000000005,0.4928
2000-02-23,-0.055200000000000006,0.4913
2000-02-24,-0.054,0.49250000000000005
2000-02-25,-0.050100000000000006,0.4964
2000-02-26,-0.043500000000000004,0.503
2000-02-27,-0.0351,0.5114000000000001
2000-02-28,-0.0262,0.5203
2000-02-29,-0.0183,0.5282
2000-03-01,-0.0125,0.534
2000-03-02,-0.0089,0.5376000000000001
2000-03-03,-0.0076,0.5389
2000-03-04,-0.0078000000000000005,0.5387000000000001
2000-03-05,-0.008400000000000001,0.5381
2000-03-06,-0.0086,0.5379
2000-03-07,-0.0079,0.5386000000000001
2000-03-08,-0.0058000000000000005,0.5407000000000001
2000-03-09,-0.0027,0.5438000000000001
2000-03-10,0.0013000000000000002,0.5478000000000001
2000-03-11,0.0055000000000000005,0.552
2000-03-12,0.009600000000000001,0.5561
2000-03-13,0.0129,0.5594
2000-03-14,0.015600000000000001,0.5621
2000-03-15,0.0175,0.5640000000000001
2000-03-16,0.019200000000000002,0.5657
2000-03-17,0.021,0.5675
2000-03-18,0.023200000000000002,0.5697
2000-03-19,0.025400000000000002,0.5719000000000001
2000-03-20,0.027,0.5735
2000-03-21,0.0273,0.5738
2000-03-22,0.025900000000000003,0.5724
2000-03-23,0.023100000000000002,0.5696
2000-03-24,0.0194,0.5659000000000001
2000-03-25,0.015300000000000001,0.5618000000000001
2000-03-26,0.011600000000000001,0.5581
2000-03-27,0.0089,0.5554
2000-03-28,0.0071,0.5536
2000-03-29,0.006200000000000001,0.5527000000000001
2000-03-30,0.0063,0.5528000000000001
2000-03-31,0.0073,0.5538000000000001
2000-04-01,0.0094,0.5559000000000001
2000-04-02,0.012700000000000001,0.5592
2000-04-03,0.0171,0.5636
2000-04-04,0.0221,0.5686
2000-04-05,0.0273,0.5738
2000-04-06,0.0316,0.5781000000000001
2000-04-07,0.0345,0.5810000000000001
2000-04-08,0.0357,0.5822
2000-04-09,0.0352,0.5817
2000-04-10,0.0335,0.5800000000000001
2000-04-11,0.031400000000000004,0.5779000000000001
2000-04-12,0.0298,0.5763
2000-04-13,0.0291,0.5756
2000-04-14,0.029400000000000003,0.5759000000000001
2000-04-15,0.0308,0.5773
2000-04-16,0.0328,0.5793
2000-04-17,0.0351,0.5816
2000-04-18,0.0376,0.5841000000000001
2000-04-19,0.0402,0.5867
2000-04-20,0.043000000000000003,0.5895
2000-04-21,0.0459,0.5924
2000-04-22,0.0487,0.5952000000000001
2000-04-23,0.051000000000000004,0.5975
2000-04-24,0.0526,0.5991000000000001
2000-04-25,0.0536,0.6001000000000001
2000-04-26,0.0541,0.6006
2000-04-27,0.0543,0.6008
2000-04-28,0.0545,0.601
2000-04-29,0.0546,0.6011000000000001
2000-04-30,0.054900000000000004,0.6014
2000-05-01,0.055400000000000005,0.6019
2000-05-02,0.056100000000000004,0.6026
2000-05-03,0.0567,0.6032000000000001
2000-05-04,0.0572,0.6037
2000-05-05,0.057800000000000004,0.6043000000000001
2000-05-06,0.059000000000000004,0.6055
2000-05-07,0.0609,0.6074
2000-05-08,0.0635,0.61
2000-05-09,0.0665,0.613
2000-05-10,0.0689,0.6154000000000001
2000-05-11,0.0699,0.6164000000000001
2000-05-12,0.069,0.6155
2000-05-13,0.066,0.6125
2000-05-14,0.061500000000000006,0.608
2000-05-15,0.056100000000000004,0.6026
2000-05-16,0.051300000000000005,0.5978
2000-05-17,0.048100000000000004,0.5946
2000-05-18,0.0476,0.5941000000000001
2000-05-19,0.0499,0.5964
2000-05-20,0.0543,0.6008
2000-05-21,0.059800000000000006,0.6063000000000001
2000-05-22,0.06520000000000001,0.6117
2000-05-23,0.0694,0.6159
2000-05-24,0.0718,0.6183000000000001
2000-05-25,0.0723,0.6188
2000-05-26,0.0717,0.6182000000000001
2000-05-27,0.0704,0.6169
2000-05-28,0.0692,0.6157
2000-05-29,0.0688,0.6153000000000001
2000-05-30,0.06910000000000001,0.6156
2000-05-31,0.07010000000000001,0.6166
2000-06-01,0.0712,0.6177
2000-06-02,0.0716,0.6181
2000-06-03,0.0709,0.6174000000000001
2000-06-04,0.0688,0.6153000000000001
2000-06-05,0.0656,0.6121
2000-06-06,0.0614,0.6079
2000-06-07,0.057,0.6035
2000-06-08,0.052700000000000004,0.5992000000000001
2000-06-09,0.0489,0.5954
2000-06-10,0.0454,0.5919
2000-06-11,0.0424,0.5889
2000-06-12,0.039400000000000004,0.5859
2000-06-13,0.0364,0.5829
2000-06-14,0.0335,0.5800000000000001
2000-06-15,0.0308,0.5773
2000-06-16,0.0286,0.5751000000000001
2000-06-17,0.027100000000000003,0.5736
2000-06-18,0.026600000000000002,0.5731
2000-06-19,0.0267,0.5732
2000-06-20,0.0279,0.5744
2000-06-21,0.030100000000000002,0.5766
2000-06-22,0.033100000000000004,0.5796
2000-06-23,0.0364,0.5829
2000-06-24,0.038900000000000004,0.5854
2000-06-25,0.0402,0.5867
2000-06-26,0.0392,0.5857
2000-06-27,0.0364,0.5829
2000-06-28,0.032,0.5785
2000-06-29,0.027,0.5735
2000-06-30,0.0222,0.5687
2000-07-01,0.018500000000000003,0.5650000000000001
2000-07-02,0.016,0.5625
2000-07-03,0.0148,0.5613
2000-07-04,0.0143,0.5608000000000001
2000-07-05,0.0143,0.5608000000000001
2000-07-06,0.0143,0.5608000000000001
2000-07-07,0.013800000000000002,0.5603
2000-07-08,0.0126,0.5591
2000-07-09,0.010700000000000001,0.5572
2000-07-10,0.0077,0.5542
2000-07-11,0.0039000000000000003,0.5504
2000-07-12,-0.0005,0.546
2000-07-13,-0.0056,0.5409
2000-07-14,-0.0108,0.5357000000000001
2000-07-15,-0.015700000000000002,0.5308
2000-07-16,-0.0201,0.5264
2000-07-17,-0.023700000000000002,0.5228
2000-07-18,-0.026600000000000002,0.5199
2000-07-19,-0.029,0.5175000000000001
2000-07-20,-0.0308,0.5157
2000-07-21,-0.032600000000000004,0.5139
2000-07-22,-0.0341,0.5124000000000001
2000-07-23,-0.0351,0.5114000000000001
2000-07-24,-0.035300000000000005,0.5112
2000-07-25,-0.035,0.5115000000000001
2000-07-26,-0.034,0.5125000000000001
2000-07-27,-0.0324,0.5141
2000-07-28,-0.0307,0.5158
2000-07-29,-0.0292,0.5173
2000-07-30,-0.0281,0.5184
2000-07-31,-0.0279,0.5186000000000001
2000-08-01,-0.0291,0.5174
2000-08-02,-0.031200000000000002,0.5153
2000-08-03,-0.0337,0.5128
2000-08-04,-0.0362,0.5103
2000-08-05,-0.038400000000000004,0.5081
2000-08-06,-0.0403,0.5062
2000-08-07,-0.042100000000000005,0.5044000000000001
2000-08-08,-0.0439,0.5026
2000-08-09,-0.0461,0.5004000000000001
2000-08-10,-0.0483,0.49820000000000003
2000-08-11,-0.0504,0.49610000000000004
2000-08-12,-0.051800000000000006,0.49470000000000003
2000-08-13,-0.052700000000000004,0.4938
2000-08-14,-0.0529,0.49360000000000004
2000-08-15,-0.052500000000000005,0.49400000000000005
2000-08-16,-0.051800000000000006,0.49470000000000003
2000-08-17,-0.0509,0.49560000000000004
2000-08-18,-0.050100000000000006,0.4964
2000-08-19,-0.0494,0.49710000000000004
2000-08-20,-0.0488,0.49770000000000003
2000-08-21,-0.0483,0.49820000000000003
2000-08-22,-0.0478,0.49870000000000003
2000-08-23,-0.0475,0.499
2000-08-24,-0.0473,0.49920000000000003
2000-08-25,-0.0472,0.4993
2000-08-26,-0.047400000000000005,0.49910000000000004
2000-08-27,-0.0478,0.49870000000000003
2000-08-28,-0.047900000000000005,0.49860000000000004
2000-08-29,-0.047900000000000005,0.49860000000000004
2000-08-30,-0.047400000000000005,0.49910000000000004
2000-08-31,-0.0465,0.5
2000-09-01,-0.0456,0.5009
2000-09-02,-0.0449,0.5016
2000-09-03,-0.044500000000000005,0.502
2000-09-04,-0.0449,0.5016
2000-09-05,-0.046400000000000004,0.5001
2000-09-06,-0.0492,0.4973
2000-09-07,-0.0531,0.4934
2000-09-08,-0.0574,0.48910000000000003
2000-09-09,-0.061500000000000006,0.48500000000000004
2000-09-10,-0.0646,0.48190000000000005
2000-09-11,-0.0661,0.48040000000000005
2000-09-12,-0.06570000000000001,0.4808
2000-09-13,-0.06380000000000001,0.4827
2000-09-14,-0.060700000000000004,0.4858
2000-09-15,-0.0575,0.48900000000000005
2000-09-16,-0.055,0.49150000000000005
2000-09-17,-0.053700000000000005,0.4928
2000-09-18,-0.0541,0.4924
2000-09-19,-0.055900000000000005,0.49060000000000004
2000-09-20,-0.058600000000000006,0.4879
2000-09-21,-0.0616,0.4849
2000-09-22,-0.0641,0.4824
2000-09-23,-0.0659,0.4806
2000-09-24,-0.0666,0.47990000000000005
2000-09-25,-0.0658,0.4807
2000-09-26,-0.06380000000000001,0.4827
2000-09-27,-0.0606,0.4859
2000-09-28,-0.0568,0.4897
2000-09-29,-0.0529,0.49360000000000004
2000-09-30,-0.049100000000000005,0.4974
2000-10-01,-0.0458,0.5007
2000-10-02,-0.043000000000000003,0.5035000000000001
2000-10-03,-0.0409,0.5056
2000-10-04,-0.0393,0.5072
2000-10-05,-0.038400000000000004,0.5081
2000-10-06,-0.038200000000000005,0.5083
2000-10-07,-0.038900000000000004,0.5076
2000-10-08,-0.040100000000000004,0.5064000000000001
2000-10-09,-0.041800000000000004,0.5047
2000-10-10,-0.0438,0.5027
2000-10-11,-0.0455,0.501
2000-10-12,-0.046200000000000005,0.5003000000000001
2000-10-13,-0.0454,0.5011
2000-10-14,-0.0429,0.5036
2000-10-15,-0.0392,0.5073
2000-10-16,-0.0351,0.5114000000000001
2000-10-17,-0.031900000000000005,0.5146000000000001
2000-10-18,-0.0302,0.5163
2000-10-19,-0.0309,0.5156000000000001
2000-10-20,-0.0337,0.5128
2000-10-21,-0.038200000000000005,0.5083
2000-10-22,-0.0432,0.5033
2000-10-23,-0.0477,0.4988
2000-10-24,-0.0505,0.496
2000-10-25,-0.050800000000000005,0.49570000000000003
2000-10-26,-0.0488,0.49770000000000003
2000-10-27,-0.0454,0.5011
2000-10-28,-0.0417,0.5048
2000-10-29,-0.0392,0.5073
2000-10-30,-0.038400000000000004,0.5081
2000-10-31,-0.0395,0.507
2000-11-01,-0.0422,0.5043
2000-11-02,-0.0454,0.5011
2000-11-03,-0.048100000000000004,0.4984
2000-11-04,-0.0497,0.4968
2000-11-05,-0.0497,0.4968
2000-11-06,-0.048100000000000004,0.4984
2000-11-07,-0.0456,0.5009
2000-11-08,-0.0429,0.5036
2000-11-09,-0.0409,0.5056
2000-11-10,-0.0402,0.5063
2000-11-11,-0.0413,0.5052
2000-11-12,-0.0444,0.5021
2000-11-13,-0.0487,0.4978
2000-11-14,-0.054,0.49250000000000005
2000-11-15,-0.0592,0.4873
2000-11-16,-0.0637,0.4828
2000-11-17,-0.06720000000000001,0.4793
2000-11-18,-0.0698,0.4767
2000-11-19,-0.0712,0.4753
2000-11-20,-0.07200000000000001,0.47450000000000003
2000-11-21,-0.07200000000000001,0.47450000000000003
2000-11-22,-0.0713,0.4752
2000-11-23,-0.0703,0.4762
2000-11-24,-0.0694,0.4771
2000-11-25,-0.0687,0.4778
2000-11-26,-0.06860000000000001,0.47790000000000005
2000-11-27,-0.0688,0.4777
2000-11-28,-0.06910000000000001,0.47740000000000005
2000-11-29,-0.0688,0.4777
2000-11-30,-0.06720000000000001,0.4793
2000-12-01,-0.064,0.48250000000000004
2000-12-02,-0.0591,0.4874
2000-12-03,-0.053000000000000005,0.49350000000000005
2000-12-04,-0.0466,0.4999
2000-12-05,-0.0409,0.5056
2000-12-06,-0.0375,0.509
2000-12-07,-0.037200000000000004,0.5093
2000-12-08,-0.04,0.5065000000000001
2000-12-09,-0.045200000000000004,0.5013000000000001
2000-12-10,-0.051800000000000006,0.49470000000000003
2000-12-11,-0.0579,0.48860000000000003
2000-12-12,-0.062400000000000004,0.48410000000000003
2000-12-13,-0.0641,0.4824
2000-12-14,-0.063,0.48350000000000004
2000-12-15,-0.059300000000000005,0.4872
2000-12-16,-0.0541,0.4924
2000-12-17,-0.0487,0.4978
2000-12-18,-0.0443,0.5022
2000-12-19,-0.0415,0.505
2000-12-20,-0.0405,0.506
2000-12-21,-0.0414,0.5051
2000-12-22,-0.0438,0.5027
2000-12-23,-0.0472,0.4993
2000-12-24,-0.0507,0.4958
2000-12-25,-0.053500000000000006,0.49300000000000005
2000-12-26,-0.0548,0.4917
2000-12-27,-0.0545,0.49200000000000005
2000-12-28,-0.052500000000000005,0.49400000000000005
2000-12-29,-0.0494,0.49710000000000004
2000-12-30,-0.0459,0.5006
2000-12-31,-0.042800000000000005,0.5037
2001-01-01,-0.041,0.5055000000000001
2001-01-02,-0.040400000000000005,0.5061
2001-01-03,-0.041,0.5055000000000001
2001-01-04,-0.0424,0.5041
2001-01-05,-0.0437,0.5028
2001-01-06,-0.0448,0.5017
2001-01-07,-0.0453,0.5012
2001-01-08,-0.0455,0.501
2001-01-09,-0.0459,0.5006
2001-01-10,-0.046400000000000004,0.5001
2001-01-11,-0.0472,0.4993
2001-01-12,-0.048100000000000004,0.4984
2001-01-13,-0.048600000000000004,0.4979
2001-01-14,-0.048400000000000006,0.49810000000000004
2001-01-15,-0.046700000000000005,0.4998
2001-01-16,-0.043000000000000003,0.5035000000000001
2001-01-17,-0.0374,0.5091
2001-01-18,-0.029900000000000003,0.5166000000000001
2001-01-19,-0.0213,0.5252
2001-01-20,-0.0122,0.5343
2001-01-21,-0.0038,0.5427000000000001
2001-01-22,0.0028,0.5493
2001-01-23,0.0067,0.5532
2001-01-24,0.0074,0.5539000000000001
2001-01-25,0.0047,0.5512
2001-01-26,-0.0008,0.5457000000000001
2001-01-27,-0.008,0.5385
2001-01-28,-0.015300000000000001,0.5312
2001-01-29,-0.021400000000000002,0.5251
2001-01-30,-0.024900000000000002,0.5216000000000001
2001-01-31,-0.0253,0.5212
2001-02-01,-0.022600000000000002,0.5239
2001-02-02,-0.0172,0.5293
2001-02-03,-0.0102,0.5363
2001-02-04,-0.0023,0.5442
2001-02-05,0.0053,0.5518000000000001
2001-02-06,0.011600000000000001,0.5581
2001-02-07,0.0162,0.5627
2001-02-08,0.0189,0.5654
2001-02-09,0.0198,0.5663
2001-02-10,0.0193,0.5658000000000001
2001-02-11,0.018000000000000002,0.5645
2001-02-12,0.016900000000000002,0.5634
2001-02-13,0.0166,0.5631
2001-02-14,0.0175,0.5640000000000001
2001-02-15,0.0201,0.5666
2001-02-16,0.0241,0.5706
2001-02-17,0.029400000000000003,0.5759000000000001
2001-02-18,0.0351,0.5816
2001-02-19,0.041100000000000005,0.5876
2001-02-20,0.047,0.5935
2001-02-21,0.052500000000000005,0.599
2001-02-22,0.0568,0.6033000000000001
2001-02-23,0.0596,0.6061000000000001
2001-02-24,0.060700000000000004,0.6072000000000001
2001-02-25,0.060000000000000005,0.6065
2001-02-26,0.058100000000000006,0.6046
2001-02-27,0.0553,0.6018
2001-02-28,0.0524,0.5989
2001-03-01,0.0497,0.5962000000000001
2001-03-02,0.047400000000000005,0.5939
2001-03-03,0.0458,0.5923
2001-03-04,0.044700000000000004,0.5912000000000001
2001-03-05,0.044000000000000004,0.5905
2001-03-06,0.043500000000000004,0.5900000000000001
2001-03-07,0.0429,0.5894
2001-03-08,0.042300000000000004,0.5888
2001-03-09,0.0414,0.5879
2001-03-10,0.0398,0.5863
2001-03-11,0.037700000000000004,0.5842
2001-03-12,0.0347,0.5812
2001-03-13,0.031200000000000002,0.5777
2001-03-14,0.028,0.5745
2001-03-15,0.0256,0.5721
2001-03-16,0.0245,0.5710000000000001
2001-03-17,0.0247,0.5712
2001-03-18,0.025900000000000003,0.5724
2001-03-19,0.0274,0.5739000000000001
2001-03-20,0.028800000000000003,0.5753
2001-03-21,0.029400000000000003,0.5759000000000001
2001-03-22,0.0292,0.5757
2001-03-23,0.0274,0.5739000000000001
2001-03-24,0.0252,0.5717
2001-03-25,0.0229,0.5694
2001-03-26,0.0217,0.5682
2001-03-27,0.0224,0.5689000000000001
2001-03-28,0.0252,0.5717
2001-03-29,0.029900000000000003,0.5764
2001-03-30,0.035500000000000004,0.5820000000000001
2001-03-31,0.0414,0.5879
2001-04-01,0.0465,0.5930000000000001
2001-04-02,0.0506,0.5971000000000001
2001-04-03,0.0529,0.5994
2001-04-04,0.0533,0.5998
2001-04-05,0.0523,0.5988
2001-04-06,0.0502,0.5967
2001-04-07,0.048400000000000006,0.5949
2001-04-08,0.0475,0.5940000000000001
2001-04-09,0.0476,0.5941000000000001
2001-04-10,0.0488,0.5953
2001-04-11,0.050800000000000005,0.5973
2001-04-12,0.0529,0.5994
2001-04-13,0.0541,0.6006
2001-04-14,0.0541,0.6006
2001-04-15,0.0522,0.5987
2001-04-16,0.0483,0.5948
2001-04-17,0.043000000000000003,0.5895
2001-04-18,0.0371,0.5836
2001-04-19,0.031200000000000002,0.5777
2001-04-20,0.0262,0.5727
2001-04-21,0.022600000000000002,0.5691
2001-04-22,0.0204,0.5669000000000001
2001-04-23,0.0199,0.5664
2001-04-24,0.020800000000000003,0.5673
2001-04-25,0.0227,0.5692
2001-04-26,0.0252,0.5717
2001-04-27,0.0281,0.5746
2001-04-28,0.031400000000000004,0.5779000000000001
2001-04-29,0.035,0.5815
2001-04-30,0.038900000000000004,0.5854
2001-05-01,0.0429,0.5894
2001-05-02,0.0473,0.5938
2001-05-03,0.051800000000000006,0.5983
2001-05-04,0.0563,0.6028
2001-05-05,0.0606,0.6071000000000001
2001-05-06,0.06470000000000001,0.6112000000000001
2001-05-07,0.0683,0.6148
2001-05-08,0.0717,0.6182000000000001
2001-05-09,0.0748,0.6213000000000001
2001-05-10,0.07730000000000001,0.6238
2001-05-11,0.0786,0.6251
2001-05-12,0.0787,0.6252
2001-05-13,0.0775,0.624
2001-05-14,0.07490000000000001,0.6214000000000001
2001-05-15,0.0713,0.6178
2001-05-16,0.0671,0.6136
2001-05-17,0.0626,0.6091
2001-05-18,0.058100000000000006,0.6046
2001-05-19,0.0541,0.6006
2001-05-20,0.0507,0.5972000000000001
2001-05-21,0.0475,0.5940000000000001
2001-05-22,0.0444,0.5909
2001-05-23,0.041,0.5875
2001-05-24,0.037000000000000005,0.5835
2001-05-25,0.032600000000000004,0.5791000000000001
2001-05-26,0.028300000000000002,0.5748
2001-05-27,0.0246,0.5711
2001-05-28,0.0219,0.5684
2001-05-29,0.0205,0.5670000000000001
2001-05-30,0.0205,0.5670000000000001
2001-05-31,0.022000000000000002,0.5685
2001-06-01,0.024300000000000002,0.5708
2001-06-02,0.0268,0.5733
2001-06-03,0.0285,0.5750000000000001
2001-06-04,0.028800000000000003,0.5753
2001-06-05,0.027700000000000002,0.5742
2001-06-06,0.024900000000000002,0.5714
2001-06-07,0.021500000000000002,0.5680000000000001
2001-06-08,0.018000000000000002,0.5645
2001-06-09,0.015300000000000001,0.5618000000000001
2001-06-10,0.013600000000000001,0.5601
2001-06-11,0.0125,0.559
2001-06-12,0.011600000000000001,0.5581
2001-06-13,0.0103,0.5568000000000001
2001-06-14,0.0079,0.5544
2001-06-15,0.0044,0.5509000000000001
2001-06-16,0.0001,0.5466
2001-06-17,-0.0044,0.5421
2001-06-18,-0.0082,0.5383
2001-06-19,-0.010400000000000001,0.5361
2001-06-20,-0.010400000000000001,0.5361
2001-06-21,-0.008400000000000001,0.5381
2001-06-22,-0.0053,0.5412
2001-06-23,-0.0021000000000000003,0.5444
2001-06-24,0.0,0.5465
2001-06-25,0.0008,0.5473
2001-06-26,0.0008,0.5473
2001-06-27,0.0011,0.5476
2001-06-28,0.0025,0.549
2001-06-29,0.0054,0.5519000000000001
2001-06-30,0.009300000000000001,0.5558000000000001
2001-07-01,0.013300000000000001,0.5598000000000001
2001-07-02,0.0161,0.5626
2001-07-03,0.0172,0.5637
2001-07-04,0.0162,0.5627
2001-07-05,0.013800000000000002,0.5603
2001-07-06,0.0111,0.5576
2001-07-07,0.0089,0.5554
2001-07-08,0.0081,0.5546
2001-07-09,0.0086,0.5551
2001-07-10,0.0098,0.5563
2001-07-11,0.0106,0.5571
2001-07-12,0.0102,0.5567
2001-07-13,0.008400000000000001,0.5549000000000001
2001-07-14,0.0054,0.5519000000000001
2001-07-15,0.0017000000000000001,0.5482
2001-07-16,-0.0014,0.5451
2001-07-17,-0.0032,0.5433
2001-07-18,-0.0035,0.543
2001-07-19,-0.0024000000000000002,0.5441
2001-07-20,-0.0009000000000000001,0.5456
2001-07-21,0.0001,0.5466
2001-07-22,-0.0008,0.5457000000000001
2001-07-23,-0.0038,0.5427000000000001
2001-07-24,-0.008700000000000001,0.5378000000000001
2001-07-25,-0.0146,0.5319
2001-07-26,-0.0204,0.5261
2001-07-27,-0.0251,0.5214
2001-07-28,-0.0284,0.5181
2001-07-29,-0.030000000000000002,0.5165000000000001
2001-07-30,-0.031,0.5155000000000001
2001-07-31,-0.0318,0.5147
2001-08-01,-0.0337,0.5128
2001-08-02,-0.0363,0.5102
2001-08-03,-0.0398,0.5067
2001-08-04,-0.0437,0.5028
2001-08-05,-0.0475,0.499
2001-08-06,-0.0509,0.49560000000000004
2001-08-07,-0.0533,0.4932
2001-08-08,-0.0543,0.4922
2001-08-09,-0.054,0.49250000000000005
2001-08-10,-0.0523,0.49420000000000003
2001-08-11,-0.0494,0.49710000000000004
2001-08-12,-0.045700000000000005,0.5008
2001-08-13,-0.0417,0.5048
2001-08-14,-0.038200000000000005,0.5083
2001-08-15,-0.035300000000000005,0.5112
2001-08-16,-0.0337,0.5128
2001-08-17,-0.033,0.5135000000000001
2001-08-18,-0.0334,0.5131
2001-08-19,-0.0344,0.5121
2001-08-20,-0.0356,0.5109
2001-08-21,-0.0363,0.5102
2001-08-22,-0.0359,0.5106
2001-08-23,-0.034800000000000005,0.5117
2001-08-24,-0.0334,0.5131
2001-08-25,-0.0328,0.5137
2001-08-26,-0.0341,0.5124000000000001
2001-08-27,-0.0378,0.5087
2001-08-28,-0.044000000000000004,0.5025000000000001
2001-08-29,-0.0523,0.49420000000000003
2001-08-30,-0.061200000000000004,0.4853
2001-08-31,-0.0693,0.4772
2001-09-01,-0.07490000000000001,0.4716
2001-09-02,-0.0776,0.46890000000000004
2001-09-03,-0.07740000000000001,0.4691
2001-09-04,-0.07540000000000001,0.4711
2001-09-05,-0.0727,0.4738
2001-09-06,-0.0708,0.4757
2001-09-07,-0.0702,0.4763
2001-09-08,-0.0709,0.4756
2001-09-09,-0.0723,0.4742
2001-09-10,-0.0738,0.4727
2001-09-11,-0.0748,0.4717
2001-09-12,-0.0748,0.4717
2001-09-13,-0.07350000000000001,0.47300000000000003
2001-09-14,-0.07100000000000001,0.47550000000000003
2001-09-15,-0.068,0.47850000000000004
2001-09-16,-0.06520000000000001,0.4813
2001-09-17,-0.0634,0.48310000000000003
2001-09-18,-0.0635,0.48300000000000004
2001-09-19,-0.0651,0.48140000000000005
2001-09-20,-0.06810000000000001,0.47840000000000005
2001-09-21,-0.0716,0.47490000000000004
2001-09-22,-0.0747,0.4718
2001-09-23,-0.0765,0.47000000000000003
2001-09-24,-0.0765,0.47000000000000003
2001-09-25,-0.0746,0.47190000000000004
2001-09-26,-0.07060000000000001,0.47590000000000005
2001-09-27,-0.0651,0.48140000000000005
2001-09-28,-0.058800000000000005,0.4877
2001-09-29,-0.052500000000000005,0.49400000000000005
2001-09-30,-0.047,0.4995
2001-10-01,-0.0429,0.5036
2001-10-02,-0.039900000000000005,0.5066
2001-10-03,-0.0381,0.5084000000000001
2001-10-04,-0.037000000000000005,0.5095000000000001
2001-10-05,-0.0366,0.5099
2001-10-06,-0.0363,0.5102
2001-10-07,-0.0364,0.5101
2001-10-08,-0.0371,0.5094000000000001
2001-10-09,-0.038,0.5085000000000001
2001-10-10,-0.039400000000000004,0.5071
2001-10-11,-0.0408,0.5057
2001-10-12,-0.042,0.5045000000000001
2001-10-13,-0.0427,0.5038
2001-10-14,-0.0432,0.5033
2001-10-15,-0.0436,0.5029
2001-10-16,-0.043500000000000004,0.503
2001-10-17,-0.0431,0.5034000000000001
2001-10-18,-0.0424,0.5041
2001-10-19,-0.0409,0.5056
2001-10-20,-0.039,0.5075000000000001
2001-10-21,-0.0366,0.5099
2001-10-22,-0.0342,0.5123
2001-10-23,-0.032,0.5145000000000001
2001-10-24,-0.0304,0.5161
2001-10-25,-0.0296,0.5169
2001-10-26,-0.029500000000000002,0.517
2001-10-27,-0.0298,0.5167
2001-10-28,-0.029900000000000003,0.5166000000000001
2001-10-29,-0.029400000000000003,0.5171
2001-10-30,-0.027800000000000002,0.5187
2001-10-31,-0.0247,0.5218
2001-11-01,-0.0199,0.5266000000000001
2001-11-02,-0.0143,0.5322
2001-11-03,-0.0085,0.538
2001-11-04,-0.0037,0.5428000000000001
2001-11-05,-0.0009000000000000001,0.5456
2001-11-06,-0.0006000000000000001,0.5459
2001-11-07,-0.0032,0.5433
2001-11-08,-0.0077,0.5388000000000001
2001-11-09,-0.013600000000000001,0.5329
2001-11-10,-0.019700000000000002,0.5268
2001-11-11,-0.0251,0.5214
2001-11-12,-0.0292,0.5173
2001-11-13,-0.0316,0.5149
2001-11-14,-0.0323,0.5142
2001-11-15,-0.032,0.5145000000000001
2001-11-16,-0.0316,0.5149
2001-11-17,-0.0316,0.5149
2001-11-18,-0.0322,0.5143
2001-11-19,-0.033100000000000004,0.5134000000000001
2001-11-20,-0.033800000000000004,0.5127
2001-11-21,-0.0334,0.5131
2001-11-22,-0.032100000000000004,0.5144000000000001
2001-11-23,-0.0297,0.5168
2001-11-24,-0.0268,0.5197
2001-11-25,-0.0236,0.5229
2001-11-26,-0.020300000000000002,0.5262
2001-11-27,-0.017,0.5295
2001-11-28,-0.0135,0.533
2001-11-29,-0.0095,0.537
2001-11-30,-0.0051,0.5414
2001-12-01,0.0,0.5465
2001-12-02,0.0055000000000000005,0.552
2001-12-03,0.0109,0.5574
2001-12-04,0.0152,0.5617
2001-12-05,0.0175,0.5640000000000001
2001-12-06,0.0175,0.5640000000000001
2001-12-07,0.0152,0.5617
2001-12-08,0.0112,0.5577
2001-12-09,0.0063,0.5528000000000001
2001-12-10,0.0016,0.5481
2001-12-11,-0.0025,0.544
2001-12-12,-0.0059,0.5406000000000001
2001-12-13,-0.0082,0.5383
2001-12-14,-0.0095,0.537
2001-12-15,-0.0099,0.5366000000000001
2001-12-16,-0.0098,0.5367000000000001
2001-12-17,-0.0094,0.5371
2001-12-18,-0.0088,0.5377000000000001
2001-12-19,-0.008400000000000001,0.5381
2001-12-20,-0.0081,0.5384
2001-12-21,-0.0076,0.5389
2001-12-22,-0.0068000000000000005,0.5397000000000001
2001-12-23,-0.0056,0.5409
2001-12-24,-0.004200000000000001,0.5423
2001-12-25,-0.0025,0.544
2001-12-26,-0.001,0.5455
2001-12-27,-0.0004,0.5461
2001-12-28,-0.0006000000000000001,0.5459
2001-12-29,-0.0017000000000000001,0.5448000000000001
2001-12-30,-0.0035,0.543
2001-12-31,-0.0049,0.5416000000000001
2002-01-01,-0.0054,0.5411
2002-01-02,-0.0044,0.5421
2002-01-03,-0.0018000000000000002,0.5447000000000001
2002-01-04,0.0022,0.5487000000000001
2002-01-05,0.007200000000000001,0.5537000000000001
2002-01-06,0.0123,0.5588000000000001
2002-01-07,0.0164,0.5629000000000001
2002-01-08,0.0189,0.5654
2002-01-09,0.0196,0.5661
2002-01-10,0.018600000000000002,0.5651
2002-01-11,0.016,0.5625
2002-01-12,0.0126,0.5591
2002-01-13,0.0091,0.5556
2002-01-14,0.0058000000000000005,0.5523
2002-01-15,0.0038,0.5503
2002-01-16,0.0032,0.5497000000000001
2002-01-17,0.0046,0.5511
2002-01-18,0.0078000000000000005,0.5543
2002-01-19,0.0131,0.5596
2002-01-20,0.0199,0.5664
2002-01-21,0.027600000000000003,0.5741
2002-01-22,0.0357,0.5822
2002-01-23,0.0432,0.5897
2002-01-24,0.0499,0.5964
2002-01-25,0.055400000000000005,0.6019
2002-01-26,0.059300000000000005,0.6058
2002-01-27,0.0621,0.6086
2002-01-28,0.064,0.6105
2002-01-29,0.0658,0.6123000000000001
2002-01-30,0.06770000000000001,0.6142000000000001
2002-01-31,0.0694,0.6159
2002-02-01,0.0709,0.6174000000000001
2002-02-02,0.0716,0.6181
2002-02-03,0.0714,0.6179
2002-02-04,0.07050000000000001,0.617
2002-02-05,0.0694,0.6159
2002-02-06,0.0689,0.6154000000000001
2002-02-07,0.0699,0.6164000000000001
2002-02-08,0.07300000000000001,0.6195
2002-02-09,0.0782,0.6247
2002-02-10,0.0854,0.6319
2002-02-11,0.0937,0.6402
2002-02-12,0.1023,0.6488
2002-02-13,0.11030000000000001,0.6568
2002-02-14,0.117,0.6635
2002-02-15,0.1222,0.6687000000000001
2002-02-16,0.12560000000000002,0.6721
2002-02-17,0.1278,0.6743
2002-02-18,0.1293,0.6758000000000001
2002-02-19,0.13040000000000002,0.6769000000000001
2002-02-20,0.1317,0.6782
2002-02-21,0.13290000000000002,0.6794
2002-02-22,0.1337,0.6802
2002-02-23,0.1338,0.6803
2002-02-24,0.1325,0.679
2002-02-25,0.1297,0.6762
2002-02-26,0.1258,0.6723
2002-02-27,0.12150000000000001,0.668
2002-02-28,0.11750000000000001,0.664
2002-03-01,0.114,0.6605000000000001
2002-03-02,0.1111,0.6576000000000001
2002-03-03,0.10840000000000001,0.6549
2002-03-04,0.10550000000000001,0.652
2002-03-05,0.1023,0.6488
2002-03-06,0.09870000000000001,0.6452
2002-03-07,0.0947,0.6412
2002-03-08,0.0907,0.6372
2002-03-09,0.0868,0.6333000000000001
2002-03-10,0.0835,0.63
2002-03-11,0.08080000000000001,0.6273000000000001
2002-03-12,0.079,0.6255000000000001
2002-03-13,0.0779,0.6244000000000001
2002-03-14,0.0775,0.624
2002-03-15,0.0775,0.624
2002-03-16,0.0775,0.624
2002-03-17,0.0775,0.624
2002-03-18,0.0772,0.6237
2002-03-19,0.0765,0.623
2002-03-20,0.0755,0.622
2002-03-21,0.0741,0.6206
2002-03-22,0.0724,0.6189
2002-03-23,0.0703,0.6168
2002-03-24,0.0675,0.614
2002-03-25,0.06470000000000001,0.6112000000000001
2002-03-26,0.0621,0.6086
2002-03-27,0.0601,0.6066
2002-03-28,0.059300000000000005,0.6058
2002-03-29,0.0596,0.6061000000000001
2002-03-30,0.0608,0.6073000000000001
2002-03-31,0.0621,0.6086
2002-04-01,0.0631,0.6096
2002-04-02,0.06280000000000001,0.6093000000000001
2002-04-03,0.0613,0.6078
2002-04-04,0.0589,0.6054
2002-04-05,0.055900000000000005,0.6024
2002-04-06,0.053000000000000005,0.5995
2002-04-07,0.050800000000000005,0.5973
2002-04-08,0.0494,0.5959
2002-04-09,0.0489,0.5954
2002-04-10,0.049100000000000005,0.5956
2002-04-11,0.0495,0.596
2002-04-12,0.049600000000000005,0.5961000000000001
2002-04-13,0.0489,0.5954
2002-04-14,0.0472,0.5937
2002-04-15,0.0444,0.5909
2002-04-16,0.0407,0.5872
2002-04-17,0.0364,0.5829
2002-04-18,0.032,0.5785
2002-04-19,0.027700000000000002,0.5742
2002-04-20,0.024,0.5705
2002-04-21,0.021400000000000002,0.5679000000000001
2002-04-22,0.02,0.5665
2002-04-23,0.0199,0.5664
2002-04-24,0.020900000000000002,0.5674
2002-04-25,0.022600000000000002,0.5691
2002-04-26,0.0244,0.5709000000000001
2002-04-27,0.0258,0.5723
2002-04-28,0.0263,0.5728
2002-04-29,0.025400000000000002,0.5719000000000001
2002-04-30,0.023100000000000002,0.5696
2002-05-01,0.02,0.5665
2002-05-02,0.017,0.5635
2002-05-03,0.0151,0.5616
2002-05-04,0.0148,0.5613
2002-05-05,0.0162,0.5627
2002-05-06,0.0188,0.5653
2002-05-07,0.0218,0.5683
2002-05-08,0.0247,0.5712
2002-05-09,0.0267,0.5732
2002-05-10,0.027600000000000003,0.5741
2002-05-11,0.027700000000000002,0.5742
2002-05-12,0.0274,0.5739000000000001
2002-05-13,0.027200000000000002,0.5737
2002-05-14,0.0274,0.5739000000000001
2002-05-15,0.0274,0.5739000000000001
2002-05-16,0.027200000000000002,0.5737
2002-05-17,0.0262,0.5727
2002-05-18,0.0245,0.5710000000000001
2002-05-19,0.022600000000000002,0.5691
2002-05-20,0.0211,0.5676
2002-05-21,0.020800000000000003,0.5673
2002-05-22,0.022600000000000002,0.5691
2002-05-23,0.026500000000000003,0.5730000000000001
2002-05-24,0.0318,0.5783
2002-05-25,0.0371,0.5836
2002-05-26,0.0403,0.5868
2002-05-27,0.039900000000000005,0.5864
2002-05-28,0.035,0.5815
2002-05-29,0.0261,0.5726
2002-05-30,0.0148,0.5613
2002-05-31,0.0031000000000000003,0.5496
2002-06-01,-0.006900000000000001,0.5396000000000001
2002-06-02,-0.013900000000000001,0.5326000000000001
2002-06-03,-0.0179,0.5286000000000001
2002-06-04,-0.0195,0.527
2002-06-05,-0.0204,0.5261
2002-06-06,-0.0217,0.5248
2002-06-07,-0.024300000000000002,0.5222
2002-06-08,-0.028200000000000003,0.5183
2002-06-09,-0.0325,0.514
2002-06-10,-0.0359,0.5106
2002-06-11,-0.0369,0.5096
2002-06-12,-0.035,0.5115000000000001
2002-06-13,-0.0296,0.5169
2002-06-14,-0.0217,0.5248
2002-06-15,-0.0128,0.5337000000000001
2002-06-16,-0.004,0.5425
2002-06-17,0.0039000000000000003,0.5504
2002-06-18,0.0109,0.5574
2002-06-19,0.0172,0.5637
2002-06-20,0.0239,0.5704
2002-06-21,0.031400000000000004,0.5779000000000001
2002-06-22,0.039900000000000005,0.5864
2002-06-23,0.049300000000000004,0.5958
2002-06-24,0.059000000000000004,0.6055
2002-06-25,0.0683,0.6148
2002-06-26,0.076,0.6225
2002-06-27,0.0814,0.6279
2002-06-28,0.08410000000000001,0.6306
2002-06-29,0.08460000000000001,0.6311
2002-06-30,0.0833,0.6298
2002-07-01,0.081,0.6275000000000001
2002-07-02,0.0782,0.6247
2002-07-03,0.075,0.6215
2002-07-04,0.0713,0.6178
2002-07-05,0.0668,0.6133000000000001
2002-07-06,0.0613,0.6078
2002-07-07,0.054700000000000006,0.6012000000000001
2002-07-08,0.0471,0.5936
2002-07-09,0.038900000000000004,0.5854
2002-07-10,0.0303,0.5768
2002-07-11,0.0217,0.5682
2002-07-12,0.0135,0.56
2002-07-13,0.0059,0.5524
2002-07-14,-0.0008,0.5457000000000001
2002-07-15,-0.0061,0.5404
2002-07-16,-0.009600000000000001,0.5369
2002-07-17,-0.0114,0.5351
2002-07-18,-0.0118,0.5347000000000001
2002-07-19,-0.0111,0.5354
2002-07-20,-0.0103,0.5362
2002-07-21,-0.010100000000000001,0.5364
2002-07-22,-0.0111,0.5354
2002-07-23,-0.013900000000000001,0.5326000000000001
2002-07-24,-0.0182,0.5283
2002-07-25,-0.0235,0.523
2002-07-26,-0.028900000000000002,0.5176000000000001
2002-07-27,-0.0335,0.513
2002-07-28,-0.0364,0.5101
2002-07-29,-0.0375,0.509
2002-07-30,-0.0371,0.5094000000000001
2002-07-31,-0.035500000000000004,0.511
2002-08-01,-0.0332,0.5133
2002-08-02,-0.031200000000000002,0.5153
2002-08-03,-0.029400000000000003,0.5171
2002-08-04,-0.0281,0.5184
2002-08-05,-0.0268,0.5197
2002-08-06,-0.0247,0.5218
2002-08-07,-0.0211,0.5254
2002-08-08,-0.0154,0.5311
2002-08-09,-0.0073,0.5392
2002-08-10,0.0031000000000000003,0.5496
2002-08-11,0.0146,0.5611
2002-08-12,0.0258,0.5723
2002-08-13,0.035,0.5815
2002-08-14,0.041600000000000005,0.5881000000000001
2002-08-15,0.045200000000000004,0.5917
2002-08-16,0.046200000000000005,0.5927
2002-08-17,0.045700000000000005,0.5922000000000001
2002-08-18,0.044700000000000004,0.5912000000000001
2002-08-19,0.043500000000000004,0.5900000000000001
2002-08-20,0.0419,0.5884
2002-08-21,0.0392,0.5857
2002-08-22,0.034800000000000005,0.5813
2002-08-23,0.0286,0.5751000000000001
2002-08-24,0.0212,0.5677
2002-08-25,0.013900000000000001,0.5604
2002-08-26,0.0078000000000000005,0.5543
2002-08-27,0.0038,0.5503
2002-08-28,0.0019,0.5484
2002-08-29,0.0015,0.548
2002-08-30,0.0011,0.5476
2002-08-31,0.0001,0.5466
2002-09-01,-0.0022,0.5443
2002-09-02,-0.0046,0.5419
2002-09-03,-0.006,0.5405
2002-09-04,-0.0054,0.5411
2002-09-05,-0.0019,0.5446
2002-09-06,0.0038,0.5503
2002-09-07,0.010700000000000001,0.5572
2002-09-08,0.0173,0.5638000000000001
2002-09-09,0.0222,0.5687
2002-09-10,0.024900000000000002,0.5714
2002-09-11,0.0253,0.5718
2002-09-12,0.024800000000000003,0.5713
2002-09-13,0.024800000000000003,0.5713
2002-09-14,0.0264,0.5729000000000001
2002-09-15,0.029400000000000003,0.5759000000000001
2002-09-16,0.033,0.5795
2002-09-17,0.0356,0.5821000000000001
2002-09-18,0.0366,0.5831000000000001
2002-09-19,0.035500000000000004,0.5820000000000001
2002-09-20,0.0333,0.5798
2002-09-21,0.0313,0.5778
2002-09-22,0.031100000000000003,0.5776
2002-09-23,0.0337,0.5802
2002-09-24,0.0397,0.5862
2002-09-25,0.048100000000000004,0.5946
2002-09-26,0.057300000000000004,0.6038
2002-09-27,0.0653,0.6118
2002-09-28,0.0704,0.6169
2002-09-29,0.0719,0.6184000000000001
2002-09-30,0.0702,0.6167
2002-10-01,0.06620000000000001,0.6127
2002-10-02,0.061500000000000006,0.608
2002-10-03,0.057,0.6035
2002-10-04,0.0539,0.6004
2002-10-05,0.0529,0.5994
2002-10-06,0.0541,0.6006
2002-10-07,0.0572,0.6037
2002-10-08,0.0618,0.6083000000000001
2002-10-09,0.06720000000000001,0.6137
2002-10-10,0.0732,0.6197
2002-10-11,0.0789,0.6254000000000001
2002-10-12,0.08370000000000001,0.6302
2002-10-13,0.08710000000000001,0.6336
2002-10-14,0.08850000000000001,0.635
2002-10-15,0.0881,0.6346
2002-10-16,0.08610000000000001,0.6326
2002-10-17,0.08320000000000001,0.6297
2002-10-18,0.08030000000000001,0.6268
2002-10-19,0.0782,0.6247
2002-10-20,0.0775,0.624
2002-10-21,0.0785,0.625
2002-10-22,0.0811,0.6276
2002-10-23,0.0845,0.631
2002-10-24,0.0878,0.6343
2002-10-25,0.0902,0.6367
2002-10-26,0.09090000000000001,0.6374000000000001
2002-10-27,0.09050000000000001,0.637
2002-10-28,0.09000000000000001,0.6365000000000001
2002-10-29,0.09050000000000001,0.637
2002-10-30,0.0931,0.6396000000000001
2002-10-31,0.0979,0.6444000000000001
2002-11-01,0.1046,0.6511
2002-11-02,0.112,0.6585000000000001
2002-11-03,0.1187,0.6652
2002-11-04,0.1232,0.6697000000000001
2002-11-05,0.12480000000000001,0.6713
2002-11-06,0.1237,0.6702
2002-11-07,0.12090000000000001,0.6674
2002-11-08,0.1183,0.6648000000000001
2002-11-09,0.1174,0.6639
2002-11-10,0.1194,0.6659
2002-11-11,0.1247,0.6712
2002-11-12,0.1326,0.6791
2002-11-13,0.14200000000000002,0.6885
2002-11-14,0.1517,0.6982
2002-11-15,0.16060000000000002,0.7071000000000001
2002-11-16,0.16820000000000002,0.7147
2002-11-17,0.17420000000000002,0.7207
2002-11-18,0.1794,0.7259
2002-11-19,0.1841,0.7306
2002-11-20,0.1888,0.7353000000000001
2002-11-21,0.1935,0.74
2002-11-22,0.19740000000000002,0.7439
2002-11-23,0.2001,0.7466
2002-11-24,0.2005,0.747
2002-11-25,0.19840000000000002,0.7449
2002-11-26,0.1943,0.7408
2002-11-27,0.1888,0.7353000000000001
2002-11-28,0.183,0.7295
2002-11-29,0.17750000000000002,0.7240000000000001
2002-11-30,0.17250000000000001,0.7190000000000001
2002-12-01,0.167,0.7135
2002-12-02,0.1603,0.7068
2002-12-03,0.1521,0.6986
2002-12-04,0.1428,0.6893
2002-12-05,0.1336,0.6801
2002-12-06,0.1258,0.6723
2002-12-07,0.1202,0.6667000000000001
2002-12-08,0.11710000000000001,0.6636000000000001
2002-12-09,0.116,0.6625
2002-12-10,0.11620000000000001,0.6627000000000001
2002-12-11,0.1168,0.6633
2002-12-12,0.11710000000000001,0.6636000000000001
2002-12-13,0.116,0.6625
2002-12-14,0.1135,0.66
2002-12-15,0.1096,0.6561
2002-12-16,0.10490000000000001,0.6514
2002-12-17,0.09970000000000001,0.6462
2002-12-18,0.09430000000000001,0.6408
2002-12-19,0.0886,0.6351
2002-12-20,0.0825,0.629
2002-12-21,0.0758,0.6223000000000001
2002-12-22,0.0688,0.6153000000000001
2002-12-23,0.061900000000000004,0.6084
2002-12-24,0.0558,0.6023000000000001
2002-12-25,0.051000000000000004,0.5975
2002-12-26,0.0478,0.5943
2002-12-27,0.0461,0.5926
2002-12-28,0.0456,0.5921000000000001
2002-12-29,0.046200000000000005,0.5927
2002-12-30,0.046700000000000005,0.5932000000000001
2002-12-31,0.0465,0.5930000000000001
2003-01-01,0.044700000000000004,0.5912000000000001
2003-01-02,0.043000000000000003,0.5895
2003-01-03,0.0408,0.5873
2003-01-04,0.038900000000000004,0.5854
2003-01-05,0.0379,0.5844
2003-01-06,0.038,0.5845
2003-01-07,0.039400000000000004,0.5859
2003-01-08,0.0422,0.5887
2003-01-09,0.0459,0.5924
2003-01-10,0.050300000000000004,0.5968
2003-01-11,0.054900000000000004,0.6014
2003-01-12,0.0594,0.6059
2003-01-13,0.06330000000000001,0.6098
2003-01-14,0.0668,0.6133000000000001
2003-01-15,0.0698,0.6163000000000001
2003-01-16,0.07200000000000001,0.6185
2003-01-17,0.0729,0.6194000000000001
2003-01-18,0.0724,0.6189
2003-01-19,0.0704,0.6169
2003-01-20,0.06670000000000001,0.6132000000000001
2003-01-21,0.0616,0.6081
2003-01-22,0.055,0.6015
2003-01-23,0.0471,0.5936
2003-01-24,0.038,0.5845
2003-01-25,0.028200000000000003,0.5747
2003-01-26,0.018000000000000002,0.5645
2003-01-27,0.0083,0.5548000000000001
2003-01-28,-0.0004,0.5461
2003-01-29,-0.0076,0.5389
2003-01-30,-0.0129,0.5336000000000001
2003-01-31,-0.0165,0.53
2003-02-01,-0.0183,0.5282
2003-02-02,-0.019100000000000002,0.5274
2003-02-03,-0.019700000000000002,0.5268
2003-02-04,-0.0204,0.5261
2003-02-05,-0.0216,0.5249
2003-02-06,-0.0228,0.5237
2003-02-07,-0.0234,0.5231
2003-02-08,-0.022600000000000002,0.5239
2003-02-09,-0.0205,0.526
2003-02-10,-0.017400000000000002,0.5291
2003-02-11,-0.013300000000000001,0.5332
2003-02-12,-0.0088,0.5377000000000001
2003-02-13,-0.0038,0.5427000000000001
2003-02-14,0.0013000000000000002,0.5478000000000001
2003-02-15,0.006500000000000001,0.553
2003-02-16,0.0111,0.5576
2003-02-17,0.014700000000000001,0.5612
2003-02-18,0.0165,0.5630000000000001
2003-02-19,0.015700000000000002,0.5622
2003-02-20,0.012100000000000001,0.5586
2003-02-21,0.0058000000000000005,0.5523
2003-02-22,-0.0019,0.5446
2003-02-23,-0.009600000000000001,0.5369
2003-02-24,-0.015700000000000002,0.5308
2003-02-25,-0.0188,0.5277000000000001
2003-02-26,-0.018600000000000002,0.5279
2003-02-27,-0.015300000000000001,0.5312
2003-02-28,-0.010100000000000001,0.5364
2003-03-01,-0.0043,0.5422
2003-03-02,0.0011,0.5476
2003-03-03,0.0049,0.5514
2003-03-04,0.007,0.5535
2003-03-05,0.006900000000000001,0.5534
2003-03-06,0.0047,0.5512
2003-03-07,0.0005,0.547
2003-03-08,-0.0051,0.5414
2003-03-09,-0.011300000000000001,0.5352
2003-03-10,-0.0173,0.5292
2003-03-11,-0.0224,0.5241
2003-03-12,-0.0268,0.5197
2003-03-13,-0.0302,0.5163
2003-03-14,-0.032600000000000004,0.5139
2003-03-15,-0.0334,0.5131
2003-03-16,-0.032100000000000004,0.5144000000000001
2003-03-17,-0.028300000000000002,0.5182
2003-03-18,-0.0223,0.5242
2003-03-19,-0.0155,0.531
2003-03-20,-0.009300000000000001,0.5372
2003-03-21,-0.0051,0.5414
2003-03-22,-0.0039000000000000003,0.5426
2003-03-23,-0.0055000000000000005,0.541
2003-03-24,-0.0091,0.5374
2003-03-25,-0.013000000000000001,0.5335
2003-03-26,-0.0161,0.5304
2003-03-27,-0.0171,0.5294
2003-03-28,-0.0158,0.5307000000000001
2003-03-29,-0.0128,0.5337000000000001
2003-03-30,-0.0094,0.5371
2003-03-31,-0.006500000000000001,0.54
2003-04-01,-0.0049,0.5416000000000001
2003-04-02,-0.0049,0.5416000000000001
2003-04-03,-0.0061,0.5404
2003-04-04,-0.0081,0.5384
2003-04-05,-0.0103,0.5362
2003-04-06,-0.012100000000000001,0.5344
2003-04-07,-0.0131,0.5334
2003-04-08,-0.0132,0.5333
2003-04-09,-0.0125,0.534
2003-04-10,-0.0111,0.5354
2003-04-11,-0.009600000000000001,0.5369
2003-04-12,-0.0079,0.5386000000000001
2003-04-13,-0.0064,0.5401
2003-04-14,-0.0051,0.5414
2003-04-15,-0.0044,0.5421
2003-04-16,-0.0044,0.5421
2003-04-17,-0.0049,0.5416000000000001
2003-04-18,-0.0059,0.5406000000000001
2003-04-19,-0.0071,0.5394
2003-04-20,-0.008700000000000001,0.5378000000000001
2003-04-21,-0.0106,0.5359
2003-04-22,-0.0128,0.5337000000000001
2003-04-23,-0.0152,0.5313
2003-04-24,-0.018000000000000002,0.5285000000000001
2003-04-25,-0.020800000000000003,0.5257000000000001
2003-04-26,-0.024,0.5225000000000001
2003-04-27,-0.027600000000000003,0.5189
2003-04-28,-0.0316,0.5149
2003-04-29,-0.0358,0.5107
2003-04-30,-0.039900000000000005,0.5066
2003-05-01,-0.043500000000000004,0.503
2003-05-02,-0.046400000000000004,0.5001
2003-05-03,-0.0482,0.4983
2003-05-04,-0.0487,0.4978
2003-05-05,-0.0476,0.4989
2003-05-06,-0.0449,0.5016
2003-05-07,-0.0415,0.505
2003-05-08,-0.0379,0.5086
2003-05-09,-0.0352,0.5113
2003-05-10,-0.033800000000000004,0.5127
2003-05-11,-0.0332,0.5133
2003-05-12,-0.0327,0.5138
2003-05-13,-0.0318,0.5147
2003-05-14,-0.030100000000000002,0.5164
2003-05-15,-0.0279,0.5186000000000001
2003-05-16,-0.025500000000000002,0.521
2003-05-17,-0.023700000000000002,0.5228
2003-05-18,-0.022600000000000002,0.5239
2003-05-19,-0.0218,0.5247
2003-05-20,-0.0207,0.5258
2003-05-21,-0.018000000000000002,0.5285000000000001
2003-05-22,-0.0135,0.533
2003-05-23,-0.007200000000000001,0.5393
2003-05-24,-0.0001,0.5464
2003-05-25,0.0067,0.5532
2003-05-26,0.0117,0.5582
2003-05-27,0.013900000000000001,0.5604
2003-05-28,0.0129,0.5594
2003-05-29,0.009000000000000001,0.5555
2003-05-30,0.0034000000000000002,0.5499
2003-05-31,-0.0029000000000000002,0.5436
2003-06-01,-0.0088,0.5377000000000001
2003-06-02,-0.0137,0.5328
2003-06-03,-0.0171,0.5294
2003-06-04,-0.0194,0.5271
2003-06-05,-0.0211,0.5254
2003-06-06,-0.0221,0.5244
2003-06-07,-0.0227,0.5238
2003-06-08,-0.0228,0.5237
2003-06-09,-0.0227,0.5238
2003-06-10,-0.0221,0.5244
2003-06-11,-0.0211,0.5254
2003-06-12,-0.0198,0.5267000000000001
2003-06-13,-0.018600000000000002,0.5279
2003-06-14,-0.0177,0.5288
2003-06-15,-0.0175,0.529
2003-06-16,-0.0175,0.529
2003-06-17,-0.0177,0.5288
2003-06-18,-0.0176,0.5289
2003-06-19,-0.017,0.5295
2003-06-20,-0.016300000000000002,0.5302
2003-06-21,-0.015300000000000001,0.5312
2003-06-22,-0.014700000000000001,0.5318
2003-06-23,-0.014100000000000001,0.5324
2003-06-24,-0.0134,0.5331
2003-06-25,-0.012400000000000001,0.5341
2003-06-26,-0.0109,0.5356000000000001
2003-06-27,-0.008400000000000001,0.5381
2003-06-28,-0.0046,0.5419
2003-06-29,0.0004,0.5469
2003-06-30,0.0061,0.5526
2003-07-01,0.0119,0.5584
2003-07-02,0.016800000000000002,0.5633
2003-07-03,0.0204,0.5669000000000001
2003-07-04,0.0224,0.5689000000000001
2003-07-05,0.023200000000000002,0.5697
2003-07-06,0.023200000000000002,0.5697
2003-07-07,0.0235,0.5700000000000001
2003-07-08,0.0244,0.5709000000000001
2003-07-09,0.0262,0.5727
2003-07-10,0.028800000000000003,0.5753
2003-07-11,0.0315,0.5780000000000001
2003-07-12,0.0337,0.5802
2003-07-13,0.0351,0.5816
2003-07-14,0.0356,0.5821000000000001
2003-07-15,0.0357,0.5822
2003-07-16,0.036500000000000005,0.5830000000000001
2003-07-17,0.0386,0.5851000000000001
2003-07-18,0.0422,0.5887
2003-07-19,0.0468,0.5933
2003-07-20,0.051500000000000004,0.598
2003-07-21,0.055900000000000005,0.6024
2003-07-22,0.059000000000000004,0.6055
2003-07-23,0.061000000000000006,0.6075
2003-07-24,0.061700000000000005,0.6082000000000001
2003-07-25,0.061700000000000005,0.6082000000000001
2003-07-26,0.0618,0.6083000000000001
2003-07-27,0.062400000000000004,0.6089
2003-07-28,0.0637,0.6102000000000001
2003-07-29,0.0656,0.6121
2003-07-30,0.06770000000000001,0.6142000000000001
2003-07-31,0.06910000000000001,0.6156
2003-08-01,0.069,0.6155
2003-08-02,0.0666,0.6131
2003-08-03,0.061500000000000006,0.608
2003-08-04,0.054400000000000004,0.6009
2003-08-05,0.0465,0.5930000000000001
2003-08-06,0.0391,0.5856
2003-08-07,0.0337,0.5802
2003-08-08,0.0308,0.5773
2003-08-09,0.029900000000000003,0.5764
2003-08-10,0.030100000000000002,0.5766
2003-08-11,0.0304,0.5769000000000001
2003-08-12,0.029900000000000003,0.5764
2003-08-13,0.0279,0.5744
2003-08-14,0.024300000000000002,0.5708
2003-08-15,0.0195,0.5660000000000001
2003-08-16,0.0142,0.5607
2003-08-17,0.0094,0.5559000000000001
2003-08-18,0.0061,0.5526
2003-08-19,0.0043,0.5508000000000001
2003-08-20,0.004200000000000001,0.5507000000000001
2003-08-21,0.0049,0.5514
2003-08-22,0.0061,0.5526
2003-08-23,0.0066,0.5531
2003-08-24,0.0057,0.5522
2003-08-25,0.0031000000000000003,0.5496
2003-08-26,-0.0011,0.5454
2003-08-27,-0.0059,0.5406000000000001
2003-08-28,-0.0103,0.5362
2003-08-29,-0.0131,0.5334
2003-08-30,-0.0137,0.5328
2003-08-31,-0.0122,0.5343
2003-09-01,-0.0091,0.5374
2003-09-02,-0.0054,0.5411
2003-09-03,-0.0022,0.5443
2003-09-04,-0.00030000000000000003,0.5462
2003-09-05,-0.0002,0.5463
2003-09-06,-0.002,0.5445
2003-09-07,-0.005200000000000001,0.5413
2003-09-08,-0.009000000000000001,0.5375
2003-09-09,-0.0131,0.5334
2003-09-10,-0.0165,0.53
2003-09-11,-0.019200000000000002,0.5273
2003-09-12,-0.021,0.5255000000000001
2003-09-13,-0.0218,0.5247
2003-09-14,-0.0217,0.5248
2003-09-15,-0.0204,0.5261
2003-09-16,-0.0184,0.5281
2003-09-17,-0.0158,0.5307000000000001
2003-09-18,-0.013300000000000001,0.5332
2003-09-19,-0.011300000000000001,0.5352
2003-09-20,-0.0102,0.5363
2003-09-21,-0.0099,0.5366000000000001
2003-09-22,-0.0103,0.5362
2003-09-23,-0.0109,0.5356000000000001
2003-09-24,-0.011300000000000001,0.5352
2003-09-25,-0.0111,0.5354
2003-09-26,-0.0103,0.5362
2003-09-27,-0.0085,0.538
2003-09-28,-0.0059,0.5406000000000001
2003-09-29,-0.0026000000000000003,0.5439
2003-09-30,0.0011,0.5476
2003-10-01,0.0049,0.5514
2003-10-02,0.008700000000000001,0.5552
2003-10-03,0.0123,0.5588000000000001
2003-10-04,0.0151,0.5616
2003-10-05,0.0171,0.5636
2003-10-06,0.0183,0.5648000000000001
2003-10-07,0.019200000000000002,0.5657
2003-10-08,0.0204,0.5669000000000001
2003-10-09,0.022000000000000002,0.5685
2003-10-10,0.0245,0.5710000000000001
2003-10-11,0.027100000000000003,0.5736
2003-10-12,0.0297,0.5762
2003-10-13,0.032,0.5785
2003-10-14,0.0341,0.5806
2003-10-15,0.0363,0.5828
2003-10-16,0.0386,0.5851000000000001
2003-10-17,0.0414,0.5879
2003-10-18,0.044700000000000004,0.5912000000000001
2003-10-19,0.048,0.5945
2003-10-20,0.0514,0.5979
2003-10-21,0.0545,0.601
2003-10-22,0.0568,0.6033000000000001
2003-10-23,0.058100000000000006,0.6046
2003-10-24,0.058,0.6045
2003-10-25,0.057,0.6035
2003-10-26,0.0555,0.602
2003-10-27,0.054400000000000004,0.6009
2003-10-28,0.0541,0.6006
2003-10-29,0.054400000000000004,0.6009
2003-10-30,0.054400000000000004,0.6009
2003-10-31,0.053200000000000004,0.5997
2003-11-01,0.0505,0.597
2003-11-02,0.046,0.5925
2003-11-03,0.0407,0.5872
2003-11-04,0.035300000000000005,0.5818
2003-11-05,0.0307,0.5772
2003-11-06,0.027200000000000002,0.5737
2003-11-07,0.0251,0.5716
2003-11-08,0.0239,0.5704
2003-11-09,0.023700000000000002,0.5702
2003-11-10,0.024,0.5705
2003-11-11,0.0247,0.5712
2003-11-12,0.025400000000000002,0.5719000000000001
2003-11-13,0.0261,0.5726
2003-11-14,0.0267,0.5732
2003-11-15,0.027,0.5735
2003-11-16,0.027,0.5735
2003-11-17,0.0268,0.5733
2003-11-18,0.026600000000000002,0.5731
2003-11-19,0.026600000000000002,0.5731
2003-11-20,0.0269,0.5734
2003-11-21,0.027800000000000002,0.5743
2003-11-22,0.029300000000000003,0.5758
2003-11-23,0.0309,0.5774
2003-11-24,0.032600000000000004,0.5791000000000001
2003-11-25,0.0345,0.5810000000000001
2003-11-26,0.0366,0.5831000000000001
2003-11-27,0.0391,0.5856
2003-11-28,0.0422,0.5887
2003-11-29,0.0455,0.5920000000000001
2003-11-30,0.049,0.5955
2003-12-01,0.0523,0.5988
2003-12-02,0.055,0.6015
2003-12-03,0.057,0.6035
2003-12-04,0.058100000000000006,0.6046
2003-12-05,0.0584,0.6049
2003-12-06,0.0579,0.6044
2003-12-07,0.057,0.6035
2003-12-08,0.0565,0.603
2003-12-09,0.057100000000000005,0.6036
2003-12-10,0.059000000000000004,0.6055
2003-12-11,0.06280000000000001,0.6093000000000001
2003-12-12,0.0683,0.6148
2003-12-13,0.0748,0.6213000000000001
2003-12-14,0.08170000000000001,0.6282
2003-12-15,0.08800000000000001,0.6345000000000001
2003-12-16,0.093,0.6395000000000001
2003-12-17,0.096,0.6425000000000001
2003-12-18,0.09680000000000001,0.6433
2003-12-19,0.0951,0.6416000000000001
2003-12-20,0.0916,0.6381
2003-12-21,0.08650000000000001,0.633
2003-12-22,0.08080000000000001,0.6273000000000001
2003-12-23,0.07490000000000001,0.6214000000000001
2003-12-24,0.0693,0.6158
2003-12-25,0.06470000000000001,0.6112000000000001
2003-12-26,0.0616,0.6081
2003-12-27,0.0609,0.6074
2003-12-28,0.062200000000000005,0.6087
2003-12-29,0.06570000000000001,0.6122000000000001
2003-12-30,0.0704,0.6169
2003-12-31,0.075,0.6215
2004-01-01,0.07830000000000001,0.6248
2004-01-02,0.0784,0.6249
2004-01-03,0.0755,0.622
2004-01-04,0.0703,0.6168
2004-01-05,0.0645,0.611
2004-01-06,0.060000000000000005,0.6065
2004-01-07,0.0577,0.6042000000000001
2004-01-08,0.058100000000000006,0.6046
2004-01-09,0.060700000000000004,0.6072000000000001
2004-01-10,0.0639,0.6104
2004-01-11,0.0664,0.6129
2004-01-12,0.0668,0.6133000000000001
2004-01-13,0.06430000000000001,0.6108
2004-01-14,0.0589,0.6054
2004-01-15,0.051500000000000004,0.598
2004-01-16,0.043000000000000003,0.5895
2004-01-17,0.035,0.5815
2004-01-18,0.028300000000000002,0.5748
2004-01-19,0.0233,0.5698
2004-01-20,0.0201,0.5666
2004-01-21,0.0178,0.5643
2004-01-22,0.015600000000000001,0.5621
2004-01-23,0.013000000000000001,0.5595
2004-01-24,0.009600000000000001,0.5561
2004-01-25,0.0055000000000000005,0.552
2004-01-26,0.0011,0.5476
2004-01-27,-0.003,0.5435
2004-01-28,-0.0066,0.5399
2004-01-29,-0.0102,0.5363
2004-01-30,-0.0134,0.5331
2004-01-31,-0.0164,0.5301
2004-02-01,-0.0182,0.5283
2004-02-02,-0.0176,0.5289
2004-02-03,-0.014100000000000001,0.5324
2004-02-04,-0.0073,0.5392
2004-02-05,0.0024000000000000002,0.5489
2004-02-06,0.0135,0.56
2004-02-07,0.0244,0.5709000000000001
2004-02-08,0.0337,0.5802
2004-02-09,0.0403,0.5868
2004-02-10,0.0444,0.5909
2004-02-11,0.0461,0.5926
2004-02-12,0.0463,0.5928
2004-02-13,0.0454,0.5919
2004-02-14,0.044000000000000004,0.5905
2004-02-15,0.0419,0.5884
2004-02-16,0.039,0.5855
2004-02-17,0.034800000000000005,0.5813
2004-02-18,0.0297,0.5762
2004-02-19,0.0234,0.5699000000000001
2004-02-20,0.0167,0.5632
2004-02-21,0.0103,0.5568000000000001
2004-02-22,0.0054,0.5519000000000001
2004-02-23,0.0026000000000000003,0.5491
2004-02-24,0.0023,0.5488000000000001
2004-02-25,0.0043,0.5508000000000001
2004-02-26,0.0074,0.5539000000000001
2004-02-27,0.010700000000000001,0.5572
2004-02-28,0.013300000000000001,0.5598000000000001
2004-02-29,0.015000000000000001,0.5615
2004-03-01,0.016300000000000002,0.5628000000000001
2004-03-02,0.0181,0.5646
2004-03-03,0.0212,0.5677
2004-03-04,0.0262,0.5727
2004-03-05,0.033100000000000004,0.5796
2004-03-06,0.041100000000000005,0.5876
2004-03-07,0.049300000000000004,0.5958
2004-03-08,0.0555,0.602
2004-03-09,0.0587,0.6052000000000001
2004-03-10,0.058100000000000006,0.6046
2004-03-11,0.0541,0.6006
2004-03-12,0.0483,0.5948
2004-03-13,0.0422,0.5887
2004-03-14,0.0368,0.5833
2004-03-15,0.0327,0.5792
2004-03-16,0.0297,0.5762
2004-03-17,0.027200000000000002,0.5737
2004-03-18,0.024800000000000003,0.5713
2004-03-19,0.0224,0.5689000000000001
2004-03-20,0.019700000000000002,0.5662
2004-03-21,0.016900000000000002,0.5634
2004-03-22,0.0137,0.5602
2004-03-23,0.010400000000000001,0.5569000000000001
2004-03-24,0.007200000000000001,0.5537000000000001
2004-03-25,0.0044,0.5509000000000001
2004-03-26,0.0019,0.5484
2004-03-27,-0.0001,0.5464
2004-03-28,-0.0013000000000000002,0.5452
2004-03-29,-0.0015,0.545
2004-03-30,-0.0001,0.5464
2004-03-31,0.0029000000000000002,0.5494
2004-04-01,0.007200000000000001,0.5537000000000001
2004-04-02,0.012400000000000001,0.5589000000000001
2004-04-03,0.017400000000000002,0.5639000000000001
2004-04-04,0.0211,0.5676
2004-04-05,0.0228,0.5693
2004-04-06,0.0223,0.5688
2004-04-07,0.019700000000000002,0.5662
2004-04-08,0.0159,0.5624
2004-04-09,0.0119,0.5584
2004-04-10,0.0086,0.5551
2004-04-11,0.006900000000000001,0.5534
2004-04-12,0.0067,0.5532
2004-04-13,0.0074,0.5539000000000001
2004-04-14,0.0079,0.5544
2004-04-15,0.007200000000000001,0.5537000000000001
2004-04-16,0.0051,0.5516
2004-04-17,0.001,0.5475
2004-04-18,-0.0045000000000000005,0.542
2004-04-19,-0.0109,0.5356000000000001
2004-04-20,-0.016800000000000002,0.5297000000000001
2004-04-21,-0.0212,0.5253
2004-04-22,-0.0233,0.5232
2004-04-23,-0.023200000000000002,0.5233
2004-04-24,-0.0213,0.5252
2004-04-25,-0.019100000000000002,0.5274
2004-04-26,-0.0177,0.5288
2004-04-27,-0.0181,0.5284
2004-04-28,-0.020300000000000002,0.5262
2004-04-29,-0.024200000000000003,0.5223
2004-04-30,-0.028,0.5185000000000001
2004-05-01,-0.029900000000000003,0.5166000000000001
2004-05-02,-0.0284,0.5181
2004-05-03,-0.0228,0.5237
2004-05-04,-0.013000000000000001,0.5335
2004-05-05,-0.0007,0.5458000000000001
2004-05-06,0.012,0.5585
2004-05-07,0.0229,0.5694
2004-05-08,0.030600000000000002,0.5771000000000001
2004-05-09,0.034800000000000005,0.5813
2004-05-10,0.0361,0.5826
2004-05-11,0.0356,0.5821000000000001
2004-05-12,0.0345,0.5810000000000001
2004-05-13,0.0342,0.5807
2004-05-14,0.0356,0.5821000000000001
2004-05-15,0.0391,0.5856
2004-05-16,0.0441,0.5906
2004-05-17,0.0497,0.5962000000000001
2004-05-18,0.054700000000000006,0.6012000000000001
2004-05-19,0.0585,0.605
2004-05-20,0.0609,0.6074
2004-05-21,0.0618,0.6083000000000001
2004-05-22,0.0618,0.6083000000000001
2004-05-23,0.061500000000000006,0.608
2004-05-24,0.0611,0.6076
2004-05-25,0.0604,0.6069
2004-05-26,0.0589,0.6054
2004-05-27,0.0565,0.603
2004-05-28,0.053200000000000004,0.5997
2004-05-29,0.049600000000000005,0.5961000000000001
2004-05-30,0.0463,0.5928
2004-05-31,0.044000000000000004,0.5905
2004-06-01,0.043000000000000003,0.5895
2004-06-02,0.0436,0.5901000000000001
2004-06-03,0.0454,0.5919
2004-06-04,0.0478,0.5943
2004-06-05,0.0504,0.5969
2004-06-06,0.052500000000000005,0.599
2004-06-07,0.0536,0.6001000000000001
2004-06-08,0.0536,0.6001000000000001
2004-06-09,0.0523,0.5988
2004-06-10,0.050300000000000004,0.5968
2004-06-11,0.048100000000000004,0.5946
2004-06-12,0.0461,0.5926
2004-06-13,0.045200000000000004,0.5917
2004-06-14,0.045200000000000004,0.5917
2004-06-15,0.046400000000000004,0.5929
2004-06-16,0.048100000000000004,0.5946
2004-06-17,0.0499,0.5964
2004-06-18,0.051000000000000004,0.5975
2004-06-19,0.050800000000000005,0.5973
2004-06-20,0.048600000000000004,0.5951000000000001
2004-06-21,0.0441,0.5906
2004-06-22,0.037700000000000004,0.5842
2004-06-23,0.0302,0.5767
2004-06-24,0.0227,0.5692
2004-06-25,0.0159,0.5624
2004-06-26,0.010700000000000001,0.5572
2004-06-27,0.0071,0.5536
2004-06-28,0.005200000000000001,0.5517000000000001
2004-06-29,0.004,0.5505
2004-06-30,0.0029000000000000002,0.5494
2004-07-01,0.0011,0.5476
2004-07-02,-0.0017000000000000001,0.5448000000000001
2004-07-03,-0.0054,0.5411
2004-07-04,-0.0095,0.537
2004-07-05,-0.0132,0.5333
2004-07-06,-0.0166,0.5299
2004-07-07,-0.0194,0.5271
2004-07-08,-0.0221,0.5244
2004-07-09,-0.024300000000000002,0.5222
2004-07-10,-0.0263,0.5202
2004-07-11,-0.028,0.5185000000000001
2004-07-12,-0.028900000000000002,0.5176000000000001
2004-07-13,-0.0292,0.5173
2004-07-14,-0.028300000000000002,0.5182
2004-07-15,-0.0264,0.5201
2004-07-16,-0.0238,0.5227
2004-07-17,-0.0212,0.5253
2004-07-18,-0.0196,0.5269
2004-07-19,-0.019,0.5275000000000001
2004-07-20,-0.0198,0.5267000000000001
2004-07-21,-0.0211,0.5254
2004-07-22,-0.0224,0.5241
2004-07-23,-0.0227,0.5238
2004-07-24,-0.0218,0.5247
2004-07-25,-0.0199,0.5266000000000001
2004-07-26,-0.0176,0.5289
2004-07-27,-0.0159,0.5306000000000001
2004-07-28,-0.0149,0.5316000000000001
2004-07-29,-0.014700000000000001,0.5318
2004-07-30,-0.0145,0.532
2004-07-31,-0.013800000000000002,0.5327000000000001
2004-08-01,-0.0118,0.5347000000000001
2004-08-02,-0.008,0.5385
2004-08-03,-0.0031000000000000003,0.5434
2004-08-04,0.0026000000000000003,0.5491
2004-08-05,0.008,0.5545
2004-08-06,0.0119,0.5584
2004-08-07,0.013800000000000002,0.5603
2004-08-08,0.0134,0.5599000000000001
2004-08-09,0.011300000000000001,0.5578000000000001
2004-08-10,0.0083,0.5548000000000001
2004-08-11,0.0055000000000000005,0.552
2004-08-12,0.0038,0.5503
2004-08-13,0.0034000000000000002,0.5499
2004-08-14,0.0041,0.5506
2004-08-15,0.0055000000000000005,0.552
2004-08-16,0.0064,0.5529000000000001
2004-08-17,0.0061,0.5526
2004-08-18,0.0045000000000000005,0.551
2004-08-19,0.0011,0.5476
2004-08-20,-0.0033,0.5432
2004-08-21,-0.0081,0.5384
2004-08-22,-0.012400000000000001,0.5341
2004-08-23,-0.0154,0.5311
2004-08-24,-0.0167,0.5298
2004-08-25,-0.0159,0.5306000000000001
2004-08-26,-0.013000000000000001,0.5335
2004-08-27,-0.0089,0.5376000000000001
2004-08-28,-0.0048000000000000004,0.5417000000000001
2004-08-29,-0.0019,0.5446
2004-08-30,-0.0011,0.5454
2004-08-31,-0.0024000000000000002,0.5441
2004-09-01,-0.005,0.5415
2004-09-02,-0.008,0.5385
2004-09-03,-0.0102,0.5363
2004-09-04,-0.0111,0.5354
2004-09-05,-0.0106,0.5359
2004-09-06,-0.009300000000000001,0.5372
2004-09-07,-0.0081,0.5384
2004-09-08,-0.0077,0.5388000000000001
2004-09-09,-0.008700000000000001,0.5378000000000001
2004-09-10,-0.0111,0.5354
2004-09-11,-0.0145,0.532
2004-09-12,-0.0182,0.5283
2004-09-13,-0.021400000000000002,0.5251
2004-09-14,-0.023200000000000002,0.5233
2004-09-15,-0.023100000000000002,0.5234
2004-09-16,-0.0213,0.5252
2004-09-17,-0.0183,0.5282
2004-09-18,-0.014700000000000001,0.5318
2004-09-19,-0.0114,0.5351
2004-09-20,-0.0085,0.538
2004-09-21,-0.0058000000000000005,0.5407000000000001
2004-09-22,-0.0028,0.5437000000000001
2004-09-23,0.0012000000000000001,0.5477000000000001
2004-09-24,0.0064,0.5529000000000001
2004-09-25,0.012700000000000001,0.5592
2004-09-26,0.0195,0.5660000000000001
2004-09-27,0.0263,0.5728
2004-09-28,0.0323,0.5788
2004-09-29,0.037000000000000005,0.5835
2004-09-30,0.04,0.5865
2004-10-01,0.0417,0.5882000000000001
2004-10-02,0.0426,0.5891000000000001
2004-10-03,0.0432,0.5897
2004-10-04,0.0441,0.5906
2004-10-05,0.0449,0.5914
2004-10-06,0.0455,0.5920000000000001
2004-10-07,0.0453,0.5918
2004-10-08,0.0443,0.5908
2004-10-09,0.042800000000000005,0.5893
2004-10-10,0.0415,0.5880000000000001
2004-10-11,0.0409,0.5874
2004-10-12,0.041100000000000005,0.5876
2004-10-13,0.042100000000000005,0.5886
2004-10-14,0.043500000000000004,0.5900000000000001
2004-10-15,0.044500000000000005,0.5910000000000001
2004-10-16,0.044500000000000005,0.5910000000000001
2004-10-17,0.0431,0.5896
2004-10-18,0.0403,0.5868
2004-10-19,0.0364,0.5829
2004-10-20,0.0323,0.5788
2004-10-21,0.0292,0.5757
2004-10-22,0.027700000000000002,0.5742
2004-10-23,0.0285,0.5750000000000001
2004-10-24,0.0308,0.5773
2004-10-25,0.033600000000000005,0.5801000000000001
2004-10-26,0.0356,0.5821000000000001
2004-10-27,0.036000000000000004,0.5825
2004-10-28,0.0346,0.5811000000000001
2004-10-29,0.0323,0.5788
2004-10-30,0.0303,0.5768
2004-10-31,0.029300000000000003,0.5758
2004-11-01,0.029900000000000003,0.5764
2004-11-02,0.031900000000000005,0.5784
2004-11-03,0.0345,0.5810000000000001
2004-11-04,0.0371,0.5836
2004-11-05,0.0385,0.5850000000000001
2004-11-06,0.038400000000000004,0.5849
2004-11-07,0.0366,0.5831000000000001
2004-11-08,0.033600000000000005,0.5801000000000001
2004-11-09,0.029300000000000003,0.5758
2004-11-10,0.024,0.5705
2004-11-11,0.0182,0.5647
2004-11-12,0.012100000000000001,0.5586
2004-11-13,0.0068000000000000005,0.5533
2004-11-14,0.0029000000000000002,0.5494
2004-11-15,0.0008,0.5473
2004-11-16,0.00030000000000000003,0.5468000000000001
2004-11-17,0.0011,0.5476
2004-11-18,0.0023,0.5488000000000001
2004-11-19,0.0034000000000000002,0.5499
2004-11-20,0.004200000000000001,0.5507000000000001
2004-11-21,0.0049,0.5514
2004-11-22,0.0057,0.5522
2004-11-23,0.0073,0.5538000000000001
2004-11-24,0.0106,0.5571
2004-11-25,0.015700000000000002,0.5622
2004-11-26,0.022000000000000002,0.5685
2004-11-27,0.028900000000000002,0.5754
2004-11-28,0.0349,0.5814
2004-11-29,0.0395,0.5860000000000001
2004-11-30,0.0426,0.5891000000000001
2004-12-01,0.0444,0.5909
2004-12-02,0.0458,0.5923
2004-12-03,0.0475,0.5940000000000001
2004-12-04,0.0502,0.5967
2004-12-05,0.054,0.6005
2004-12-06,0.059000000000000004,0.6055
2004-12-07,0.0648,0.6113000000000001
2004-12-08,0.0708,0.6173000000000001
2004-12-09,0.07640000000000001,0.6229
2004-12-10,0.0815,0.628
2004-12-11,0.0859,0.6324000000000001
2004-12-12,0.0901,0.6366
2004-12-13,0.09430000000000001,0.6408
2004-12-14,0.0983,0.6448
2004-12-15,0.1017,0.6482
2004-12-16,0.1039,0.6504
2004-12-17,0.10450000000000001,0.651
2004-12-18,0.10350000000000001,0.65
2004-12-19,0.10110000000000001,0.6476000000000001
2004-12-20,0.0976,0.6441
2004-12-21,0.0937,0.6402
2004-12-22,0.0898,0.6363
2004-12-23,0.08650000000000001,0.633
2004-12-24,0.08420000000000001,0.6307
2004-12-25,0.0824,0.6289
2004-12-26,0.0814,0.6279
2004-12-27,0.0805,0.627
2004-12-28,0.07930000000000001,0.6258
2004-12-29,0.07740000000000001,0.6239
2004-12-30,0.0745,0.621
2004-12-31,0.0707,0.6172000000000001
2005-01-01,0.06670000000000001,0.6132000000000001
2005-01-02,0.0623,0.6088
2005-01-03,0.0582,0.6047
2005-01-04,0.0545,0.601
2005-01-05,0.0511,0.5976
2005-01-06,0.0476,0.5941000000000001
2005-01-07,0.044000000000000004,0.5905
2005-01-08,0.0403,0.5868
2005-01-09,0.037000000000000005,0.5835
2005-01-10,0.0344,0.5809000000000001
2005-01-11,0.0329,0.5794
2005-01-12,0.0325,0.5790000000000001
2005-01-13,0.033,0.5795
2005-01-14,0.0346,0.5811000000000001
2005-01-15,0.036500000000000005,0.5830000000000001
2005-01-16,0.0385,0.5850000000000001
2005-01-17,0.040400000000000005,0.5869
2005-01-18,0.042,0.5885
2005-01-19,0.0437,0.5902000000000001
2005-01-20,0.0454,0.5919
2005-01-21,0.0475,0.5940000000000001
2005-01-22,0.049600000000000005,0.5961000000000001
2005-01-23,0.0511,0.5976
2005-01-24,0.051800000000000006,0.5983
2005-01-25,0.0511,0.5976
2005-01-26,0.0492,0.5957
2005-01-27,0.0461,0.5926
2005-01-28,0.0425,0.5890000000000001
2005-01-29,0.038900000000000004,0.5854
2005-01-30,0.0359,0.5824
2005-01-31,0.033600000000000005,0.5801000000000001
2005-02-01,0.0316,0.5781000000000001
2005-02-02,0.029300000000000003,0.5758
2005-02-03,0.0264,0.5729000000000001
2005-02-04,0.022600000000000002,0.5691
2005-02-05,0.018600000000000002,0.5651
2005-02-06,0.014700000000000001,0.5612
2005-02-07,0.0115,0.558
2005-02-08,0.0091,0.5556
2005-02-09,0.0077,0.5542
2005-02-10,0.0067,0.5532
2005-02-11,0.006200000000000001,0.5527000000000001
2005-02-12,0.006,0.5525
2005-02-13,0.0053,0.5518000000000001
2005-02-14,0.0044,0.5509000000000001
2005-02-15,0.0029000000000000002,0.5494
2005-02-16,0.0016,0.5481
2005-02-17,0.00030000000000000003,0.5468000000000001
2005-02-18,-0.0007,0.5458000000000001
2005-02-19,-0.0014,0.5451
2005-02-20,-0.0019,0.5446
2005-02-21,-0.0019,0.5446
2005-02-22,-0.0014,0.5451
2005-02-23,-0.0002,0.5463
2005-02-24,0.0017000000000000001,0.5482
2005-02-25,0.0037,0.5502
2005-02-26,0.0053,0.5518000000000001
2005-02-27,0.006,0.5525
2005-02-28,0.0056,0.5521
2005-03-01,0.0038,0.5503
2005-03-02,0.0014,0.5479
2005-03-03,-0.0009000000000000001,0.5456
2005-03-04,-0.0021000000000000003,0.5444
2005-03-05,-0.0015,0.545
2005-03-06,0.0013000000000000002,0.5478000000000001
2005-03-07,0.0063,0.5528000000000001
2005-03-08,0.0132,0.5597
2005-03-09,0.020900000000000002,0.5674
2005-03-10,0.028900000000000002,0.5754
2005-03-11,0.0359,0.5824
2005-03-12,0.0412,0.5877
2005-03-13,0.0443,0.5908
2005-03-14,0.0448,0.5913
2005-03-15,0.042800000000000005,0.5893
2005-03-16,0.0385,0.5850000000000001
2005-03-17,0.0327,0.5792
2005-03-18,0.0257,0.5722
2005-03-19,0.018600000000000002,0.5651
2005-03-20,0.0118,0.5583
2005-03-21,0.0064,0.5529000000000001
2005-03-22,0.0027,0.5492
2005-03-23,0.0008,0.5473
2005-03-24,0.0006000000000000001,0.5471
2005-03-25,0.0022,0.5487000000000001
2005-03-26,0.0058000000000000005,0.5523
2005-03-27,0.0111,0.5576
2005-03-28,0.0182,0.5647
2005-03-29,0.0261,0.5726
2005-03-30,0.0344,0.5809000000000001
2005-03-31,0.041800000000000004,0.5883
2005-04-01,0.0477,0.5942000000000001
2005-04-02,0.0521,0.5986
2005-04-03,0.054700000000000006,0.6012000000000001
2005-04-04,0.056400000000000006,0.6029
2005-04-05,0.057800000000000004,0.6043000000000001
2005-04-06,0.0597,0.6062000000000001
2005-04-07,0.0627,0.6092000000000001
2005-04-08,0.0669,0.6134000000000001
2005-04-09,0.07200000000000001,0.6185
2005-04-10,0.07740000000000001,0.6239
2005-04-11,0.0823,0.6288
2005-04-12,0.08650000000000001,0.633
2005-04-13,0.0901,0.6366
2005-04-14,0.09290000000000001,0.6394000000000001
2005-04-15,0.0954,0.6419
2005-04-16,0.0975,0.644
2005-04-17,0.09970000000000001,0.6462
2005-04-18,0.10200000000000001,0.6485000000000001
2005-04-19,0.10450000000000001,0.651
2005-04-20,0.1071,0.6536000000000001
2005-04-21,0.10990000000000001,0.6564
2005-04-22,0.11280000000000001,0.6593
2005-04-23,0.11560000000000001,0.6621
2005-04-24,0.1182,0.6647000000000001
2005-04-25,0.1199,0.6664
2005-04-26,0.12050000000000001,0.667
2005-04-27,0.11960000000000001,0.6661
2005-04-28,0.117,0.6635
2005-04-29,0.11320000000000001,0.6597000000000001
2005-04-30,0.10840000000000001,0.6549
2005-05-01,0.1034,0.6499
2005-05-02,0.0984,0.6449
2005-05-03,0.09380000000000001,0.6403
2005-05-04,0.08900000000000001,0.6355000000000001
2005-05-05,0.08310000000000001,0.6296
2005-05-06,0.0753,0.6218
2005-05-07,0.0653,0.6118
2005-05-08,0.0534,0.5999
2005-05-09,0.041,0.5875
2005-05-10,0.030000000000000002,0.5765
2005-05-11,0.021400000000000002,0.5679000000000001
2005-05-12,0.016300000000000002,0.5628000000000001
2005-05-13,0.013900000000000001,0.5604
2005-05-14,0.013300000000000001,0.5598000000000001
2005-05-15,0.013000000000000001,0.5595
2005-05-16,0.011600000000000001,0.5581
2005-05-17,0.0086,0.5551
2005-05-18,0.0038,0.5503
2005-05-19,-0.0016,0.5449
2005-05-20,-0.0067,0.5398000000000001
2005-05-21,-0.01,0.5365
2005-05-22,-0.0108,0.5357000000000001
2005-05-23,-0.009600000000000001,0.5369
2005-05-24,-0.0074,0.5391
2005-05-25,-0.0054,0.5411
2005-05-26,-0.0048000000000000004,0.5417000000000001
2005-05-27,-0.0056,0.5409
2005-05-28,-0.0076,0.5389
2005-05-29,-0.0092,0.5373
2005-05-30,-0.0097,0.5368
2005-05-31,-0.0083,0.5382
2005-06-01,-0.0047,0.5418000000000001
2005-06-02,0.0001,0.5466
2005-06-03,0.005200000000000001,0.5517000000000001
2005-06-04,0.009600000000000001,0.5561
2005-06-05,0.0128,0.5593
2005-06-06,0.014400000000000001,0.5609000000000001
2005-06-07,0.0151,0.5616
2005-06-08,0.0152,0.5617
2005-06-09,0.0155,0.562
2005-06-10,0.0162,0.5627
2005-06-11,0.0177,0.5642
2005-06-12,0.0195,0.5660000000000001
2005-06-13,0.021400000000000002,0.5679000000000001
2005-06-14,0.0227,0.5692
2005-06-15,0.0229,0.5694
2005-06-16,0.0218,0.5683
2005-06-17,0.0198,0.5663
2005-06-18,0.017400000000000002,0.5639000000000001
2005-06-19,0.015300000000000001,0.5618000000000001
2005-06-20,0.0142,0.5607
2005-06-21,0.014400000000000001,0.5609000000000001
2005-06-22,0.015700000000000002,0.5622
2005-06-23,0.0182,0.5647
2005-06-24,0.020900000000000002,0.5674
2005-06-25,0.023200000000000002,0.5697
2005-06-26,0.0246,0.5711
2005-06-27,0.025500000000000002,0.5720000000000001
2005-06-28,0.026500000000000003,0.5730000000000001
2005-06-29,0.0284,0.5749000000000001
2005-06-30,0.032,0.5785
2005-07-01,0.0374,0.5839
2005-07-02,0.0442,0.5907
2005-07-03,0.0514,0.5979
2005-07-04,0.0584,0.6049
2005-07-05,0.06420000000000001,0.6107
2005-07-06,0.0683,0.6148
2005-07-07,0.0707,0.6172000000000001
2005-07-08,0.0722,0.6187
2005-07-09,0.0736,0.6201
2005-07-10,0.07540000000000001,0.6219
2005-07-11,0.0776,0.6241
2005-07-12,0.0796,0.6261
2005-07-13,0.0809,0.6274000000000001
2005-07-14,0.08080000000000001,0.6273000000000001
2005-07-15,0.0795,0.626
2005-07-16,0.0771,0.6236
2005-07-17,0.0737,0.6202000000000001
2005-07-18,0.0694,0.6159
2005-07-19,0.0641,0.6106
2005-07-20,0.0584,0.6049
2005-07-21,0.0526,0.5991000000000001
2005-07-22,0.046900000000000004,0.5934
2005-07-23,0.0415,0.5880000000000001
2005-07-24,0.0361,0.5826
2005-07-25,0.030500000000000003,0.5770000000000001
2005-07-26,0.0245,0.5710000000000001
2005-07-27,0.0183,0.5648000000000001
2005-07-28,0.0122,0.5587
2005-07-29,0.0063,0.5528000000000001
2005-07-30,0.0012000000000000001,0.5477000000000001
2005-07-31,-0.003,0.5435
2005-08-01,-0.0064,0.5401
2005-08-02,-0.0092,0.5373
2005-08-03,-0.011600000000000001,0.5349
2005-08-04,-0.013900000000000001,0.5326000000000001
2005-08-05,-0.0162,0.5303
2005-08-06,-0.018600000000000002,0.5279
2005-08-07,-0.020800000000000003,0.5257000000000001
2005-08-08,-0.0223,0.5242
2005-08-09,-0.0228,0.5237
2005-08-10,-0.0223,0.5242
2005-08-11,-0.0213,0.5252
2005-08-12,-0.02,0.5265000000000001
2005-08-13,-0.019200000000000002,0.5273
2005-08-14,-0.019,0.5275000000000001
2005-08-15,-0.0196,0.5269
2005-08-16,-0.0206,0.5259
2005-08-17,-0.0213,0.5252
2005-08-18,-0.0216,0.5249
2005-08-19,-0.021,0.5255000000000001
2005-08-20,-0.0201,0.5264
2005-08-21,-0.019100000000000002,0.5274
2005-08-22,-0.018600000000000002,0.5279
2005-08-23,-0.0188,0.5277000000000001
2005-08-24,-0.0195,0.527
2005-08-25,-0.02,0.5265000000000001
2005-08-26,-0.0194,0.5271
2005-08-27,-0.0178,0.5287000000000001
2005-08-28,-0.0152,0.5313
2005-08-29,-0.0126,0.5339
2005-08-30,-0.0108,0.5357000000000001
2005-08-31,-0.0106,0.5359
2005-09-01,-0.012,0.5345
2005-09-02,-0.0145,0.532
2005-09-03,-0.017400000000000002,0.5291
2005-09-04,-0.019700000000000002,0.5268
2005-09-05,-0.0207,0.5258
2005-09-06,-0.019700000000000002,0.5268
2005-09-07,-0.016800000000000002,0.5297000000000001
2005-09-08,-0.013000000000000001,0.5335
2005-09-09,-0.0094,0.5371
2005-09-10,-0.007500000000000001,0.539
2005-09-11,-0.0082,0.5383
2005-09-12,-0.0111,0.5354
2005-09-13,-0.015600000000000001,0.5309
2005-09-14,-0.0201,0.5264
2005-09-15,-0.0234,0.5231
2005-09-16,-0.024800000000000003,0.5217
2005-09-17,-0.0245,0.522
2005-09-18,-0.0229,0.5236000000000001
2005-09-19,-0.0207,0.5258
2005-09-20,-0.0178,0.5287000000000001
2005-09-21,-0.0149,0.5316000000000001
2005-09-22,-0.0122,0.5343
2005-09-23,-0.0106,0.5359
2005-09-24,-0.010700000000000001,0.5358
2005-09-25,-0.0131,0.5334
2005-09-26,-0.018000000000000002,0.5285000000000001
2005-09-27,-0.024900000000000002,0.5216000000000001
2005-09-28,-0.0332,0.5133
2005-09-29,-0.0414,0.5051
2005-09-30,-0.0485,0.498
2005-10-01,-0.053500000000000006,0.49300000000000005
2005-10-02,-0.056100000000000004,0.4904
2005-10-03,-0.0567,0.4898
2005-10-04,-0.0557,0.4908
2005-10-05,-0.0534,0.49310000000000004
2005-10-06,-0.0499,0.49660000000000004
2005-10-07,-0.0456,0.5009
2005-10-08,-0.0405,0.506
2005-10-09,-0.0347,0.5118
2005-10-10,-0.029,0.5175000000000001
2005-10-11,-0.0235,0.523
2005-10-12,-0.0183,0.5282
2005-10-13,-0.013600000000000001,0.5329
2005-10-14,-0.009600000000000001,0.5369
2005-10-15,-0.006200000000000001,0.5403
2005-10-16,-0.0036000000000000003,0.5429
2005-10-17,-0.0019,0.5446
2005-10-18,-0.0008,0.5457000000000001
2005-10-19,0.0001,0.5466
2005-10-20,0.0013000000000000002,0.5478000000000001
2005-10-21,0.0033,0.5498000000000001
2005-10-22,0.0059,0.5524
2005-10-23,0.0089,0.5554
2005-10-24,0.0115,0.558
2005-10-25,0.0131,0.5596
2005-10-26,0.013000000000000001,0.5595
2005-10-27,0.011000000000000001,0.5575
2005-10-28,0.0077,0.5542
2005-10-29,0.0039000000000000003,0.5504
2005-10-30,0.0006000000000000001,0.5471
2005-10-31,-0.0011,0.5454
2005-11-01,-0.0011,0.5454
2005-11-02,0.001,0.5475
2005-11-03,0.0044,0.5509000000000001
2005-11-04,0.0083,0.5548000000000001
2005-11-05,0.011600000000000001,0.5581
2005-11-06,0.014100000000000001,0.5606
2005-11-07,0.0152,0.5617
2005-11-08,0.0154,0.5619000000000001
2005-11-09,0.0152,0.5617
2005-11-10,0.015300000000000001,0.5618000000000001
2005-11-11,0.0159,0.5624
2005-11-12,0.017,0.5635
2005-11-13,0.0182,0.5647
2005-11-14,0.019100000000000002,0.5656
2005-11-15,0.0193,0.5658000000000001
2005-11-16,0.0189,0.5654
2005-11-17,0.0178,0.5643
2005-11-18,0.016300000000000002,0.5628000000000001
2005-11-19,0.014700000000000001,0.5612
2005-11-20,0.0131,0.5596
2005-11-21,0.0117,0.5582
2005-11-22,0.0109,0.5574
2005-11-23,0.01,0.5565
2005-11-24,0.009000000000000001,0.5555
2005-11-25,0.0078000000000000005,0.5543
2005-11-26,0.0061,0.5526
2005-11-27,0.004200000000000001,0.5507000000000001
2005-11-28,0.0019,0.5484
2005-11-29,-0.0004,0.5461
2005-11-30,-0.0028,0.5437000000000001
2005-12-01,-0.005200000000000001,0.5413
2005-12-02,-0.007500000000000001,0.539
2005-12-03,-0.009600000000000001,0.5369
2005-12-04,-0.0112,0.5353
2005-12-05,-0.012100000000000001,0.5344
2005-12-06,-0.0122,0.5343
2005-12-07,-0.0119,0.5346000000000001
2005-12-08,-0.0114,0.5351
2005-12-09,-0.011000000000000001,0.5355
2005-12-10,-0.0111,0.5354
2005-12-11,-0.0119,0.5346000000000001
2005-12-12,-0.0135,0.533
2005-12-13,-0.015700000000000002,0.5308
2005-12-14,-0.0178,0.5287000000000001
2005-12-15,-0.019100000000000002,0.5274
2005-12-16,-0.0188,0.5277000000000001
2005-12-17,-0.017,0.5295
2005-12-18,-0.013900000000000001,0.5326000000000001
2005-12-19,-0.010400000000000001,0.5361
2005-12-20,-0.0077,0.5388000000000001
2005-12-21,-0.0066,0.5399
2005-12-22,-0.0073,0.5392
2005-12-23,-0.0098,0.5367000000000001
2005-12-24,-0.013600000000000001,0.5329
2005-12-25,-0.0182,0.5283
2005-12-26,-0.0228,0.5237
2005-12-27,-0.0269,0.5196000000000001
2005-12-28,-0.029900000000000003,0.5166000000000001
2005-12-29,-0.0313,0.5152
2005-12-30,-0.031200000000000002,0.5153
2005-12-31,-0.029500000000000002,0.517
2006-01-01,-0.0264,0.5201
2006-01-02,-0.0217,0.5248
2006-01-03,-0.0158,0.5307000000000001
2006-01-04,-0.0092,0.5373
2006-01-05,-0.0027,0.5438000000000001
2006-01-06,0.0028,0.5493
2006-01-07,0.0061,0.5526
2006-01-08,0.006200000000000001,0.5527000000000001
2006-01-09,0.0033,0.5498000000000001
2006-01-10,-0.0023,0.5442
2006-01-11,-0.009000000000000001,0.5375
2006-01-12,-0.015700000000000002,0.5308
2006-01-13,-0.0211,0.5254
2006-01-14,-0.0245,0.522
2006-01-15,-0.025500000000000002,0.521
2006-01-16,-0.0247,0.5218
2006-01-17,-0.0227,0.5238
2006-01-18,-0.0201,0.5264
2006-01-19,-0.017400000000000002,0.5291
2006-01-20,-0.0148,0.5317000000000001
2006-01-21,-0.012400000000000001,0.5341
2006-01-22,-0.010100000000000001,0.5364
2006-01-23,-0.0079,0.5386000000000001
2006-01-24,-0.006,0.5405
2006-01-25,-0.0045000000000000005,0.542
2006-01-26,-0.0036000000000000003,0.5429
2006-01-27,-0.003,0.5435
2006-01-28,-0.0028,0.5437000000000001
2006-01-29,-0.0027,0.5438000000000001
2006-01-30,-0.0023,0.5442
2006-01-31,-0.0008,0.5457000000000001
2006-02-01,0.0017000000000000001,0.5482
2006-02-02,0.0055000000000000005,0.552
2006-02-03,0.010400000000000001,0.5569000000000001
2006-02-04,0.015600000000000001,0.5621
2006-02-05,0.0211,0.5676
2006-02-06,0.026000000000000002,0.5725
2006-02-07,0.030100000000000002,0.5766
2006-02-08,0.033100000000000004,0.5796
2006-02-09,0.0352,0.5817
2006-02-10,0.0369,0.5834
2006-02-11,0.0385,0.5850000000000001
2006-02-12,0.0405,0.5870000000000001
2006-02-13,0.042300000000000004,0.5888
2006-02-14,0.0434,0.5899
2006-02-15,0.043000000000000003,0.5895
2006-02-16,0.0408,0.5873
2006-02-17,0.0368,0.5833
2006-02-18,0.031200000000000002,0.5777
2006-02-19,0.024900000000000002,0.5714
2006-02-20,0.019100000000000002,0.5656
2006-02-21,0.014700000000000001,0.5612
2006-02-22,0.0119,0.5584
2006-02-23,0.0106,0.5571
2006-02-24,0.01,0.5565
2006-02-25,0.0094,0.5559000000000001
2006-02-26,0.0083,0.5548000000000001
2006-02-27,0.006500000000000001,0.553
2006-02-28,0.0043,0.5508000000000001
2006-03-01,0.0018000000000000002,0.5483
2006-03-02,-0.0005,0.546
2006-03-03,-0.0027,0.5438000000000001
2006-03-04,-0.0046,0.5419
2006-03-05,-0.0064,0.5401
2006-03-06,-0.008,0.5385
2006-03-07,-0.0095,0.537
2006-03-08,-0.010400000000000001,0.5361
2006-03-09,-0.010700000000000001,0.5358
2006-03-10,-0.010100000000000001,0.5364
2006-03-11,-0.008400000000000001,0.5381
2006-03-12,-0.0057,0.5408000000000001
2006-03-13,-0.002,0.5445
2006-03-14,0.0026000000000000003,0.5491
2006-03-15,0.008400000000000001,0.5549000000000001
2006-03-16,0.0151,0.5616
2006-03-17,0.0222,0.5687
2006-03-18,0.028900000000000002,0.5754
2006-03-19,0.0342,0.5807
2006-03-20,0.037700000000000004,0.5842
2006-03-21,0.0391,0.5856
2006-03-22,0.039,0.5855
2006-03-23,0.038,0.5845
2006-03-24,0.0367,0.5832
2006-03-25,0.0356,0.5821000000000001
2006-03-26,0.0347,0.5812
2006-03-27,0.0337,0.5802
2006-03-28,0.031900000000000005,0.5784
2006-03-29,0.029400000000000003,0.5759000000000001
2006-03-30,0.026000000000000002,0.5725
2006-03-31,0.022500000000000003,0.5690000000000001
2006-04-01,0.0195,0.5660000000000001
2006-04-02,0.0175,0.5640000000000001
2006-04-03,0.0173,0.5638000000000001
2006-04-04,0.0187,0.5652
2006-04-05,0.0213,0.5678000000000001
2006-04-06,0.0244,0.5709000000000001
2006-04-07,0.0275,0.5740000000000001
2006-04-08,0.030000000000000002,0.5765
2006-04-09,0.032,0.5785
2006-04-10,0.033600000000000005,0.5801000000000001
2006-04-11,0.035300000000000005,0.5818
2006-04-12,0.0374,0.5839
2006-04-13,0.040100000000000004,0.5866
2006-04-14,0.043000000000000003,0.5895
2006-04-15,0.0455,0.5920000000000001
2006-04-16,0.0473,0.5938
2006-04-17,0.048100000000000004,0.5946
2006-04-18,0.048400000000000006,0.5949
2006-04-19,0.048600000000000004,0.5951000000000001
2006-04-20,0.049600000000000005,0.5961000000000001
2006-04-21,0.052000000000000005,0.5985
2006-04-22,0.0563,0.6028
2006-04-23,0.062400000000000004,0.6089
2006-04-24,0.0702,0.6167
2006-04-25,0.07880000000000001,0.6253000000000001
2006-04-26,0.08750000000000001,0.634
2006-04-27,0.0952,0.6417
2006-04-28,0.101,0.6475000000000001
2006-04-29,0.1047,0.6512
2006-04-30,0.1062,0.6527000000000001
2006-05-01,0.10640000000000001,0.6529
2006-05-02,0.1061,0.6526000000000001
2006-05-03,0.1057,0.6522
2006-05-04,0.1053,0.6518
2006-05-05,0.10500000000000001,0.6515000000000001
2006-05-06,0.1047,0.6512
2006-05-07,0.1039,0.6504
2006-05-08,0.10260000000000001,0.6491
2006-05-09,0.101,0.6475000000000001
2006-05-10,0.0994,0.6459
2006-05-11,0.0983,0.6448
2006-05-12,0.098,0.6445000000000001
2006-05-13,0.09920000000000001,0.6457
2006-05-14,0.1017,0.6482
2006-05-15,0.10490000000000001,0.6514
2006-05-16,0.1082,0.6547000000000001
2006-05-17,0.1107,0.6572
2006-05-18,0.1116,0.6581
2006-05-19,0.11080000000000001,0.6573
2006-05-20,0.10840000000000001,0.6549
2006-05-21,0.1051,0.6516000000000001
2006-05-22,0.10200000000000001,0.6485000000000001
2006-05-23,0.0995,0.646
2006-05-24,0.0983,0.6448
2006-05-25,0.0985,0.645
2006-05-26,0.0998,0.6463
2006-05-27,0.1017,0.6482
2006-05-28,0.10400000000000001,0.6505000000000001
2006-05-29,0.1061,0.6526000000000001
2006-05-30,0.1077,0.6542
2006-05-31,0.10840000000000001,0.6549
2006-06-01,0.1077,0.6542
2006-06-02,0.10550000000000001,0.652
2006-06-03,0.1017,0.6482
2006-06-04,0.0966,0.6431
2006-06-05,0.0908,0.6373
2006-06-06,0.08510000000000001,0.6316
2006-06-07,0.08020000000000001,0.6267
2006-06-08,0.0767,0.6232
2006-06-09,0.0746,0.6211
2006-06-10,0.0732,0.6197
2006-06-11,0.07200000000000001,0.6185
2006-06-12,0.0707,0.6172000000000001
2006-06-13,0.0693,0.6158
2006-06-14,0.0689,0.6154000000000001
2006-06-15,0.0695,0.616
2006-06-16,0.0717,0.6182000000000001
2006-06-17,0.0747,0.6212
2006-06-18,0.0779,0.6244000000000001
2006-06-19,0.0804,0.6269
2006-06-20,0.0818,0.6283000000000001
2006-06-21,0.082,0.6285000000000001
2006-06-22,0.0813,0.6278
2006-06-23,0.0801,0.6266
2006-06-24,0.0787,0.6252
2006-06-25,0.07730000000000001,0.6238
2006-06-26,0.0757,0.6222
2006-06-27,0.0737,0.6202000000000001
2006-06-28,0.0711,0.6176
2006-06-29,0.0679,0.6144000000000001
2006-06-30,0.065,0.6115
2006-07-01,0.0626,0.6091
2006-07-02,0.061500000000000006,0.608
2006-07-03,0.0621,0.6086
2006-07-04,0.06420000000000001,0.6107
2006-07-05,0.06720000000000001,0.6137
2006-07-06,0.07010000000000001,0.6166
2006-07-07,0.07200000000000001,0.6185
2006-07-08,0.0719,0.6184000000000001
2006-07-09,0.0703,0.6168
2006-07-10,0.0675,0.614
2006-07-11,0.0645,0.611
2006-07-12,0.061700000000000005,0.6082000000000001
2006-07-13,0.0596,0.6061000000000001
2006-07-14,0.0579,0.6044
2006-07-15,0.0565,0.603
2006-07-16,0.054700000000000006,0.6012000000000001
2006-07-17,0.0524,0.5989
2006-07-18,0.0497,0.5962000000000001
2006-07-19,0.0468,0.5933
2006-07-20,0.0438,0.5903
2006-07-21,0.0413,0.5878
2006-07-22,0.0391,0.5856
2006-07-23,0.037000000000000005,0.5835
2006-07-24,0.0347,0.5812
2006-07-25,0.0322,0.5787
2006-07-26,0.0298,0.5763
2006-07-27,0.027700000000000002,0.5742
2006-07-28,0.026000000000000002,0.5725
2006-07-29,0.0251,0.5716
2006-07-30,0.0251,0.5716
2006-07-31,0.025900000000000003,0.5724
2006-08-01,0.0273,0.5738
2006-08-02,0.0284,0.5749000000000001
2006-08-03,0.0286,0.5751000000000001
2006-08-04,0.0268,0.5733
2006-08-05,0.0227,0.5692
2006-08-06,0.0167,0.5632
2006-08-07,0.0097,0.5562
2006-08-08,0.0029000000000000002,0.5494
2006-08-09,-0.0025,0.544
2006-08-10,-0.005200000000000001,0.5413
2006-08-11,-0.005200000000000001,0.5413
2006-08-12,-0.0026000000000000003,0.5439
2006-08-13,0.0013000000000000002,0.5478000000000001
2006-08-14,0.0054,0.5519000000000001
2006-08-15,0.0086,0.5551
2006-08-16,0.0106,0.5571
2006-08-17,0.0115,0.558
2006-08-18,0.0117,0.5582
2006-08-19,0.0122,0.5587
2006-08-20,0.013300000000000001,0.5598000000000001
2006-08-21,0.0155,0.562
2006-08-22,0.019,0.5655
2006-08-23,0.0236,0.5701
2006-08-24,0.029,0.5755
2006-08-25,0.0342,0.5807
2006-08-26,0.0388,0.5853
2006-08-27,0.042100000000000005,0.5886
2006-08-28,0.043500000000000004,0.5900000000000001
2006-08-29,0.0436,0.5901000000000001
2006-08-30,0.042800000000000005,0.5893
2006-08-31,0.041600000000000005,0.5881000000000001
2006-09-01,0.0408,0.5873
2006-09-02,0.0408,0.5873
2006-09-03,0.0412,0.5877
2006-09-04,0.0425,0.5890000000000001
2006-09-05,0.0442,0.5907
2006-09-06,0.0463,0.5928
2006-09-07,0.0485,0.595
2006-09-08,0.050800000000000005,0.5973
2006-09-09,0.053200000000000004,0.5997
2006-09-10,0.055600000000000004,0.6021000000000001
2006-09-11,0.0579,0.6044
2006-09-12,0.0601,0.6066
2006-09-13,0.061900000000000004,0.6084
2006-09-14,0.0632,0.6097
2006-09-15,0.06420000000000001,0.6107
2006-09-16,0.0656,0.6121
2006-09-17,0.0675,0.614
2006-09-18,0.0702,0.6167
2006-09-19,0.0737,0.6202000000000001
2006-09-20,0.0779,0.6244000000000001
2006-09-21,0.0829,0.6294000000000001
2006-09-22,0.08850000000000001,0.635
2006-09-23,0.09480000000000001,0.6413
2006-09-24,0.1008,0.6473
2006-09-25,0.10590000000000001,0.6524
2006-09-26,0.10930000000000001,0.6558
2006-09-27,0.1105,0.657
2006-09-28,0.1096,0.6561
2006-09-29,0.10690000000000001,0.6534
2006-09-30,0.1034,0.6499
2006-10-01,0.0998,0.6463
2006-10-02,0.0971,0.6436000000000001
2006-10-03,0.09530000000000001,0.6418
2006-10-04,0.0942,0.6407
2006-10-05,0.0932,0.6397
2006-10-06,0.0917,0.6382
2006-10-07,0.0891,0.6356
2006-10-08,0.0855,0.632
2006-10-09,0.081,0.6275000000000001
2006-10-10,0.077,0.6235
2006-10-11,0.0743,0.6208
2006-10-12,0.0741,0.6206
2006-10-13,0.076,0.6225
2006-10-14,0.07930000000000001,0.6258
2006-10-15,0.083,0.6295000000000001
2006-10-16,0.0854,0.6319
2006-10-17,0.0859,0.6324000000000001
2006-10-18,0.0844,0.6309
2006-10-19,0.0814,0.6279
2006-10-20,0.0776,0.6241
2006-10-21,0.0737,0.6202000000000001
2006-10-22,0.0703,0.6168
2006-10-23,0.06720000000000001,0.6137
2006-10-24,0.0645,0.611
2006-10-25,0.0621,0.6086
2006-10-26,0.0594,0.6059
2006-10-27,0.0565,0.603
2006-10-28,0.0534,0.5999
2006-10-29,0.049800000000000004,0.5963
2006-10-30,0.0459,0.5924
2006-10-31,0.0417,0.5882000000000001
2006-11-01,0.0371,0.5836
2006-11-02,0.032600000000000004,0.5791000000000001
2006-11-03,0.028200000000000003,0.5747
2006-11-04,0.024300000000000002,0.5708
2006-11-05,0.0211,0.5676
2006-11-06,0.0189,0.5654
2006-11-07,0.0179,0.5644
2006-11-08,0.0183,0.5648000000000001
2006-11-09,0.02,0.5665
2006-11-10,0.023,0.5695
2006-11-11,0.027,0.5735
2006-11-12,0.0318,0.5783
2006-11-13,0.0371,0.5836
2006-11-14,0.042300000000000004,0.5888
2006-11-15,0.0475,0.5940000000000001
2006-11-16,0.052500000000000005,0.599
2006-11-17,0.0575,0.604
2006-11-18,0.0626,0.6091
2006-11-19,0.0675,0.614
2006-11-20,0.0717,0.6182000000000001
2006-11-21,0.0742,0.6207
2006-11-22,0.0748,0.6213000000000001
2006-11-23,0.07350000000000001,0.62
2006-11-24,0.07100000000000001,0.6175
2006-11-25,0.0684,0.6149
2006-11-26,0.0666,0.6131
2006-11-27,0.0663,0.6128
2006-11-28,0.06810000000000001,0.6146
2006-11-29,0.0717,0.6182000000000001
2006-11-30,0.0766,0.6231
2006-12-01,0.08220000000000001,0.6287
2006-12-02,0.0876,0.6341
2006-12-03,0.0922,0.6387
2006-12-04,0.09570000000000001,0.6422
2006-12-05,0.09820000000000001,0.6447
2006-12-06,0.09970000000000001,0.6462
2006-12-07,0.10060000000000001,0.6471
2006-12-08,0.1015,0.648
2006-12-09,0.1029,0.6494
2006-12-10,0.1051,0.6516000000000001
2006-12-11,0.10790000000000001,0.6544
2006-12-12,0.1114,0.6579
2006-12-13,0.1158,0.6623
2006-12-14,0.1211,0.6676000000000001
2006-12-15,0.1272,0.6737000000000001
2006-12-16,0.1338,0.6803
2006-12-17,0.14020000000000002,0.6867000000000001
2006-12-18,0.1456,0.6921
2006-12-19,0.1494,0.6959000000000001
2006-12-20,0.15130000000000002,0.6978000000000001
2006-12-21,0.1516,0.6981
2006-12-22,0.1506,0.6971
2006-12-23,0.14930000000000002,0.6958000000000001
2006-12-24,0.14800000000000002,0.6945
2006-12-25,0.1469,0.6934
2006-12-26,0.14550000000000002,0.6920000000000001
2006-12-27,0.1431,0.6896
2006-12-28,0.1391,0.6856
2006-12-29,0.1338,0.6803
2006-12-30,0.1274,0.6739
2006-12-31,0.12050000000000001,0.667
2007-01-01,0.11460000000000001,0.6611
2007-01-02,0.1081,0.6546000000000001
2007-01-03,0.1019,0.6484
2007-01-04,0.09580000000000001,0.6423
2007-01-05,0.0896,0.6361
2007-01-06,0.0835,0.63
2007-01-07,0.078,0.6245
2007-01-08,0.0734,0.6199
2007-01-09,0.07010000000000001,0.6166
2007-01-10,0.0684,0.6149
2007-01-11,0.0682,0.6147
2007-01-12,0.0687,0.6152000000000001
2007-01-13,0.0698,0.6163000000000001
2007-01-14,0.0704,0.6169
2007-01-15,0.0709,0.6174000000000001
2007-01-16,0.07060000000000001,0.6171
2007-01-17,0.07010000000000001,0.6166
2007-01-18,0.069,0.6155
2007-01-19,0.0675,0.614
2007-01-20,0.0654,0.6119
2007-01-21,0.0625,0.609
2007-01-22,0.0591,0.6056
2007-01-23,0.0555,0.602
2007-01-24,0.052000000000000005,0.5985
2007-01-25,0.0488,0.5953
2007-01-26,0.0458,0.5923
2007-01-27,0.0427,0.5892000000000001
2007-01-28,0.0392,0.5857
2007-01-29,0.0351,0.5816
2007-01-30,0.030500000000000003,0.5770000000000001
2007-01-31,0.0258,0.5723
2007-02-01,0.0217,0.5682
2007-02-02,0.018500000000000003,0.5650000000000001
2007-02-03,0.0167,0.5632
2007-02-04,0.0159,0.5624
2007-02-05,0.015300000000000001,0.5618000000000001
2007-02-06,0.014,0.5605
2007-02-07,0.0112,0.5577
2007-02-08,0.0066,0.5531
2007-02-09,0.00030000000000000003,0.5468000000000001
2007-02-10,-0.0071,0.5394
2007-02-11,-0.014700000000000001,0.5318
2007-02-12,-0.0222,0.5243
2007-02-13,-0.0285,0.518
2007-02-14,-0.0329,0.5136000000000001
2007-02-15,-0.035,0.5115000000000001
2007-02-16,-0.0347,0.5118
2007-02-17,-0.0327,0.5138
2007-02-18,-0.0296,0.5169
2007-02-19,-0.0268,0.5197
2007-02-20,-0.0252,0.5213
2007-02-21,-0.0256,0.5209
2007-02-22,-0.0281,0.5184
2007-02-23,-0.0324,0.5141
2007-02-24,-0.0375,0.509
2007-02-25,-0.0429,0.5036
2007-02-26,-0.047400000000000005,0.49910000000000004
2007-02-27,-0.0507,0.4958
2007-02-28,-0.0523,0.49420000000000003
2007-03-01,-0.052000000000000005,0.49450000000000005
2007-03-02,-0.05,0.4965
2007-03-03,-0.0463,0.5002
2007-03-04,-0.0414,0.5051
2007-03-05,-0.0359,0.5106
2007-03-06,-0.0307,0.5158
2007-03-07,-0.0268,0.5197
2007-03-08,-0.0252,0.5213
2007-03-09,-0.0261,0.5204
2007-03-10,-0.029400000000000003,0.5171
2007-03-11,-0.0345,0.512
2007-03-12,-0.04,0.5065000000000001
2007-03-13,-0.0446,0.5019
2007-03-14,-0.047400000000000005,0.49910000000000004
2007-03-15,-0.0478,0.49870000000000003
2007-03-16,-0.0463,0.5002
2007-03-17,-0.0438,0.5027
2007-03-18,-0.0412,0.5053
2007-03-19,-0.039400000000000004,0.5071
2007-03-20,-0.038400000000000004,0.5081
2007-03-21,-0.0383,0.5082
2007-03-22,-0.038200000000000005,0.5083
2007-03-23,-0.037700000000000004,0.5088
2007-03-24,-0.0367,0.5098
2007-03-25,-0.0352,0.5113
2007-03-26,-0.0334,0.5131
2007-03-27,-0.0316,0.5149
2007-03-28,-0.0298,0.5167
2007-03-29,-0.0279,0.5186000000000001
2007-03-30,-0.0258,0.5207
2007-03-31,-0.0235,0.523
2007-04-01,-0.020800000000000003,0.5257000000000001
2007-04-02,-0.0181,0.5284
2007-04-03,-0.0159,0.5306000000000001
2007-04-04,-0.0143,0.5322
2007-04-05,-0.013600000000000001,0.5329
2007-04-06,-0.0134,0.5331
2007-04-07,-0.013300000000000001,0.5332
2007-04-08,-0.0135,0.533
2007-04-09,-0.0137,0.5328
2007-04-10,-0.014400000000000001,0.5321
2007-04-11,-0.015700000000000002,0.5308
2007-04-12,-0.017,0.5295
2007-04-13,-0.018000000000000002,0.5285000000000001
2007-04-14,-0.0179,0.5286000000000001
2007-04-15,-0.016300000000000002,0.5302
2007-04-16,-0.0134,0.5331
2007-04-17,-0.009600000000000001,0.5369
2007-04-18,-0.0058000000000000005,0.5407000000000001
2007-04-19,-0.0027,0.5438000000000001
2007-04-20,-0.0007,0.5458000000000001
2007-04-21,-0.0004,0.5461
2007-04-22,-0.0015,0.545
2007-04-23,-0.0036000000000000003,0.5429
2007-04-24,-0.0063,0.5402
2007-04-25,-0.008700000000000001,0.5378000000000001
2007-04-26,-0.0102,0.5363
2007-04-27,-0.0105,0.536
2007-04-28,-0.009300000000000001,0.5372
2007-04-29,-0.0071,0.5394
2007-04-30,-0.0044,0.5421
2007-05-01,-0.0018000000000000002,0.5447000000000001
2007-05-02,0.0005,0.547
2007-05-03,0.0018000000000000002,0.5483
2007-05-04,0.0021000000000000003,0.5486
2007-05-05,0.0014,0.5479
2007-05-06,-0.0004,0.5461
2007-05-07,-0.0031000000000000003,0.5434
2007-05-08,-0.006,0.5405
2007-05-09,-0.008700000000000001,0.5378000000000001
2007-05-10,-0.0108,0.5357000000000001
2007-05-11,-0.0118,0.5347000000000001
2007-05-12,-0.0119,0.5346000000000001
2007-05-13,-0.0115,0.535
2007-05-14,-0.0108,0.5357000000000001
2007-05-15,-0.0103,0.5362
2007-05-16,-0.0097,0.5368
2007-05-17,-0.0091,0.5374
2007-05-18,-0.0085,0.538
2007-05-19,-0.0078000000000000005,0.5387000000000001
2007-05-20,-0.006900000000000001,0.5396000000000001
2007-05-21,-0.0057,0.5408000000000001
2007-05-22,-0.0044,0.5421
2007-05-23,-0.0029000000000000002,0.5436
2007-05-24,-0.0016,0.5449
2007-05-25,-0.0007,0.5458000000000001
2007-05-26,0.0,0.5465
2007-05-27,0.0004,0.5469
2007-05-28,0.0005,0.547
2007-05-29,0.0001,0.5466
2007-05-30,-0.0009000000000000001,0.5456
2007-05-31,-0.0032,0.5433
2007-06-01,-0.0071,0.5394
2007-06-02,-0.0125,0.534
2007-06-03,-0.019100000000000002,0.5274
2007-06-04,-0.026000000000000002,0.5205000000000001
2007-06-05,-0.0325,0.514
2007-06-06,-0.0375,0.509
2007-06-07,-0.040400000000000005,0.5061
2007-06-08,-0.041100000000000005,0.5054000000000001
2007-06-09,-0.0398,0.5067
2007-06-10,-0.0374,0.5091
2007-06-11,-0.034800000000000005,0.5117
2007-06-12,-0.0325,0.514
2007-06-13,-0.0303,0.5162
2007-06-14,-0.0281,0.5184
2007-06-15,-0.025500000000000002,0.521
2007-06-16,-0.0217,0.5248
2007-06-17,-0.0175,0.529
2007-06-18,-0.0132,0.5333
2007-06-19,-0.009300000000000001,0.5372
2007-06-20,-0.0064,0.5401
2007-06-21,-0.0041,0.5424
2007-06-22,-0.0023,0.5442
2007-06-23,-0.0008,0.5457000000000001
2007-06-24,0.0011,0.5476
2007-06-25,0.0033,0.5498000000000001
2007-06-26,0.006,0.5525
2007-06-27,0.009300000000000001,0.5558000000000001
2007-06-28,0.013000000000000001,0.5595
2007-06-29,0.016900000000000002,0.5634
2007-06-30,0.02,0.5665
2007-07-01,0.021500000000000002,0.5680000000000001
2007-07-02,0.020900000000000002,0.5674
2007-07-03,0.0178,0.5643
2007-07-04,0.0128,0.5593
2007-07-05,0.0064,0.5529000000000001
2007-07-06,-0.0002,0.5463
2007-07-07,-0.0061,0.5404
2007-07-08,-0.0108,0.5357000000000001
2007-07-09,-0.014100000000000001,0.5324
2007-07-10,-0.016900000000000002,0.5296000000000001
2007-07-11,-0.0199,0.5266000000000001
2007-07-12,-0.0241,0.5224
2007-07-13,-0.0297,0.5168
2007-07-14,-0.0366,0.5099
2007-07-15,-0.0441,0.5024000000000001
2007-07-16,-0.0509,0.49560000000000004
2007-07-17,-0.056,0.49050000000000005
2007-07-18,-0.0585,0.48800000000000004
2007-07-19,-0.0584,0.48810000000000003
2007-07-20,-0.056400000000000006,0.49010000000000004
2007-07-21,-0.0536,0.4929
2007-07-22,-0.0512,0.4953
2007-07-23,-0.050100000000000006,0.4964
2007-07-24,-0.0504,0.49610000000000004
2007-07-25,-0.051800000000000006,0.49470000000000003
2007-07-26,-0.053500000000000006,0.49300000000000005
2007-07-27,-0.0548,0.4917
2007-07-28,-0.0551,0.4914
2007-07-29,-0.0546,0.4919
2007-07-30,-0.0534,0.49310000000000004
2007-07-31,-0.0523,0.49420000000000003
2007-08-01,-0.051300000000000005,0.49520000000000003
2007-08-02,-0.0509,0.49560000000000004
2007-08-03,-0.050800000000000005,0.49570000000000003
2007-08-04,-0.0511,0.4954
2007-08-05,-0.051500000000000004,0.49500000000000005
2007-08-06,-0.0519,0.49460000000000004
2007-08-07,-0.0526,0.4939
2007-08-08,-0.0536,0.4929
2007-08-09,-0.0548,0.4917
2007-08-10,-0.055600000000000004,0.4909
2007-08-11,-0.0555,0.49100000000000005
2007-08-12,-0.054200000000000005,0.4923
2007-08-13,-0.0519,0.49460000000000004
2007-08-14,-0.049,0.4975
2007-08-15,-0.046400000000000004,0.5001
2007-08-16,-0.044700000000000004,0.5018
2007-08-17,-0.044500000000000005,0.502
2007-08-18,-0.0458,0.5007
2007-08-19,-0.048400000000000006,0.49810000000000004
2007-08-20,-0.0511,0.4954
2007-08-21,-0.053200000000000004,0.4933
2007-08-22,-0.0539,0.49260000000000004
2007-08-23,-0.0533,0.4932
2007-08-24,-0.051800000000000006,0.49470000000000003
2007-08-25,-0.0509,0.49560000000000004
2007-08-26,-0.0512,0.4953
2007-08-27,-0.0533,0.4932
2007-08-28,-0.0568,0.4897
2007-08-29,-0.060700000000000004,0.4858
2007-08-30,-0.06380000000000001,0.4827
2007-08-31,-0.0649,0.48160000000000003
2007-09-01,-0.0636,0.4829
2007-09-02,-0.060000000000000005,0.48650000000000004
2007-09-03,-0.0551,0.4914
2007-09-04,-0.050100000000000006,0.4964
2007-09-05,-0.0465,0.5
2007-09-06,-0.0453,0.5012
2007-09-07,-0.0465,0.5
2007-09-08,-0.049600000000000005,0.4969
2007-09-09,-0.0534,0.49310000000000004
2007-09-10,-0.0568,0.4897
2007-09-11,-0.058600000000000006,0.4879
2007-09-12,-0.0587,0.4878
2007-09-13,-0.0575,0.48900000000000005
2007-09-14,-0.055600000000000004,0.4909
2007-09-15,-0.0541,0.4924
2007-09-16,-0.053700000000000005,0.4928
2007-09-17,-0.054700000000000006,0.4918
2007-09-18,-0.0568,0.4897
2007-09-19,-0.059500000000000004,0.48700000000000004
2007-09-20,-0.0623,0.4842
2007-09-21,-0.06470000000000001,0.4818
2007-09-22,-0.06670000000000001,0.4798
2007-09-23,-0.0684,0.4781
2007-09-24,-0.0702,0.4763
2007-09-25,-0.0722,0.4743
2007-09-26,-0.0741,0.47240000000000004
2007-09-27,-0.0755,0.47100000000000003
2007-09-28,-0.0756,0.47090000000000004
2007-09-29,-0.07440000000000001,0.4721
2007-09-30,-0.07200000000000001,0.47450000000000003
2007-10-01,-0.06910000000000001,0.47740000000000005
2007-10-02,-0.0666,0.47990000000000005
2007-10-03,-0.06520000000000001,0.4813
2007-10-04,-0.0653,0.4812
2007-10-05,-0.06670000000000001,0.4798
2007-10-06,-0.069,0.47750000000000004
2007-10-07,-0.0714,0.4751
2007-10-08,-0.07350000000000001,0.47300000000000003
2007-10-09,-0.0747,0.4718
2007-10-10,-0.0748,0.4717
2007-10-11,-0.0743,0.4722
2007-10-12,-0.0734,0.4731
2007-10-13,-0.0732,0.4733
2007-10-14,-0.0738,0.4727
2007-10-15,-0.07540000000000001,0.4711
2007-10-16,-0.0776,0.46890000000000004
2007-10-17,-0.07980000000000001,0.4667
2007-10-18,-0.0816,0.46490000000000004
2007-10-19,-0.08220000000000001,0.46430000000000005
2007-10-20,-0.082,0.4645
2007-10-21,-0.081,0.4655
2007-10-22,-0.07970000000000001,0.46680000000000005
2007-10-23,-0.0785,0.468
2007-10-24,-0.0776,0.46890000000000004
2007-10-25,-0.07730000000000001,0.4692
2007-10-26,-0.0777,0.46880000000000005
2007-10-27,-0.07880000000000001,0.4677
2007-10-28,-0.0806,0.46590000000000004
2007-10-29,-0.0829,0.4636
2007-10-30,-0.0852,0.46130000000000004
2007-10-31,-0.08700000000000001,0.4595
2007-11-01,-0.0879,0.4586
2007-11-02,-0.0874,0.4591
2007-11-03,-0.08560000000000001,0.46090000000000003
2007-11-04,-0.08270000000000001,0.46380000000000005
2007-11-05,-0.0795,0.467
2007-11-06,-0.0767,0.4698
2007-11-07,-0.0742,0.4723
2007-11-08,-0.0722,0.4743
2007-11-09,-0.0702,0.4763
2007-11-10,-0.0675,0.47900000000000004
2007-11-11,-0.06420000000000001,0.4823
2007-11-12,-0.0601,0.4864
2007-11-13,-0.0555,0.49100000000000005
2007-11-14,-0.0511,0.4954
2007-11-15,-0.047900000000000005,0.49860000000000004
2007-11-16,-0.046,0.5005000000000001
2007-11-17,-0.0459,0.5006
2007-11-18,-0.047,0.4995
2007-11-19,-0.0488,0.49770000000000003
2007-11-20,-0.0504,0.49610000000000004
2007-11-21,-0.0511,0.4954
2007-11-22,-0.051000000000000004,0.4955
2007-11-23,-0.049800000000000004,0.49670000000000003
2007-11-24,-0.048100000000000004,0.4984
2007-11-25,-0.046400000000000004,0.5001
2007-11-26,-0.0451,0.5014000000000001
2007-11-27,-0.0443,0.5022
2007-11-28,-0.044000000000000004,0.5025000000000001
2007-11-29,-0.0441,0.5024000000000001
2007-11-30,-0.044500000000000005,0.502
2007-12-01,-0.0449,0.5016
2007-12-02,-0.0453,0.5012
2007-12-03,-0.0455,0.501
2007-12-04,-0.045700000000000005,0.5008
2007-12-05,-0.0461,0.5004000000000001
2007-12-06,-0.0465,0.5
2007-12-07,-0.046900000000000004,0.49960000000000004
2007-12-08,-0.0471,0.4994
2007-12-09,-0.046900000000000004,0.49960000000000004
2007-12-10,-0.046,0.5005000000000001
2007-12-11,-0.0442,0.5023
2007-12-12,-0.0414,0.5051
2007-12-13,-0.037700000000000004,0.5088
2007-12-14,-0.0337,0.5128
2007-12-15,-0.0296,0.5169
2007-12-16,-0.0263,0.5202
2007-12-17,-0.0239,0.5226000000000001
2007-12-18,-0.022500000000000003,0.524
2007-12-19,-0.022000000000000002,0.5245000000000001
2007-12-20,-0.0221,0.5244
2007-12-21,-0.0227,0.5238
2007-12-22,-0.0234,0.5231
2007-12-23,-0.024300000000000002,0.5222
2007-12-24,-0.025400000000000002,0.5211
2007-12-25,-0.0263,0.5202
2007-12-26,-0.027,0.5195000000000001
2007-12-27,-0.027200000000000002,0.5193
2007-12-28,-0.0268,0.5197
2007-12-29,-0.0258,0.5207
2007-12-30,-0.0244,0.5221
2007-12-31,-0.0228,0.5237
2008-01-01,-0.0213,0.5252
2008-01-02,-0.0207,0.5258
2008-01-03,-0.020900000000000002,0.5256000000000001
2008-01-04,-0.0213,0.5252
2008-01-05,-0.021400000000000002,0.5251
2008-01-06,-0.0207,0.5258
2008-01-07,-0.0187,0.5278
2008-01-08,-0.015300000000000001,0.5312
2008-01-09,-0.0109,0.5356000000000001
2008-01-10,-0.0061,0.5404
2008-01-11,-0.0015,0.545
2008-01-12,0.0023,0.5488000000000001
2008-01-13,0.0047,0.5512
2008-01-14,0.0056,0.5521
2008-01-15,0.0051,0.5516
2008-01-16,0.0037,0.5502
2008-01-17,0.0015,0.548
2008-01-18,-0.0008,0.5457000000000001
2008-01-19,-0.0034000000000000002,0.5431
2008-01-20,-0.006200000000000001,0.5403
2008-01-21,-0.009600000000000001,0.5369
2008-01-22,-0.0137,0.5328
2008-01-23,-0.0179,0.5286000000000001
2008-01-24,-0.0221,0.5244
2008-01-25,-0.0257,0.5208
2008-01-26,-0.0279,0.5186000000000001
2008-01-27,-0.0287,0.5178
2008-01-28,-0.0279,0.5186000000000001
2008-01-29,-0.025400000000000002,0.5211
2008-01-30,-0.0218,0.5247
2008-01-31,-0.0177,0.5288
2008-02-01,-0.0134,0.5331
2008-02-02,-0.0097,0.5368
2008-02-03,-0.0068000000000000005,0.5397000000000001
2008-02-04,-0.005,0.5415
2008-02-05,-0.004200000000000001,0.5423
2008-02-06,-0.0045000000000000005,0.542
2008-02-07,-0.0056,0.5409
2008-02-08,-0.0077,0.5388000000000001
2008-02-09,-0.0102,0.5363
2008-02-10,-0.012700000000000001,0.5338
2008-02-11,-0.014400000000000001,0.5321
2008-02-12,-0.0145,0.532
2008-02-13,-0.0123,0.5342
2008-02-14,-0.0074,0.5391
2008-02-15,-0.00030000000000000003,0.5462
2008-02-16,0.0085,0.555
2008-02-17,0.0176,0.5641
2008-02-18,0.0257,0.5722
2008-02-19,0.031900000000000005,0.5784
2008-02-20,0.0358,0.5823
2008-02-21,0.0378,0.5843
2008-02-22,0.039,0.5855
2008-02-23,0.040600000000000004,0.5871000000000001
2008-02-24,0.043500000000000004,0.5900000000000001
2008-02-25,0.048,0.5945
2008-02-26,0.053500000000000006,0.6
2008-02-27,0.058600000000000006,0.6051000000000001
2008-02-28,0.062,0.6085
2008-02-29,0.0626,0.6091
2008-03-01,0.0601,0.6066
2008-03-02,0.0548,0.6013000000000001
2008-03-03,0.0478,0.5943
2008-03-04,0.0405,0.5870000000000001
2008-03-05,0.0339,0.5804
2008-03-06,0.028800000000000003,0.5753
2008-03-07,0.0252,0.5717
2008-03-08,0.023200000000000002,0.5697
2008-03-09,0.022000000000000002,0.5685
2008-03-10,0.021500000000000002,0.5680000000000001
2008-03-11,0.020900000000000002,0.5674
2008-03-12,0.020200000000000003,0.5667
2008-03-13,0.019,0.5655
2008-03-14,0.0171,0.5636
2008-03-15,0.014700000000000001,0.5612
2008-03-16,0.0123,0.5588000000000001
2008-03-17,0.0102,0.5567
2008-03-18,0.0085,0.555
2008-03-19,0.0076,0.5541
2008-03-20,0.007500000000000001,0.554
2008-03-21,0.0081,0.5546
2008-03-22,0.0094,0.5559000000000001
2008-03-23,0.011600000000000001,0.5581
2008-03-24,0.0145,0.561
2008-03-25,0.0178,0.5643
2008-03-26,0.022000000000000002,0.5685
2008-03-27,0.027200000000000002,0.5737
2008-03-28,0.033800000000000004,0.5803
2008-03-29,0.041600000000000005,0.5881000000000001
2008-03-30,0.0506,0.5971000000000001
2008-03-31,0.0604,0.6069
2008-04-01,0.07010000000000001,0.6166
2008-04-02,0.07930000000000001,0.6258
2008-04-03,0.0868,0.6333000000000001
2008-04-04,0.09240000000000001,0.6389
2008-04-05,0.09580000000000001,0.6423
2008-04-06,0.0978,0.6443
2008-04-07,0.09960000000000001,0.6461
2008-04-08,0.10210000000000001,0.6486000000000001
2008-04-09,0.1061,0.6526000000000001
2008-04-10,0.1115,0.658
2008-04-11,0.11750000000000001,0.664
2008-04-12,0.1233,0.6698000000000001
2008-04-13,0.12810000000000002,0.6746
2008-04-14,0.131,0.6775
2008-04-15,0.13190000000000002,0.6784
2008-04-16,0.1312,0.6777000000000001
2008-04-17,0.1292,0.6757000000000001
2008-04-18,0.1269,0.6734
2008-04-19,0.1246,0.6711
2008-04-20,0.1231,0.6696000000000001
2008-04-21,0.1221,0.6686000000000001
2008-04-22,0.1222,0.6687000000000001
2008-04-23,0.1233,0.6698000000000001
2008-04-24,0.1258,0.6723
2008-04-25,0.1291,0.6756
2008-04-26,0.1327,0.6792
2008-04-27,0.13570000000000002,0.6822
2008-04-28,0.1373,0.6838000000000001
2008-04-29,0.1374,0.6839000000000001
2008-04-30,0.13620000000000002,0.6827000000000001
2008-05-01,0.1343,0.6808000000000001
2008-05-02,0.1326,0.6791
2008-05-03,0.13190000000000002,0.6784
2008-05-04,0.1323,0.6788000000000001
2008-05-05,0.1337,0.6802
2008-05-06,0.1359,0.6824
2008-05-07,0.1383,0.6848000000000001
2008-05-08,0.14,0.6865
2008-05-09,0.14070000000000002,0.6872
2008-05-10,0.1399,0.6864
2008-05-11,0.1379,0.6844
2008-05-12,0.1351,0.6816
2008-05-13,0.1323,0.6788000000000001
2008-05-14,0.1306,0.6771
2008-05-15,0.1308,0.6773
2008-05-16,0.1332,0.6797000000000001
2008-05-17,0.1375,0.684
2008-05-18,0.1432,0.6897
2008-05-19,0.1491,0.6956
2008-05-20,0.154,0.7005
2008-05-21,0.1577,0.7042
2008-05-22,0.1598,0.7063
2008-05-23,0.16110000000000002,0.7076
2008-05-24,0.16240000000000002,0.7089000000000001
2008-05-25,0.1642,0.7107
2008-05-26,0.16670000000000001,0.7132000000000001
2008-05-27,0.16970000000000002,0.7162000000000001
2008-05-28,0.1724,0.7189
2008-05-29,0.1741,0.7206
2008-05-30,0.1743,0.7208
2008-05-31,0.1728,0.7193
2008-06-01,0.1694,0.7159
2008-06-02,0.1648,0.7113
2008-06-03,0.15990000000000001,0.7064
2008-06-04,0.1555,0.7020000000000001
2008-06-05,0.15230000000000002,0.6988000000000001
2008-06-06,0.15030000000000002,0.6968000000000001
2008-06-07,0.1491,0.6956
2008-06-08,0.14780000000000001,0.6943
2008-06-09,0.14600000000000002,0.6925
2008-06-10,0.14350000000000002,0.6900000000000001
2008-06-11,0.14,0.6865
2008-06-12,0.1359,0.6824
2008-06-13,0.1321,0.6786
2008-06-14,0.1291,0.6756
2008-06-15,0.1275,0.674
2008-06-16,0.1274,0.6739
2008-06-17,0.12860000000000002,0.6751
2008-06-18,0.1302,0.6767000000000001
2008-06-19,0.1315,0.678
2008-06-20,0.1323,0.6788000000000001
2008-06-21,0.1323,0.6788000000000001
2008-06-22,0.1321,0.6786
2008-06-23,0.1315,0.678
2008-06-24,0.1308,0.6773
2008-06-25,0.13,0.6765
2008-06-26,0.12890000000000001,0.6754
2008-06-27,0.1277,0.6742
2008-06-28,0.1263,0.6728000000000001
2008-06-29,0.12490000000000001,0.6714
2008-06-30,0.12390000000000001,0.6704
2008-07-01,0.12340000000000001,0.6699
2008-07-02,0.1233,0.6698000000000001
2008-07-03,0.1236,0.6701
2008-07-04,0.12350000000000001,0.67
2008-07-05,0.1227,0.6692
2008-07-06,0.12050000000000001,0.667
2008-07-07,0.11720000000000001,0.6637000000000001
2008-07-08,0.1131,0.6596000000000001
2008-07-09,0.1087,0.6552
2008-07-10,0.10490000000000001,0.6514
2008-07-11,0.1024,0.6489
2008-07-12,0.1015,0.648
2008-07-13,0.1018,0.6483
2008-07-14,0.1029,0.6494
2008-07-15,0.1039,0.6504
2008-07-16,0.1042,0.6507000000000001
2008-07-17,0.1032,0.6497
2008-07-18,0.1013,0.6478
2008-07-19,0.09860000000000001,0.6451
2008-07-20,0.09570000000000001,0.6422
2008-07-21,0.09290000000000001,0.6394000000000001
2008-07-22,0.0901,0.6366
2008-07-23,0.0876,0.6341
2008-07-24,0.0854,0.6319
2008-07-25,0.0835,0.63
2008-07-26,0.0816,0.6281
2008-07-27,0.0795,0.626
2008-07-28,0.077,0.6235
2008-07-29,0.07390000000000001,0.6204000000000001
2008-07-30,0.07050000000000001,0.617
2008-07-31,0.0666,0.6131
2008-08-01,0.062200000000000005,0.6087
2008-08-02,0.057,0.6035
2008-08-03,0.050800000000000005,0.5973
2008-08-04,0.0444,0.5909
2008-08-05,0.038200000000000005,0.5847
2008-08-06,0.0333,0.5798
2008-08-07,0.0302,0.5767
2008-08-08,0.028900000000000002,0.5754
2008-08-09,0.029,0.5755
2008-08-10,0.029900000000000003,0.5764
2008-08-11,0.030600000000000002,0.5771000000000001
2008-08-12,0.030600000000000002,0.5771000000000001
2008-08-13,0.029300000000000003,0.5758
2008-08-14,0.026600000000000002,0.5731
2008-08-15,0.022600000000000002,0.5691
2008-08-16,0.0177,0.5642
2008-08-17,0.0122,0.5587
2008-08-18,0.0066,0.5531
2008-08-19,0.0013000000000000002,0.5478000000000001
2008-08-20,-0.0031000000000000003,0.5434
2008-08-21,-0.0063,0.5402
2008-08-22,-0.0076,0.5389
2008-08-23,-0.007200000000000001,0.5393
2008-08-24,-0.0053,0.5412
2008-08-25,-0.0028,0.5437000000000001
2008-08-26,-0.0005,0.546
2008-08-27,0.0009000000000000001,0.5474
2008-08-28,0.0013000000000000002,0.5478000000000001
2008-08-29,0.00030000000000000003,0.5468000000000001
2008-08-30,-0.0016,0.5449
2008-08-31,-0.0037,0.5428000000000001
2008-09-01,-0.0056,0.5409
2008-09-02,-0.006500000000000001,0.54
2008-09-03,-0.0063,0.5402
2008-09-04,-0.0055000000000000005,0.541
2008-09-05,-0.0046,0.5419
2008-09-06,-0.0044,0.5421
2008-09-07,-0.0053,0.5412
2008-09-08,-0.0073,0.5392
2008-09-09,-0.0098,0.5367000000000001
2008-09-10,-0.0125,0.534
2008-09-11,-0.014700000000000001,0.5318
2008-09-12,-0.016300000000000002,0.5302
2008-09-13,-0.0178,0.5287000000000001
2008-09-14,-0.0194,0.5271
2008-09-15,-0.021400000000000002,0.5251
2008-09-16,-0.0236,0.5229
2008-09-17,-0.0252,0.5213
2008-09-18,-0.025400000000000002,0.5211
2008-09-19,-0.023700000000000002,0.5228
2008-09-20,-0.0201,0.5264
2008-09-21,-0.015000000000000001,0.5315
2008-09-22,-0.0098,0.5367000000000001
2008-09-23,-0.0059,0.5406000000000001
2008-09-24,-0.0044,0.5421
2008-09-25,-0.0059,0.5406000000000001
2008-09-26,-0.010100000000000001,0.5364
2008-09-27,-0.0158,0.5307000000000001
2008-09-28,-0.0216,0.5249
2008-09-29,-0.026000000000000002,0.5205000000000001
2008-09-30,-0.028,0.5185000000000001
2008-10-01,-0.027700000000000002,0.5188
2008-10-02,-0.0261,0.5204
2008-10-03,-0.024300000000000002,0.5222
2008-10-04,-0.0235,0.523
2008-10-05,-0.024200000000000003,0.5223
2008-10-06,-0.0262,0.5203
2008-10-07,-0.029300000000000003,0.5172
2008-10-08,-0.0322,0.5143
2008-10-09,-0.034300000000000004,0.5122
2008-10-10,-0.0352,0.5113
2008-10-11,-0.0351,0.5114000000000001
2008-10-12,-0.0346,0.5119
2008-10-13,-0.0337,0.5128
2008-10-14,-0.0328,0.5137
2008-10-15,-0.032,0.5145000000000001
2008-10-16,-0.031,0.5155000000000001
2008-10-17,-0.0296,0.5169
2008-10-18,-0.0279,0.5186000000000001
2008-10-19,-0.0258,0.5207
2008-10-20,-0.024,0.5225000000000001
2008-10-21,-0.023100000000000002,0.5234
2008-10-22,-0.0236,0.5229
2008-10-23,-0.0258,0.5207
2008-10-24,-0.0292,0.5173
2008-10-25,-0.0333,0.5132
2008-10-26,-0.037200000000000004,0.5093
2008-10-27,-0.0405,0.506
2008-10-28,-0.0426,0.5039
2008-10-29,-0.0431,0.5034000000000001
2008-10-30,-0.042300000000000004,0.5042
2008-10-31,-0.0405,0.506
2008-11-01,-0.0378,0.5087
2008-11-02,-0.034800000000000005,0.5117
2008-11-03,-0.0316,0.5149
2008-11-04,-0.028800000000000003,0.5177
2008-11-05,-0.026600000000000002,0.5199
2008-11-06,-0.0256,0.5209
2008-11-07,-0.025900000000000003,0.5206000000000001
2008-11-08,-0.0269,0.5196000000000001
2008-11-09,-0.0285,0.518
2008-11-10,-0.030000000000000002,0.5165000000000001
2008-11-11,-0.0307,0.5158
2008-11-12,-0.030500000000000003,0.516
2008-11-13,-0.0292,0.5173
2008-11-14,-0.027200000000000002,0.5193
2008-11-15,-0.024900000000000002,0.5216000000000001
2008-11-16,-0.0233,0.5232
2008-11-17,-0.022600000000000002,0.5239
2008-11-18,-0.023200000000000002,0.5233
2008-11-19,-0.024900000000000002,0.5216000000000001
2008-11-20,-0.027200000000000002,0.5193
2008-11-21,-0.029500000000000002,0.517
2008-11-22,-0.031100000000000003,0.5154
2008-11-23,-0.0315,0.515
2008-11-24,-0.030500000000000003,0.516
2008-11-25,-0.0279,0.5186000000000001
2008-11-26,-0.0241,0.5224
2008-11-27,-0.0193,0.5272
2008-11-28,-0.014100000000000001,0.5324
2008-11-29,-0.008700000000000001,0.5378000000000001
2008-11-30,-0.0036000000000000003,0.5429
2008-12-01,0.0011,0.5476
2008-12-02,0.0051,0.5516
2008-12-03,0.0086,0.5551
2008-12-04,0.0115,0.558
2008-12-05,0.013600000000000001,0.5601
2008-12-06,0.015000000000000001,0.5615
2008-12-07,0.0149,0.5614
2008-12-08,0.0131,0.5596
2008-12-09,0.0097,0.5562
2008-12-10,0.0048000000000000004,0.5513
2008-12-11,-0.0008,0.5457000000000001
2008-12-12,-0.0061,0.5404
2008-12-13,-0.0099,0.5366000000000001
2008-12-14,-0.012,0.5345
2008-12-15,-0.0125,0.534
2008-12-16,-0.012,0.5345
2008-12-17,-0.0114,0.5351
2008-12-18,-0.011600000000000001,0.5349
2008-12-19,-0.013300000000000001,0.5332
2008-12-20,-0.016800000000000002,0.5297000000000001
2008-12-21,-0.0211,0.5254
2008-12-22,-0.025400000000000002,0.5211
2008-12-23,-0.0285,0.518
2008-12-24,-0.0298,0.5167
2008-12-25,-0.028800000000000003,0.5177
2008-12-26,-0.026000000000000002,0.5205000000000001
2008-12-27,-0.0224,0.5241
2008-12-28,-0.0189,0.5276000000000001
2008-12-29,-0.0159,0.5306000000000001
2008-12-30,-0.0143,0.5322
2008-12-31,-0.014,0.5325
2009-01-01,-0.0146,0.5319
2009-01-02,-0.016300000000000002,0.5302
2009-01-03,-0.018600000000000002,0.5279
2009-01-04,-0.020900000000000002,0.5256000000000001
2009-01-05,-0.0233,0.5232
2009-01-06,-0.025400000000000002,0.5211
2009-01-07,-0.027600000000000003,0.5189
2009-01-08,-0.0302,0.5163
2009-01-09,-0.0332,0.5133
2009-01-10,-0.0363,0.5102
2009-01-11,-0.039,0.5075000000000001
2009-01-12,-0.0405,0.506
2009-01-13,-0.040400000000000005,0.5061
2009-01-14,-0.0383,0.5082
2009-01-15,-0.0346,0.5119
2009-01-16,-0.0302,0.5163
2009-01-17,-0.0257,0.5208
2009-01-18,-0.0221,0.5244
2009-01-19,-0.0196,0.5269
2009-01-20,-0.0182,0.5283
2009-01-21,-0.0177,0.5288
2009-01-22,-0.017400000000000002,0.5291
2009-01-23,-0.0171,0.5294
2009-01-24,-0.0165,0.53
2009-01-25,-0.015300000000000001,0.5312
2009-01-26,-0.014,0.5325
2009-01-27,-0.0132,0.5333
2009-01-28,-0.013600000000000001,0.5329
2009-01-29,-0.0154,0.5311
2009-01-30,-0.0184,0.5281
2009-01-31,-0.022000000000000002,0.5245000000000001
2009-02-01,-0.0251,0.5214
2009-02-02,-0.0264,0.5201
2009-02-03,-0.025500000000000002,0.521
2009-02-04,-0.0221,0.5244
2009-02-05,-0.016800000000000002,0.5297000000000001
2009-02-06,-0.0109,0.5356000000000001
2009-02-07,-0.0058000000000000005,0.5407000000000001
2009-02-08,-0.0029000000000000002,0.5436
2009-02-09,-0.003,0.5435
2009-02-10,-0.0056,0.5409
2009-02-11,-0.0099,0.5366000000000001
2009-02-12,-0.014100000000000001,0.5324
2009-02-13,-0.0173,0.5292
2009-02-14,-0.0183,0.5282
2009-02-15,-0.0171,0.5294
2009-02-16,-0.0135,0.533
2009-02-17,-0.0078000000000000005,0.5387000000000001
2009-02-18,-0.0005,0.546
2009-02-19,0.007500000000000001,0.554
2009-02-20,0.015000000000000001,0.5615
2009-02-21,0.0211,0.5676
2009-02-22,0.025500000000000002,0.5720000000000001
2009-02-23,0.028,0.5745
2009-02-24,0.028900000000000002,0.5754
2009-02-25,0.029,0.5755
2009-02-26,0.028900000000000002,0.5754
2009-02-27,0.0292,0.5757
2009-02-28,0.030100000000000002,0.5766
2009-03-01,0.031,0.5775
2009-03-02,0.031200000000000002,0.5777
2009-03-03,0.0297,0.5762
2009-03-04,0.026000000000000002,0.5725
2009-03-05,0.020300000000000002,0.5668000000000001
2009-03-06,0.0132,0.5597
2009-03-07,0.0058000000000000005,0.5523
2009-03-08,-0.0008,0.5457000000000001
2009-03-09,-0.0053,0.5412
2009-03-10,-0.007200000000000001,0.5393
2009-03-11,-0.0067,0.5398000000000001
2009-03-12,-0.0046,0.5419
2009-03-13,-0.0015,0.545
2009-03-14,0.0017000000000000001,0.5482
2009-03-15,0.0047,0.5512
2009-03-16,0.0076,0.5541
2009-03-17,0.0105,0.557
2009-03-18,0.013800000000000002,0.5603
2009-03-19,0.0178,0.5643
2009-03-20,0.0223,0.5688
2009-03-21,0.027,0.5735
2009-03-22,0.032,0.5785
2009-03-23,0.0367,0.5832
2009-03-24,0.041,0.5875
2009-03-25,0.0448,0.5913
2009-03-26,0.048100000000000004,0.5946
2009-03-27,0.0511,0.5976
2009-03-28,0.0548,0.6013000000000001
2009-03-29,0.0594,0.6059
2009-03-30,0.0651,0.6116
2009-03-31,0.0716,0.6181
2009-04-01,0.07780000000000001,0.6243000000000001
2009-04-02,0.0829,0.6294000000000001
2009-04-03,0.08610000000000001,0.6326
2009-04-04,0.08700000000000001,0.6335000000000001
2009-04-05,0.0857,0.6322
2009-04-06,0.0828,0.6293000000000001
2009-04-07,0.0791,0.6256
2009-04-08,0.07590000000000001,0.6224000000000001
2009-04-09,0.0737,0.6202000000000001
2009-04-10,0.0733,0.6198
2009-04-11,0.07400000000000001,0.6205
2009-04-12,0.07490000000000001,0.6214000000000001
2009-04-13,0.075,0.6215
2009-04-14,0.0736,0.6201
2009-04-15,0.0702,0.6167
2009-04-16,0.0659,0.6124
2009-04-17,0.061200000000000004,0.6077
2009-04-18,0.057300000000000004,0.6038
2009-04-19,0.0551,0.6016
2009-04-20,0.0548,0.6013000000000001
2009-04-21,0.0562,0.6027
2009-04-22,0.0589,0.6054
2009-04-23,0.0623,0.6088
2009-04-24,0.06620000000000001,0.6127
2009-04-25,0.07100000000000001,0.6175
2009-04-26,0.07680000000000001,0.6233000000000001
2009-04-27,0.0839,0.6304000000000001
2009-04-28,0.09230000000000001,0.6388
2009-04-29,0.10110000000000001,0.6476000000000001
2009-04-30,0.1097,0.6562
2009-05-01,0.1174,0.6639
2009-05-02,0.1241,0.6706000000000001
2009-05-03,0.12990000000000002,0.6764
2009-05-04,0.13520000000000001,0.6817000000000001
2009-05-05,0.14,0.6865
2009-05-06,0.1442,0.6907
2009-05-07,0.1476,0.6941
2009-05-08,0.1499,0.6964
2009-05-09,0.1505,0.6970000000000001
2009-05-10,0.1495,0.6960000000000001
2009-05-11,0.1467,0.6932
2009-05-12,0.1421,0.6886
2009-05-13,0.1363,0.6828000000000001
2009-05-14,0.1302,0.6767000000000001
2009-05-15,0.1246,0.6711
2009-05-16,0.12040000000000001,0.6669
2009-05-17,0.1177,0.6642
2009-05-18,0.1163,0.6628000000000001
2009-05-19,0.1155,0.662
2009-05-20,0.1144,0.6609
2009-05-21,0.1121,0.6586000000000001
2009-05-22,0.10830000000000001,0.6548
2009-05-23,0.1033,0.6498
2009-05-24,0.0975,0.644
2009-05-25,0.092,0.6385000000000001
2009-05-26,0.0876,0.6341
2009-05-27,0.0852,0.6317
2009-05-28,0.0844,0.6309
2009-05-29,0.0847,0.6312
2009-05-30,0.0853,0.6318
2009-05-31,0.0853,0.6318
2009-06-01,0.0848,0.6313000000000001
2009-06-02,0.08370000000000001,0.6302
2009-06-03,0.0826,0.6291
2009-06-04,0.0821,0.6286
2009-06-05,0.08270000000000001,0.6292
2009-06-06,0.0849,0.6314000000000001
2009-06-07,0.0887,0.6352
2009-06-08,0.0936,0.6401
2009-06-09,0.0994,0.6459
2009-06-10,0.10540000000000001,0.6519
2009-06-11,0.11130000000000001,0.6578
2009-06-12,0.11620000000000001,0.6627000000000001
2009-06-13,0.11960000000000001,0.6661
2009-06-14,0.1211,0.6676000000000001
2009-06-15,0.1203,0.6668000000000001
2009-06-16,0.1177,0.6642
2009-06-17,0.11370000000000001,0.6602
2009-06-18,0.10940000000000001,0.6559
2009-06-19,0.1052,0.6517000000000001
2009-06-20,0.10200000000000001,0.6485000000000001
2009-06-21,0.0999,0.6464000000000001
2009-06-22,0.0989,0.6454000000000001
2009-06-23,0.0983,0.6448
2009-06-24,0.0971,0.6436000000000001
2009-06-25,0.0946,0.6411
2009-06-26,0.09050000000000001,0.637
2009-06-27,0.0852,0.6317
2009-06-28,0.0791,0.6256
2009-06-29,0.0733,0.6198
2009-06-30,0.0688,0.6153000000000001
2009-07-01,0.0664,0.6129
2009-07-02,0.0664,0.6129
2009-07-03,0.0684,0.6149
2009-07-04,0.07200000000000001,0.6185
2009-07-05,0.07590000000000001,0.6224000000000001
2009-07-06,0.0795,0.626
2009-07-07,0.0824,0.6289
2009-07-08,0.0845,0.631
2009-07-09,0.0863,0.6328
2009-07-10,0.0879,0.6344000000000001
2009-07-11,0.0896,0.6361
2009-07-12,0.09140000000000001,0.6379
2009-07-13,0.0925,0.639
2009-07-14,0.0925,0.639
2009-07-15,0.091,0.6375000000000001
2009-07-16,0.0878,0.6343
2009-07-17,0.08320000000000001,0.6297
2009-07-18,0.078,0.6245
2009-07-19,0.07300000000000001,0.6195
2009-07-20,0.0689,0.6154000000000001
2009-07-21,0.0663,0.6128
2009-07-22,0.065,0.6115
2009-07-23,0.065,0.6115
2009-07-24,0.0656,0.6121
2009-07-25,0.0664,0.6129
2009-07-26,0.0671,0.6136
2009-07-27,0.067,0.6135
2009-07-28,0.06620000000000001,0.6127
2009-07-29,0.0646,0.6111
2009-07-30,0.0623,0.6088
2009-07-31,0.0597,0.6062000000000001
2009-08-01,0.0572,0.6037
2009-08-02,0.0555,0.602
2009-08-03,0.055200000000000006,0.6017
2009-08-04,0.056400000000000006,0.6029
2009-08-05,0.0582,0.6047
2009-08-06,0.059800000000000006,0.6063000000000001
2009-08-07,0.060200000000000004,0.6067
2009-08-08,0.0584,0.6049
2009-08-09,0.0545,0.601
2009-08-10,0.049100000000000005,0.5956
2009-08-11,0.043000000000000003,0.5895
2009-08-12,0.0371,0.5836
2009-08-13,0.0318,0.5783
2009-08-14,0.0274,0.5739000000000001
2009-08-15,0.0238,0.5703
2009-08-16,0.020900000000000002,0.5674
2009-08-17,0.018600000000000002,0.5651
2009-08-18,0.017,0.5635
2009-08-19,0.0158,0.5623
2009-08-20,0.0145,0.561
2009-08-21,0.0128,0.5593
2009-08-22,0.0102,0.5567
2009-08-23,0.0064,0.5529000000000001
2009-08-24,0.0016,0.5481
2009-08-25,-0.0035,0.543
2009-08-26,-0.0079,0.5386000000000001
2009-08-27,-0.011000000000000001,0.5355
2009-08-28,-0.012100000000000001,0.5344
2009-08-29,-0.0114,0.5351
2009-08-30,-0.009600000000000001,0.5369
2009-08-31,-0.0071,0.5394
2009-09-01,-0.0051,0.5414
2009-09-02,-0.0041,0.5424
2009-09-03,-0.004200000000000001,0.5423
2009-09-04,-0.005,0.5415
2009-09-05,-0.0058000000000000005,0.5407000000000001
2009-09-06,-0.0055000000000000005,0.541
2009-09-07,-0.0038,0.5427000000000001
2009-09-08,-0.0002,0.5463
2009-09-09,0.0043,0.5508000000000001
2009-09-10,0.0094,0.5559000000000001
2009-09-11,0.0142,0.5607
2009-09-12,0.0182,0.5647
2009-09-13,0.0213,0.5678000000000001
2009-09-14,0.0233,0.5698
2009-09-15,0.0245,0.5710000000000001
2009-09-16,0.0253,0.5718
2009-09-17,0.026000000000000002,0.5725
2009-09-18,0.0268,0.5733
2009-09-19,0.0275,0.5740000000000001
2009-09-20,0.0275,0.5740000000000001
2009-09-21,0.0264,0.5729000000000001
2009-09-22,0.0247,0.5712
2009-09-23,0.023,0.5695
2009-09-24,0.0216,0.5681
2009-09-25,0.0212,0.5677
2009-09-26,0.0217,0.5682
2009-09-27,0.0228,0.5693
2009-09-28,0.024,0.5705
2009-09-29,0.025,0.5715
2009-09-30,0.025900000000000003,0.5724
2009-10-01,0.0267,0.5732
2009-10-02,0.027700000000000002,0.5742
2009-10-03,0.0291,0.5756
2009-10-04,0.030600000000000002,0.5771000000000001
2009-10-05,0.0325,0.5790000000000001
2009-10-06,0.0339,0.5804
2009-10-07,0.035,0.5815
2009-10-08,0.0354,0.5819
2009-10-09,0.0352,0.5817
2009-10-10,0.034800000000000005,0.5813
2009-10-11,0.034800000000000005,0.5813
2009-10-12,0.0349,0.5814
2009-10-13,0.035300000000000005,0.5818
2009-10-14,0.0358,0.5823
2009-10-15,0.0366,0.5831000000000001
2009-10-16,0.0373,0.5838
2009-10-17,0.038,0.5845
2009-10-18,0.038400000000000004,0.5849
2009-10-19,0.0385,0.5850000000000001
2009-10-20,0.0383,0.5848
2009-10-21,0.037700000000000004,0.5842
2009-10-22,0.037000000000000005,0.5835
2009-10-23,0.0361,0.5826
2009-10-24,0.035,0.5815
2009-10-25,0.034300000000000004,0.5808
2009-10-26,0.0339,0.5804
2009-10-27,0.0337,0.5802
2009-10-28,0.0334,0.5799000000000001
2009-10-29,0.0328,0.5793
2009-10-30,0.0315,0.5780000000000001
2009-10-31,0.029500000000000002,0.5760000000000001
2009-11-01,0.027100000000000003,0.5736
2009-11-02,0.0247,0.5712
2009-11-03,0.0229,0.5694
2009-11-04,0.022600000000000002,0.5691
2009-11-05,0.0244,0.5709000000000001
2009-11-06,0.028300000000000002,0.5748
2009-11-07,0.0342,0.5807
2009-11-08,0.041100000000000005,0.5876
2009-11-09,0.0482,0.5947
2009-11-10,0.055,0.6015
2009-11-11,0.061200000000000004,0.6077
2009-11-12,0.0671,0.6136
2009-11-13,0.0733,0.6198
2009-11-14,0.08020000000000001,0.6267
2009-11-15,0.08850000000000001,0.635
2009-11-16,0.0979,0.6444000000000001
2009-11-17,0.1082,0.6547000000000001
2009-11-18,0.1187,0.6652
2009-11-19,0.1282,0.6747000000000001
2009-11-20,0.1361,0.6826
2009-11-21,0.14250000000000002,0.6890000000000001
2009-11-22,0.14780000000000001,0.6943
2009-11-23,0.1531,0.6996
2009-11-24,0.1592,0.7057
2009-11-25,0.1663,0.7128
2009-11-26,0.1741,0.7206
2009-11-27,0.1819,0.7284
2009-11-28,0.1892,0.7357
2009-11-29,0.1953,0.7418
2009-11-30,0.20020000000000002,0.7467
2009-12-01,0.2038,0.7503000000000001
2009-12-02,0.2066,0.7531
2009-12-03,0.2091,0.7556
2009-12-04,0.2114,0.7579
2009-12-05,0.21400000000000002,0.7605000000000001
2009-12-06,0.21680000000000002,0.7633000000000001
2009-12-07,0.2195,0.766
2009-12-08,0.2217,0.7682
2009-12-09,0.2228,0.7693
2009-12-10,0.2223,0.7688
2009-12-11,0.21960000000000002,0.7661
2009-12-12,0.21450000000000002,0.761
2009-12-13,0.20770000000000002,0.7542
2009-12-14,0.19990000000000002,0.7464000000000001
2009-12-15,0.1925,0.739
2009-12-16,0.18610000000000002,0.7326
2009-12-17,0.18180000000000002,0.7283000000000001
2009-12-18,0.1796,0.7261000000000001
2009-12-19,0.1792,0.7257
2009-12-20,0.1796,0.7261000000000001
2009-12-21,0.18000000000000002,0.7265
2009-12-22,0.1797,0.7262000000000001
2009-12-23,0.17800000000000002,0.7245
2009-12-24,0.1749,0.7214
2009-12-25,0.1703,0.7168
2009-12-26,0.165,0.7115
2009-12-27,0.1595,0.7060000000000001
2009-12-28,0.1544,0.7009000000000001
2009-12-29,0.1499,0.6964
2009-12-30,0.14550000000000002,0.6920000000000001
2009-12-31,0.1404,0.6869000000000001
2010-01-01,0.1331,0.6796
2010-01-02,0.1255,0.672
2010-01-03,0.1165,0.663
2010-01-04,0.1071,0.6536000000000001
2010-01-05,0.09860000000000001,0.6451
2010-01-06,0.09240000000000001,0.6389
2010-01-07,0.0896,0.6361
2010-01-08,0.0907,0.6372
2010-01-09,0.09530000000000001,0.6418
2010-01-10,0.1022,0.6487
2010-01-11,0.10990000000000001,0.6564
2010-01-12,0.1168,0.6633
2010-01-13,0.12190000000000001,0.6684
2010-01-14,0.1246,0.6711
2010-01-15,0.12510000000000002,0.6716000000000001
2010-01-16,0.124,0.6705
2010-01-17,0.12140000000000001,0.6679
2010-01-18,0.1183,0.6648000000000001
2010-01-19,0.11470000000000001,0.6612
2010-01-20,0.11130000000000001,0.6578
2010-01-21,0.10840000000000001,0.6549
2010-01-22,0.1056,0.6521
2010-01-23,0.10350000000000001,0.65
2010-01-24,0.10210000000000001,0.6486000000000001
2010-01-25,0.101,0.6475000000000001
2010-01-26,0.1004,0.6469
2010-01-27,0.0995,0.646
2010-01-28,0.098,0.6445000000000001
2010-01-29,0.0952,0.6417
2010-01-30,0.0911,0.6376000000000001
2010-01-31,0.08610000000000001,0.6326
2010-02-01,0.08070000000000001,0.6272
2010-02-02,0.0762,0.6227
2010-02-03,0.0733,0.6198
2010-02-04,0.0726,0.6191
2010-02-05,0.0743,0.6208
2010-02-06,0.078,0.6245
2010-02-07,0.0825,0.629
2010-02-08,0.0864,0.6329
2010-02-09,0.08900000000000001,0.6355000000000001
2010-02-10,0.0896,0.6361
2010-02-11,0.0888,0.6353
2010-02-12,0.0872,0.6337
2010-02-13,0.0857,0.6322
2010-02-14,0.085,0.6315000000000001
2010-02-15,0.0849,0.6314000000000001
2010-02-16,0.085,0.6315000000000001
2010-02-17,0.0848,0.6313000000000001
2010-02-18,0.0838,0.6303000000000001
2010-02-19,0.0823,0.6288
2010-02-20,0.0806,0.6271
2010-02-21,0.0795,0.626
2010-02-22,0.0796,0.6261
2010-02-23,0.0811,0.6276
2010-02-24,0.0839,0.6304000000000001
2010-02-25,0.0868,0.6333000000000001
2010-02-26,0.0888,0.6353
2010-02-27,0.0889,0.6354000000000001
2010-02-28,0.08710000000000001,0.6336
2010-03-01,0.08420000000000001,0.6307
2010-03-02,0.0816,0.6281
2010-03-03,0.081,0.6275000000000001
2010-03-04,0.08310000000000001,0.6296
2010-03-05,0.08800000000000001,0.6345000000000001
2010-03-06,0.095,0.6415000000000001
2010-03-07,0.10260000000000001,0.6491
2010-03-08,0.1091,0.6556000000000001
2010-03-09,0.1134,0.6599
2010-03-10,0.11470000000000001,0.6612
2010-03-11,0.1135,0.66
2010-03-12,0.1109,0.6574
2010-03-13,0.1081,0.6546000000000001
2010-03-14,0.10640000000000001,0.6529
2010-03-15,0.10640000000000001,0.6529
2010-03-16,0.10790000000000001,0.6544
2010-03-17,0.1102,0.6567000000000001
2010-03-18,0.11220000000000001,0.6587000000000001
2010-03-19,0.1129,0.6594
2010-03-20,0.1124,0.6589
2010-03-21,0.11120000000000001,0.6577000000000001
2010-03-22,0.1102,0.6567000000000001
2010-03-23,0.11080000000000001,0.6573
2010-03-24,0.11330000000000001,0.6598
2010-03-25,0.1177,0.6642
2010-03-26,0.12340000000000001,0.6699
2010-03-27,0.1295,0.676
2010-03-28,0.13540000000000002,0.6819000000000001
2010-03-29,0.1404,0.6869000000000001
2010-03-30,0.1439,0.6904
2010-03-31,0.1458,0.6923
2010-04-01,0.1459,0.6924
2010-04-02,0.1447,0.6912
2010-04-03,0.1426,0.6891
2010-04-04,0.1401,0.6866
2010-04-05,0.13770000000000002,0.6842
2010-04-06,0.13620000000000002,0.6827000000000001
2010-04-07,0.1359,0.6824
2010-04-08,0.1366,0.6831
2010-04-09,0.1374,0.6839000000000001
2010-04-10,0.13720000000000002,0.6837000000000001
2010-04-11,0.1353,0.6818000000000001
2010-04-12,0.13140000000000002,0.6779000000000001
2010-04-13,0.12610000000000002,0.6726000000000001
2010-04-14,0.1202,0.6667000000000001
2010-04-15,0.1148,0.6613
2010-04-16,0.1105,0.657
2010-04-17,0.10700000000000001,0.6535000000000001
2010-04-18,0.10400000000000001,0.6505000000000001
2010-04-19,0.10070000000000001,0.6472
2010-04-20,0.0961,0.6426000000000001
2010-04-21,0.0897,0.6362
2010-04-22,0.0815,0.628
2010-04-23,0.0724,0.6189
2010-04-24,0.06330000000000001,0.6098
2010-04-25,0.0553,0.6018
2010-04-26,0.048400000000000006,0.5949
2010-04-27,0.0425,0.5890000000000001
2010-04-28,0.037200000000000004,0.5837
2010-04-29,0.0323,0.5788
2010-04-30,0.028800000000000003,0.5753
2010-05-01,0.0275,0.5740000000000001
2010-05-02,0.028800000000000003,0.5753
2010-05-03,0.032100000000000004,0.5786
2010-05-04,0.0367,0.5832
2010-05-05,0.041,0.5875
2010-05-06,0.044000000000000004,0.5905
2010-05-07,0.045200000000000004,0.5917
2010-05-08,0.0441,0.5906
2010-05-09,0.0417,0.5882000000000001
2010-05-10,0.038700000000000005,0.5852
2010-05-11,0.0363,0.5828
2010-05-12,0.035,0.5815
2010-05-13,0.0351,0.5816
2010-05-14,0.0358,0.5823
2010-05-15,0.0364,0.5829
2010-05-16,0.0357,0.5822
2010-05-17,0.033800000000000004,0.5803
2010-05-18,0.0304,0.5769000000000001
2010-05-19,0.0261,0.5726
2010-05-20,0.0216,0.5681
2010-05-21,0.0177,0.5642
2010-05-22,0.0148,0.5613
2010-05-23,0.013000000000000001,0.5595
2010-05-24,0.0122,0.5587
2010-05-25,0.012100000000000001,0.5586
2010-05-26,0.0123,0.5588000000000001
2010-05-27,0.012700000000000001,0.5592
2010-05-28,0.013000000000000001,0.5595
2010-05-29,0.013300000000000001,0.5598000000000001
2010-05-30,0.013300000000000001,0.5598000000000001
2010-05-31,0.012700000000000001,0.5592
2010-06-01,0.011600000000000001,0.5581
2010-06-02,0.0095,0.556
2010-06-03,0.0067,0.5532
2010-06-04,0.0031000000000000003,0.5496
2010-06-05,-0.0008,0.5457000000000001
2010-06-06,-0.0047,0.5418000000000001
2010-06-07,-0.0085,0.538
2010-06-08,-0.0117,0.5348
2010-06-09,-0.0142,0.5323
2010-06-10,-0.0155,0.531
2010-06-11,-0.0158,0.5307000000000001
2010-06-12,-0.015000000000000001,0.5315
2010-06-13,-0.013600000000000001,0.5329
2010-06-14,-0.0123,0.5342
2010-06-15,-0.0117,0.5348
2010-06-16,-0.012400000000000001,0.5341
2010-06-17,-0.0145,0.532
2010-06-18,-0.0177,0.5288
2010-06-19,-0.0213,0.5252
2010-06-20,-0.0244,0.5221
2010-06-21,-0.0262,0.5203
2010-06-22,-0.0263,0.5202
2010-06-23,-0.025,0.5215000000000001
2010-06-24,-0.022600000000000002,0.5239
2010-06-25,-0.0201,0.5264
2010-06-26,-0.0183,0.5282
2010-06-27,-0.017400000000000002,0.5291
2010-06-28,-0.0172,0.5293
2010-06-29,-0.0173,0.5292
2010-06-30,-0.0172,0.5293
2010-07-01,-0.0165,0.53
2010-07-02,-0.0154,0.5311
2010-07-03,-0.013800000000000002,0.5327000000000001
2010-07-04,-0.012700000000000001,0.5338
2010-07-05,-0.012400000000000001,0.5341
2010-07-06,-0.0137,0.5328
2010-07-07,-0.0167,0.5298
2010-07-08,-0.0211,0.5254
2010-07-09,-0.026500000000000003,0.52
2010-07-10,-0.0317,0.5148
2010-07-11,-0.0361,0.5104000000000001
2010-07-12,-0.039400000000000004,0.5071
2010-07-13,-0.0414,0.5051
2010-07-14,-0.0424,0.5041
2010-07-15,-0.0422,0.5043
2010-07-16,-0.0415,0.505
2010-07-17,-0.0402,0.5063
2010-07-18,-0.038900000000000004,0.5076
2010-07-19,-0.0379,0.5086
2010-07-20,-0.0375,0.509
2010-07-21,-0.0383,0.5082
2010-07-22,-0.0403,0.5062
2010-07-23,-0.0437,0.5028
2010-07-24,-0.047900000000000005,0.49860000000000004
2010-07-25,-0.0521,0.4944
2010-07-26,-0.0553,0.4912
2010-07-27,-0.056600000000000004,0.4899
2010-07-28,-0.0558,0.4907
2010-07-29,-0.053200000000000004,0.4933
2010-07-30,-0.0497,0.4968
2010-07-31,-0.0463,0.5002
2010-08-01,-0.0439,0.5026
2010-08-02,-0.0429,0.5036
2010-08-03,-0.0434,0.5031
2010-08-04,-0.045000000000000005,0.5015000000000001
2010-08-05,-0.047,0.4995
2010-08-06,-0.0488,0.49770000000000003
2010-08-07,-0.0492,0.4973
2010-08-08,-0.0477,0.4988
2010-08-09,-0.0442,0.5023
2010-08-10,-0.0396,0.5069
2010-08-11,-0.034800000000000005,0.5117
2010-08-12,-0.031100000000000003,0.5154
2010-08-13,-0.029,0.5175000000000001
2010-08-14,-0.0284,0.5181
2010-08-15,-0.0286,0.5179
2010-08-16,-0.0281,0.5184
2010-08-17,-0.0262,0.5203
2010-08-18,-0.0221,0.5244
2010-08-19,-0.0161,0.5304
2010-08-20,-0.0095,0.537
2010-08-21,-0.0037,0.5428000000000001
2010-08-22,-0.0009000000000000001,0.5456
2010-08-23,-0.0024000000000000002,0.5441
2010-08-24,-0.008400000000000001,0.5381
2010-08-25,-0.0178,0.5287000000000001
2010-08-26,-0.028800000000000003,0.5177
2010-08-27,-0.039400000000000004,0.5071
2010-08-28,-0.047900000000000005,0.49860000000000004
2010-08-29,-0.0538,0.4927
2010-08-30,-0.056900000000000006,0.48960000000000004
2010-08-31,-0.0585,0.48800000000000004
2010-09-01,-0.0596,0.4869
2010-09-02,-0.0613,0.4852
2010-09-03,-0.06420000000000001,0.4823
2010-09-04,-0.0678,0.4787
2010-09-05,-0.07150000000000001,0.47500000000000003
2010-09-06,-0.0745,0.47200000000000003
2010-09-07,-0.076,0.47050000000000003
2010-09-08,-0.0761,0.47040000000000004
2010-09-09,-0.0752,0.4713
2010-09-10,-0.0738,0.4727
2010-09-11,-0.0723,0.4742
2010-09-12,-0.0712,0.4753
2010-09-13,-0.0703,0.4762
2010-09-14,-0.06960000000000001,0.47690000000000005
2010-09-15,-0.06910000000000001,0.47740000000000005
2010-09-16,-0.069,0.47750000000000004
2010-09-17,-0.06960000000000001,0.47690000000000005
2010-09-18,-0.0708,0.4757
2010-09-19,-0.0726,0.47390000000000004
2010-09-20,-0.07400000000000001,0.47250000000000003
2010-09-21,-0.07440000000000001,0.4721
2010-09-22,-0.0736,0.47290000000000004
2010-09-23,-0.07150000000000001,0.47500000000000003
2010-09-24,-0.06860000000000001,0.47790000000000005
2010-09-25,-0.0655,0.48100000000000004
2010-09-26,-0.06280000000000001,0.4837
2010-09-27,-0.060700000000000004,0.4858
2010-09-28,-0.0594,0.48710000000000003
2010-09-29,-0.058800000000000005,0.4877
2010-09-30,-0.058300000000000005,0.4882
2010-10-01,-0.0575,0.48900000000000005
2010-10-02,-0.055900000000000005,0.49060000000000004
2010-10-03,-0.053700000000000005,0.4928
2010-10-04,-0.0516,0.4949
2010-10-05,-0.050300000000000004,0.49620000000000003
2010-10-06,-0.050300000000000004,0.49620000000000003
2010-10-07,-0.0516,0.4949
2010-10-08,-0.054,0.49250000000000005
2010-10-09,-0.056600000000000004,0.4899
2010-10-10,-0.0589,0.48760000000000003
2010-10-11,-0.0609,0.48560000000000003
2010-10-12,-0.0623,0.4842
2010-10-13,-0.06330000000000001,0.4832
2010-10-14,-0.06430000000000001,0.4822
2010-10-15,-0.06470000000000001,0.4818
2010-10-16,-0.0648,0.4817
2010-10-17,-0.06430000000000001,0.4822
2010-10-18,-0.0631,0.4834
2010-10-19,-0.0614,0.48510000000000003
2010-10-20,-0.0591,0.4874
2010-10-21,-0.056900000000000006,0.48960000000000004
2010-10-22,-0.0546,0.4919
2010-10-23,-0.0523,0.49420000000000003
2010-10-24,-0.050100000000000006,0.4964
2010-10-25,-0.0482,0.4983
2010-10-26,-0.0466,0.4999
2010-10-27,-0.045700000000000005,0.5008
2010-10-28,-0.045200000000000004,0.5013000000000001
2010-10-29,-0.0453,0.5012
2010-10-30,-0.0461,0.5004000000000001
2010-10-31,-0.047900000000000005,0.49860000000000004
2010-11-01,-0.0504,0.49610000000000004
2010-11-02,-0.0529,0.49360000000000004
2010-11-03,-0.0546,0.4919
2010-11-04,-0.0546,0.4919
2010-11-05,-0.0528,0.4937
2010-11-06,-0.0497,0.4968
2010-11-07,-0.0459,0.5006
2010-11-08,-0.0426,0.5039
2010-11-09,-0.0405,0.506
2010-11-10,-0.0397,0.5068
2010-11-11,-0.04,0.5065000000000001
2010-11-12,-0.0407,0.5058
2010-11-13,-0.0412,0.5053
2010-11-14,-0.0408,0.5057
2010-11-15,-0.0396,0.5069
2010-11-16,-0.0381,0.5084000000000001
2010-11-17,-0.0368,0.5097
2010-11-18,-0.0364,0.5101
2010-11-19,-0.0374,0.5091
2010-11-20,-0.039400000000000004,0.5071
2010-11-21,-0.0417,0.5048
2010-11-22,-0.043300000000000005,0.5032
2010-11-23,-0.043500000000000004,0.503
2010-11-24,-0.042100000000000005,0.5044000000000001
2010-11-25,-0.0393,0.5072
2010-11-26,-0.0357,0.5108
2010-11-27,-0.0324,0.5141
2010-11-28,-0.029900000000000003,0.5166000000000001
2010-11-29,-0.0284,0.5181
2010-11-30,-0.027800000000000002,0.5187
2010-12-01,-0.0275,0.519
2010-12-02,-0.0269,0.5196000000000001
2010-12-03,-0.025500000000000002,0.521
2010-12-04,-0.0236,0.5229
2010-12-05,-0.0213,0.5252
2010-12-06,-0.0194,0.5271
2010-12-07,-0.0184,0.5281
2010-12-08,-0.018600000000000002,0.5279
2010-12-09,-0.0196,0.5269
2010-12-10,-0.0207,0.5258
2010-12-11,-0.0217,0.5248
2010-12-12,-0.0222,0.5243
2010-12-13,-0.0227,0.5238
2010-12-14,-0.023700000000000002,0.5228
2010-12-15,-0.025500000000000002,0.521
2010-12-16,-0.028200000000000003,0.5183
2010-12-17,-0.031,0.5155000000000001
2010-12-18,-0.033600000000000005,0.5129
2010-12-19,-0.0352,0.5113
2010-12-20,-0.0356,0.5109
2010-12-21,-0.0347,0.5118
2010-12-22,-0.0328,0.5137
2010-12-23,-0.030100000000000002,0.5164
2010-12-24,-0.0268,0.5197
2010-12-25,-0.023700000000000002,0.5228
2010-12-26,-0.0212,0.5253
2010-12-27,-0.02,0.5265000000000001
2010-12-28,-0.020200000000000003,0.5263
2010-12-29,-0.021500000000000002,0.525
2010-12-30,-0.023100000000000002,0.5234
2010-12-31,-0.0241,0.5224
2011-01-01,-0.0239,0.5226000000000001
2011-01-02,-0.0223,0.5242
2011-01-03,-0.0193,0.5272
2011-01-04,-0.015700000000000002,0.5308
2011-01-05,-0.0123,0.5342
2011-01-06,-0.0102,0.5363
2011-01-07,-0.009600000000000001,0.5369
2011-01-08,-0.0098,0.5367000000000001
2011-01-09,-0.0102,0.5363
2011-01-10,-0.0095,0.537
2011-01-11,-0.0076,0.5389
2011-01-12,-0.004200000000000001,0.5423
2011-01-13,-0.00030000000000000003,0.5462
2011-01-14,0.0032,0.5497000000000001
2011-01-15,0.0054,0.5519000000000001
2011-01-16,0.0058000000000000005,0.5523
2011-01-17,0.0045000000000000005,0.551
2011-01-18,0.0023,0.5488000000000001
2011-01-19,0.0004,0.5469
2011-01-20,-0.0002,0.5463
2011-01-21,0.001,0.5475
2011-01-22,0.0035,0.55
2011-01-23,0.0067,0.5532
2011-01-24,0.0094,0.5559000000000001
2011-01-25,0.0108,0.5573
2011-01-26,0.010700000000000001,0.5572
2011-01-27,0.009300000000000001,0.5558000000000001
2011-01-28,0.007200000000000001,0.5537000000000001
2011-01-29,0.0053,0.5518000000000001
2011-01-30,0.004,0.5505
2011-01-31,0.0035,0.55
2011-02-01,0.0036000000000000003,0.5501
2011-02-02,0.004200000000000001,0.5507000000000001
2011-02-03,0.0051,0.5516
2011-02-04,0.0063,0.5528000000000001
2011-02-05,0.0081,0.5546
2011-02-06,0.0108,0.5573
2011-02-07,0.014700000000000001,0.5612
2011-02-08,0.02,0.5665
2011-02-09,0.0262,0.5727
2011-02-10,0.0328,0.5793
2011-02-11,0.0392,0.5857
2011-02-12,0.044700000000000004,0.5912000000000001
2011-02-13,0.0488,0.5953
2011-02-14,0.0516,0.5981000000000001
2011-02-15,0.0529,0.5994
2011-02-16,0.0534,0.5999
2011-02-17,0.0534,0.5999
2011-02-18,0.0531,0.5996
2011-02-19,0.0528,0.5993
2011-02-20,0.0529,0.5994
2011-02-21,0.053700000000000005,0.6002000000000001
2011-02-22,0.055400000000000005,0.6019
2011-02-23,0.0582,0.6047
2011-02-24,0.0618,0.6083000000000001
2011-02-25,0.0663,0.6128
2011-02-26,0.0711,0.6176
2011-02-27,0.0753,0.6218
2011-02-28,0.0786,0.6251
2011-03-01,0.08030000000000001,0.6268
2011-03-02,0.0805,0.627
2011-03-03,0.0792,0.6257
2011-03-04,0.07680000000000001,0.6233000000000001
2011-03-05,0.0736,0.6201
2011-03-06,0.06960000000000001,0.6161
2011-03-07,0.0653,0.6118
2011-03-08,0.0611,0.6076
2011-03-09,0.0574,0.6039
2011-03-10,0.055,0.6015
2011-03-11,0.0541,0.6006
2011-03-12,0.054900000000000004,0.6014
2011-03-13,0.057,0.6035
2011-03-14,0.060200000000000004,0.6067
2011-03-15,0.0636,0.6101
2011-03-16,0.0671,0.6136
2011-03-17,0.07050000000000001,0.617
2011-03-18,0.0736,0.6201
2011-03-19,0.0767,0.6232
2011-03-20,0.0801,0.6266
2011-03-21,0.08370000000000001,0.6302
2011-03-22,0.0877,0.6342
2011-03-23,0.0916,0.6381
2011-03-24,0.0954,0.6419
2011-03-25,0.0983,0.6448
2011-03-26,0.1008,0.6473
2011-03-27,0.1028,0.6493
2011-03-28,0.10490000000000001,0.6514
2011-03-29,0.1077,0.6542
2011-03-30,0.1114,0.6579
2011-03-31,0.11570000000000001,0.6622
2011-04-01,0.1203,0.6668000000000001
2011-04-02,0.12480000000000001,0.6713
2011-04-03,0.129,0.6755
2011-04-04,0.1326,0.6791
2011-04-05,0.13540000000000002,0.6819000000000001
2011-04-06,0.13720000000000002,0.6837000000000001
2011-04-07,0.1381,0.6846
2011-04-08,0.1384,0.6849000000000001
2011-04-09,0.13820000000000002,0.6847000000000001
2011-04-10,0.13820000000000002,0.6847000000000001
2011-04-11,0.1384,0.6849000000000001
2011-04-12,0.1394,0.6859000000000001
2011-04-13,0.1408,0.6873
2011-04-14,0.1424,0.6889000000000001
2011-04-15,0.1436,0.6901
2011-04-16,0.1441,0.6906
2011-04-17,0.1441,0.6906
2011-04-18,0.1441,0.6906
2011-04-19,0.14500000000000002,0.6915
2011-04-20,0.1471,0.6936
2011-04-21,0.1509,0.6974
2011-04-22,0.1558,0.7023
2011-04-23,0.1613,0.7078
2011-04-24,0.16640000000000002,0.7129000000000001
2011-04-25,0.1704,0.7169
2011-04-26,0.1728,0.7193
2011-04-27,0.17350000000000002,0.7200000000000001
2011-04-28,0.17220000000000002,0.7187
2011-04-29,0.1693,0.7158
2011-04-30,0.16490000000000002,0.7114
2011-05-01,0.15990000000000001,0.7064
2011-05-02,0.1552,0.7017
2011-05-03,0.1509,0.6974
2011-05-04,0.1477,0.6942
2011-05-05,0.1451,0.6916
2011-05-06,0.1429,0.6894
2011-05-07,0.1403,0.6868000000000001
2011-05-08,0.13670000000000002,0.6832
2011-05-09,0.1318,0.6783
2011-05-10,0.1257,0.6722
2011-05-11,0.11900000000000001,0.6655
2011-05-12,0.1124,0.6589
2011-05-13,0.1072,0.6537000000000001
2011-05-14,0.1039,0.6504
2011-05-15,0.1028,0.6493
2011-05-16,0.1037,0.6502
2011-05-17,0.1057,0.6522
2011-05-18,0.1081,0.6546000000000001
2011-05-19,0.1102,0.6567000000000001
2011-05-20,0.11130000000000001,0.6578
2011-05-21,0.1111,0.6576000000000001
2011-05-22,0.1097,0.6562
2011-05-23,0.1076,0.6541
2011-05-24,0.1056,0.6521
2011-05-25,0.1043,0.6508
2011-05-26,0.10450000000000001,0.651
2011-05-27,0.10640000000000001,0.6529
2011-05-28,0.1097,0.6562
2011-05-29,0.1139,0.6604
2011-05-30,0.1183,0.6648000000000001
2011-05-31,0.1223,0.6688000000000001
2011-06-01,0.1255,0.672
2011-06-02,0.12760000000000002,0.6741
2011-06-03,0.12890000000000001,0.6754
2011-06-04,0.12940000000000002,0.6759000000000001
2011-06-05,0.1293,0.6758000000000001
2011-06-06,0.1283,0.6748000000000001
2011-06-07,0.12610000000000002,0.6726000000000001
2011-06-08,0.12240000000000001,0.6689
2011-06-09,0.1173,0.6638000000000001
2011-06-10,0.111,0.6575000000000001
2011-06-11,0.1043,0.6508
2011-06-12,0.09820000000000001,0.6447
2011-06-13,0.09330000000000001,0.6398
2011-06-14,0.08990000000000001,0.6364000000000001
2011-06-15,0.0882,0.6347
2011-06-16,0.08800000000000001,0.6345000000000001
2011-06-17,0.0891,0.6356
2011-06-18,0.0915,0.638
2011-06-19,0.0946,0.6411
2011-06-20,0.0976,0.6441
2011-06-21,0.0998,0.6463
2011-06-22,0.10020000000000001,0.6467
2011-06-23,0.0983,0.6448
2011-06-24,0.0945,0.641
2011-06-25,0.08940000000000001,0.6359
2011-06-26,0.0838,0.6303000000000001
2011-06-27,0.0789,0.6254000000000001
2011-06-28,0.0753,0.6218
2011-06-29,0.0728,0.6193000000000001
2011-06-30,0.0708,0.6173000000000001
2011-07-01,0.0687,0.6152000000000001
2011-07-02,0.0655,0.612
2011-07-03,0.061000000000000006,0.6075
2011-07-04,0.055400000000000005,0.6019
2011-07-05,0.049300000000000004,0.5958
2011-07-06,0.0432,0.5897
2011-07-07,0.0375,0.5840000000000001
2011-07-08,0.0327,0.5792
2011-07-09,0.028900000000000002,0.5754
2011-07-10,0.0264,0.5729000000000001
2011-07-11,0.024900000000000002,0.5714
2011-07-12,0.024800000000000003,0.5713
2011-07-13,0.025400000000000002,0.5719000000000001
2011-07-14,0.0261,0.5726
2011-07-15,0.026500000000000003,0.5730000000000001
2011-07-16,0.0253,0.5718
2011-07-17,0.022500000000000003,0.5690000000000001
2011-07-18,0.0176,0.5641
2011-07-19,0.0111,0.5576
2011-07-20,0.0035,0.55
2011-07-21,-0.0039000000000000003,0.5426
2011-07-22,-0.010100000000000001,0.5364
2011-07-23,-0.014400000000000001,0.5321
2011-07-24,-0.0164,0.5301
2011-07-25,-0.016300000000000002,0.5302
2011-07-26,-0.014700000000000001,0.5318
2011-07-27,-0.012400000000000001,0.5341
2011-07-28,-0.01,0.5365
2011-07-29,-0.0079,0.5386000000000001
2011-07-30,-0.006200000000000001,0.5403
2011-07-31,-0.0046,0.5419
2011-08-01,-0.0031000000000000003,0.5434
2011-08-02,-0.0019,0.5446
2011-08-03,-0.0013000000000000002,0.5452
2011-08-04,-0.0021000000000000003,0.5444
2011-08-05,-0.0039000000000000003,0.5426
2011-08-06,-0.006200000000000001,0.5403
2011-08-07,-0.0076,0.5389
2011-08-08,-0.007,0.5395
2011-08-09,-0.0035,0.543
2011-08-10,0.0022,0.5487000000000001
2011-08-11,0.0089,0.5554
2011-08-12,0.0146,0.5611
2011-08-13,0.0178,0.5643
2011-08-14,0.017400000000000002,0.5639000000000001
2011-08-15,0.0132,0.5597
2011-08-16,0.0057,0.5522
2011-08-17,-0.0041,0.5424
2011-08-18,-0.0148,0.5317000000000001
2011-08-19,-0.025400000000000002,0.5211
2011-08-20,-0.034800000000000005,0.5117
2011-08-21,-0.042100000000000005,0.5044000000000001
2011-08-22,-0.047,0.4995
2011-08-23,-0.0489,0.49760000000000004
2011-08-24,-0.0482,0.4983
2011-08-25,-0.0456,0.5009
2011-08-26,-0.0414,0.5051
2011-08-27,-0.0366,0.5099
2011-08-28,-0.0316,0.5149
2011-08-29,-0.027600000000000003,0.5189
2011-08-30,-0.0253,0.5212
2011-08-31,-0.0252,0.5213
2011-09-01,-0.027,0.5195000000000001
2011-09-02,-0.030600000000000002,0.5159
2011-09-03,-0.0349,0.5116
2011-09-04,-0.039400000000000004,0.5071
2011-09-05,-0.0434,0.5031
2011-09-06,-0.0466,0.4999
2011-09-07,-0.049100000000000005,0.4974
2011-09-08,-0.051000000000000004,0.4955
2011-09-09,-0.0526,0.4939
2011-09-10,-0.054,0.49250000000000005
2011-09-11,-0.054900000000000004,0.49160000000000004
2011-09-12,-0.0548,0.4917
2011-09-13,-0.0538,0.4927
2011-09-14,-0.0517,0.4948
2011-09-15,-0.0488,0.49770000000000003
2011-09-16,-0.0456,0.5009
2011-09-17,-0.0426,0.5039
2011-09-18,-0.0403,0.5062
2011-09-19,-0.0385,0.508
2011-09-20,-0.0374,0.5091
2011-09-21,-0.036500000000000005,0.51
2011-09-22,-0.0352,0.5113
2011-09-23,-0.0337,0.5128
2011-09-24,-0.031900000000000005,0.5146000000000001
2011-09-25,-0.0308,0.5157
2011-09-26,-0.0309,0.5156000000000001
2011-09-27,-0.0327,0.5138
2011-09-28,-0.0361,0.5104000000000001
2011-09-29,-0.040100000000000004,0.5064000000000001
2011-09-30,-0.0443,0.5022
2011-10-01,-0.047,0.4995
2011-10-02,-0.0476,0.4989
2011-10-03,-0.0459,0.5006
2011-10-04,-0.042800000000000005,0.5037
2011-10-05,-0.0396,0.5069
2011-10-06,-0.037700000000000004,0.5088
2011-10-07,-0.0379,0.5086
2011-10-08,-0.0402,0.5063
2011-10-09,-0.0434,0.5031
2011-10-10,-0.0468,0.49970000000000003
2011-10-11,-0.0489,0.49760000000000004
2011-10-12,-0.0497,0.4968
2011-10-13,-0.049100000000000005,0.4974
2011-10-14,-0.0476,0.4989
2011-10-15,-0.0466,0.4999
2011-10-16,-0.0465,0.5
2011-10-17,-0.0483,0.49820000000000003
2011-10-18,-0.051300000000000005,0.49520000000000003
2011-10-19,-0.0551,0.4914
2011-10-20,-0.058600000000000006,0.4879
2011-10-21,-0.0606,0.4859
2011-10-22,-0.0611,0.4854
2011-10-23,-0.059800000000000006,0.4867
2011-10-24,-0.0575,0.48900000000000005
2011-10-25,-0.055,0.49150000000000005
2011-10-26,-0.053500000000000006,0.49300000000000005
2011-10-27,-0.0534,0.49310000000000004
2011-10-28,-0.054700000000000006,0.4918
2011-10-29,-0.056600000000000004,0.4899
2011-10-30,-0.0582,0.4883
2011-10-31,-0.0591,0.4874
2011-11-01,-0.0591,0.4874
2011-11-02,-0.059000000000000004,0.48750000000000004
2011-11-03,-0.0594,0.48710000000000003
2011-11-04,-0.0606,0.4859
2011-11-05,-0.06280000000000001,0.4837
2011-11-06,-0.0656,0.48090000000000005
2011-11-07,-0.0683,0.4782
2011-11-08,-0.07050000000000001,0.47600000000000003
2011-11-09,-0.0719,0.4746
2011-11-10,-0.0726,0.47390000000000004
2011-11-11,-0.0728,0.4737
2011-11-12,-0.0727,0.4738
2011-11-13,-0.07200000000000001,0.47450000000000003
2011-11-14,-0.0707,0.4758
2011-11-15,-0.06810000000000001,0.47840000000000005
2011-11-16,-0.0641,0.4824
2011-11-17,-0.0585,0.48800000000000004
2011-11-18,-0.051500000000000004,0.49500000000000005
2011-11-19,-0.0437,0.5028
2011-11-20,-0.0359,0.5106
2011-11-21,-0.029300000000000003,0.5172
2011-11-22,-0.0252,0.5213
2011-11-23,-0.024800000000000003,0.5217
2011-11-24,-0.0286,0.5179
2011-11-25,-0.0358,0.5107
2011-11-26,-0.045000000000000005,0.5015000000000001
2011-11-27,-0.054200000000000005,0.4923
2011-11-28,-0.061000000000000006,0.48550000000000004
2011-11-29,-0.064,0.48250000000000004
2011-11-30,-0.0632,0.4833
2011-12-01,-0.0594,0.48710000000000003
2011-12-02,-0.054400000000000004,0.49210000000000004
2011-12-03,-0.0502,0.4963
2011-12-04,-0.0483,0.49820000000000003
2011-12-05,-0.049100000000000005,0.4974
2011-12-06,-0.0521,0.4944
2011-12-07,-0.0563,0.4902
2011-12-08,-0.059800000000000006,0.4867
2011-12-09,-0.0621,0.4844
2011-12-10,-0.0627,0.4838
2011-12-11,-0.0616,0.4849
2011-12-12,-0.0599,0.48660000000000003
2011-12-13,-0.057800000000000004,0.4887
2011-12-14,-0.0555,0.49100000000000005
2011-12-15,-0.0529,0.49360000000000004
2011-12-16,-0.05,0.4965
2011-12-17,-0.046200000000000005,0.5003000000000001
2011-12-18,-0.041,0.5055000000000001
2011-12-19,-0.0344,0.5121
2011-12-20,-0.0262,0.5203
2011-12-21,-0.0171,0.5294
2011-12-22,-0.008400000000000001,0.5381
2011-12-23,-0.001,0.5455
2011-12-24,0.0044,0.5509000000000001
2011-12-25,0.0078000000000000005,0.5543
2011-12-26,0.0099,0.5564
2011-12-27,0.0112,0.5577
2011-12-28,0.012400000000000001,0.5589000000000001
2011-12-29,0.0137,0.5602
2011-12-30,0.0151,0.5616
2011-12-31,0.0165,0.5630000000000001
2012-01-01,0.0173,0.5638000000000001
2012-01-02,0.018500000000000003,0.5650000000000001
2012-01-03,0.0204,0.5669000000000001
2012-01-04,0.0234,0.5699000000000001
2012-01-05,0.027600000000000003,0.5741
2012-01-06,0.0324,0.5789000000000001
2012-01-07,0.0366,0.5831000000000001
2012-01-08,0.039400000000000004,0.5859
2012-01-09,0.0398,0.5863
2012-01-10,0.0375,0.5840000000000001
2012-01-11,0.0329,0.5794
2012-01-12,0.027,0.5735
2012-01-13,0.0216,0.5681
2012-01-14,0.0178,0.5643
2012-01-15,0.016300000000000002,0.5628000000000001
2012-01-16,0.016900000000000002,0.5634
2012-01-17,0.018500000000000003,0.5650000000000001
2012-01-18,0.0199,0.5664
2012-01-19,0.0199,0.5664
2012-01-20,0.0181,0.5646
2012-01-21,0.0149,0.5614
2012-01-22,0.0105,0.557
2012-01-23,0.0061,0.5526
2012-01-24,0.0022,0.5487000000000001
2012-01-25,-0.0005,0.546
2012-01-26,-0.0021000000000000003,0.5444
2012-01-27,-0.0032,0.5433
2012-01-28,-0.0045000000000000005,0.542
2012-01-29,-0.007,0.5395
2012-01-30,-0.0106,0.5359
2012-01-31,-0.0151,0.5314
2012-02-01,-0.0194,0.5271
2012-02-02,-0.022600000000000002,0.5239
2012-02-03,-0.0236,0.5229
2012-02-04,-0.022000000000000002,0.5245000000000001
2012-02-05,-0.0183,0.5282
2012-02-06,-0.0129,0.5336000000000001
2012-02-07,-0.007,0.5395
2012-02-08,-0.0011,0.5454
2012-02-09,0.0045000000000000005,0.551
2012-02-10,0.010400000000000001,0.5569000000000001
2012-02-11,0.0172,0.5637
2012-02-12,0.0253,0.5718
2012-02-13,0.0346,0.5811000000000001
2012-02-14,0.0442,0.5907
2012-02-15,0.0536,0.6001000000000001
2012-02-16,0.062,0.6085
2012-02-17,0.069,0.6155
2012-02-18,0.0748,0.6213000000000001
2012-02-19,0.07980000000000001,0.6263000000000001
2012-02-20,0.0838,0.6303000000000001
2012-02-21,0.0873,0.6338
2012-02-22,0.09040000000000001,0.6369
2012-02-23,0.09330000000000001,0.6398
2012-02-24,0.0961,0.6426000000000001
2012-02-25,0.0988,0.6453
2012-02-26,0.10110000000000001,0.6476000000000001
2012-02-27,0.10300000000000001,0.6495000000000001
2012-02-28,0.1044,0.6509
2012-02-29,0.1048,0.6513
2012-03-01,0.1042,0.6507000000000001
2012-03-02,0.1024,0.6489
2012-03-03,0.0995,0.646
2012-03-04,0.096,0.6425000000000001
2012-03-05,0.09190000000000001,0.6384000000000001
2012-03-06,0.08750000000000001,0.634
2012-03-07,0.0825,0.629
2012-03-08,0.07690000000000001,0.6234000000000001
2012-03-09,0.0708,0.6173000000000001
2012-03-10,0.0648,0.6113000000000001
2012-03-11,0.0596,0.6061000000000001
2012-03-12,0.0558,0.6023000000000001
2012-03-13,0.053700000000000005,0.6002000000000001
2012-03-14,0.053700000000000005,0.6002000000000001
2012-03-15,0.055600000000000004,0.6021000000000001
2012-03-16,0.0594,0.6059
2012-03-17,0.065,0.6115
2012-03-18,0.0719,0.6184000000000001
2012-03-19,0.0795,0.626
2012-03-20,0.08700000000000001,0.6335000000000001
2012-03-21,0.0937,0.6402
2012-03-22,0.0994,0.6459
2012-03-23,0.10400000000000001,0.6505000000000001
2012-03-24,0.1078,0.6543
2012-03-25,0.11080000000000001,0.6573
2012-03-26,0.1135,0.66
2012-03-27,0.11570000000000001,0.6622
2012-03-28,0.1174,0.6639
2012-03-29,0.11850000000000001,0.665
2012-03-30,0.1193,0.6658000000000001
2012-03-31,0.1197,0.6662
2012-04-01,0.12040000000000001,0.6669
2012-04-02,0.1218,0.6683
2012-04-03,0.1245,0.671
2012-04-04,0.1285,0.675
2012-04-05,0.13340000000000002,0.6799000000000001
2012-04-06,0.1388,0.6853
2012-04-07,0.1436,0.6901
2012-04-08,0.1472,0.6937
2012-04-09,0.1491,0.6956
2012-04-10,0.1489,0.6954
2012-04-11,0.1469,0.6934
2012-04-12,0.14350000000000002,0.6900000000000001
2012-04-13,0.1396,0.6861
2012-04-14,0.1359,0.6824
2012-04-15,0.1327,0.6792
2012-04-16,0.1302,0.6767000000000001
2012-04-17,0.1282,0.6747000000000001
2012-04-18,0.1262,0.6727000000000001
2012-04-19,0.1237,0.6702
2012-04-20,0.12040000000000001,0.6669
2012-04-21,0.11610000000000001,0.6626000000000001
2012-04-22,0.1106,0.6571
2012-04-23,0.1041,0.6506000000000001
2012-04-24,0.0969,0.6434000000000001
2012-04-25,0.0897,0.6362
2012-04-26,0.0834,0.6299
2012-04-27,0.0786,0.6251
2012-04-28,0.0762,0.6227
2012-04-29,0.07640000000000001,0.6229
2012-04-30,0.0792,0.6257
2012-05-01,0.0843,0.6308
2012-05-02,0.0916,0.6381
2012-05-03,0.1003,0.6468
2012-05-04,0.1096,0.6561
2012-05-05,0.11850000000000001,0.665
2012-05-06,0.1262,0.6727000000000001
2012-05-07,0.1322,0.6787000000000001
2012-05-08,0.1366,0.6831
2012-05-09,0.13970000000000002,0.6862
2012-05-10,0.1421,0.6886
2012-05-11,0.1443,0.6908000000000001
2012-05-12,0.1464,0.6929000000000001
2012-05-13,0.14850000000000002,0.6950000000000001
2012-05-14,0.1505,0.6970000000000001
2012-05-15,0.152,0.6985
2012-05-16,0.153,0.6995
2012-05-17,0.1531,0.6996
2012-05-18,0.15230000000000002,0.6988000000000001
2012-05-19,0.1509,0.6974
2012-05-20,0.1492,0.6957
2012-05-21,0.1474,0.6939000000000001
2012-05-22,0.1459,0.6924
2012-05-23,0.1444,0.6909000000000001
2012-05-24,0.14300000000000002,0.6895
2012-05-25,0.14100000000000001,0.6875
2012-05-26,0.13820000000000002,0.6847000000000001
2012-05-27,0.1345,0.681
2012-05-28,0.1303,0.6768000000000001
2012-05-29,0.1257,0.6722
2012-05-30,0.12140000000000001,0.6679
2012-05-31,0.1173,0.6638000000000001
2012-06-01,0.1135,0.66
2012-06-02,0.1101,0.6566000000000001
2012-06-03,0.1068,0.6533
2012-06-04,0.1037,0.6502
2012-06-05,0.1013,0.6478
2012-06-06,0.10020000000000001,0.6467
2012-06-07,0.10070000000000001,0.6472
2012-06-08,0.10310000000000001,0.6496000000000001
2012-06-09,0.1071,0.6536000000000001
2012-06-10,0.1125,0.659
2012-06-11,0.1188,0.6653
2012-06-12,0.1253,0.6718000000000001
2012-06-13,0.1311,0.6776
2012-06-14,0.13540000000000002,0.6819000000000001
2012-06-15,0.1378,0.6843
2012-06-16,0.1379,0.6844
2012-06-17,0.13620000000000002,0.6827000000000001
2012-06-18,0.1328,0.6793
2012-06-19,0.1283,0.6748000000000001
2012-06-20,0.1231,0.6696000000000001
2012-06-21,0.1179,0.6644
2012-06-22,0.1131,0.6596000000000001
2012-06-23,0.1091,0.6556000000000001
2012-06-24,0.1058,0.6523
2012-06-25,0.10310000000000001,0.6496000000000001
2012-06-26,0.1005,0.647
2012-06-27,0.0978,0.6443
2012-06-28,0.0947,0.6412
2012-06-29,0.0915,0.638
2012-06-30,0.0882,0.6347
2012-07-01,0.08510000000000001,0.6316
2012-07-02,0.0823,0.6288
2012-07-03,0.07980000000000001,0.6263000000000001
2012-07-04,0.07740000000000001,0.6239
2012-07-05,0.0752,0.6217
2012-07-06,0.0732,0.6197
2012-07-07,0.0716,0.6181
2012-07-08,0.0704,0.6169
2012-07-09,0.0698,0.6163000000000001
2012-07-10,0.0697,0.6162000000000001
2012-07-11,0.0699,0.6164000000000001
2012-07-12,0.0702,0.6167
2012-07-13,0.0702,0.6167
2012-07-14,0.0699,0.6164000000000001
2012-07-15,0.06910000000000001,0.6156
2012-07-16,0.0679,0.6144000000000001
2012-07-17,0.0666,0.6131
2012-07-18,0.06470000000000001,0.6112000000000001
2012-07-19,0.0626,0.6091
2012-07-20,0.0606,0.6071000000000001
2012-07-21,0.0591,0.6056
2012-07-22,0.058300000000000005,0.6048
2012-07-23,0.058300000000000005,0.6048
2012-07-24,0.0585,0.605
2012-07-25,0.0585,0.605
2012-07-26,0.057600000000000005,0.6041000000000001
2012-07-27,0.056,0.6025
2012-07-28,0.0539,0.6004
2012-07-29,0.051800000000000006,0.5983
2012-07-30,0.0497,0.5962000000000001
2012-07-31,0.0475,0.5940000000000001
2012-08-01,0.0454,0.5919
2012-08-02,0.0432,0.5897
2012-08-03,0.0407,0.5872
2012-08-04,0.037700000000000004,0.5842
2012-08-05,0.0341,0.5806
2012-08-06,0.0302,0.5767
2012-08-07,0.0263,0.5728
2012-08-08,0.023,0.5695
2012-08-09,0.021,0.5675
2012-08-10,0.0205,0.5670000000000001
2012-08-11,0.0213,0.5678000000000001
2012-08-12,0.023200000000000002,0.5697
2012-08-13,0.0258,0.5723
2012-08-14,0.0285,0.5750000000000001
2012-08-15,0.030500000000000003,0.5770000000000001
2012-08-16,0.031400000000000004,0.5779000000000001
2012-08-17,0.030500000000000003,0.5770000000000001
2012-08-18,0.027700000000000002,0.5742
2012-08-19,0.0234,0.5699000000000001
2012-08-20,0.0176,0.5641
2012-08-21,0.0109,0.5574
2012-08-22,0.0032,0.5497000000000001
2012-08-23,-0.005,0.5415
2012-08-24,-0.0131,0.5334
2012-08-25,-0.020200000000000003,0.5263
2012-08-26,-0.025,0.5215000000000001
2012-08-27,-0.0269,0.5196000000000001
2012-08-28,-0.025500000000000002,0.521
2012-08-29,-0.0212,0.5253
2012-08-30,-0.015300000000000001,0.5312
2012-08-31,-0.009300000000000001,0.5372
2012-09-01,-0.0049,0.5416000000000001
2012-09-02,-0.0027,0.5438000000000001
2012-09-03,-0.0029000000000000002,0.5436
2012-09-04,-0.0046,0.5419
2012-09-05,-0.0067,0.5398000000000001
2012-09-06,-0.0077,0.5388000000000001
2012-09-07,-0.007200000000000001,0.5393
2012-09-08,-0.005,0.5415
2012-09-09,-0.0016,0.5449
2012-09-10,0.0023,0.5488000000000001
2012-09-11,0.0055000000000000005,0.552
2012-09-12,0.0076,0.5541
2012-09-13,0.0091,0.5556
2012-09-14,0.010700000000000001,0.5572
2012-09-15,0.012700000000000001,0.5592
2012-09-16,0.015300000000000001,0.5618000000000001
2012-09-17,0.0181,0.5646
2012-09-18,0.0206,0.5671
2012-09-19,0.0223,0.5688
2012-09-20,0.023100000000000002,0.5696
2012-09-21,0.0234,0.5699000000000001
2012-09-22,0.0235,0.5700000000000001
2012-09-23,0.0239,0.5704
2012-09-24,0.0245,0.5710000000000001
2012-09-25,0.024900000000000002,0.5714
2012-09-26,0.0246,0.5711
2012-09-27,0.023,0.5695
2012-09-28,0.0201,0.5666
2012-09-29,0.0162,0.5627
2012-09-30,0.0118,0.5583
2012-10-01,0.0073,0.5538000000000001
2012-10-02,0.0031000000000000003,0.5496
2012-10-03,-0.0007,0.5458000000000001
2012-10-04,-0.004200000000000001,0.5423
2012-10-05,-0.0074,0.5391
2012-10-06,-0.010400000000000001,0.5361
2012-10-07,-0.0131,0.5334
2012-10-08,-0.0154,0.5311
2012-10-09,-0.016900000000000002,0.5296000000000001
2012-10-10,-0.0173,0.5292
2012-10-11,-0.0161,0.5304
2012-10-12,-0.0132,0.5333
2012-10-13,-0.0094,0.5371
2012-10-14,-0.0055000000000000005,0.541
2012-10-15,-0.0024000000000000002,0.5441
2012-10-16,-0.0007,0.5458000000000001
2012-10-17,0.0,0.5465
2012-10-18,-0.00030000000000000003,0.5462
2012-10-19,-0.0006000000000000001,0.5459
2012-10-20,-0.0008,0.5457000000000001
2012-10-21,-0.0004,0.5461
2012-10-22,0.0006000000000000001,0.5471
2012-10-23,0.0021000000000000003,0.5486
2012-10-24,0.0034000000000000002,0.5499
2012-10-25,0.0037,0.5502
2012-10-26,0.0021000000000000003,0.5486
2012-10-27,-0.0019,0.5446
2012-10-28,-0.0082,0.5383
2012-10-29,-0.0162,0.5303
2012-10-30,-0.024800000000000003,0.5217
2012-10-31,-0.0328,0.5137
2012-11-01,-0.038400000000000004,0.5081
2012-11-02,-0.0405,0.506
2012-11-03,-0.0388,0.5077
2012-11-04,-0.0334,0.5131
2012-11-05,-0.025900000000000003,0.5206000000000001
2012-11-06,-0.0177,0.5288
2012-11-07,-0.010400000000000001,0.5361
2012-11-08,-0.0051,0.5414
2012-11-09,-0.002,0.5445
2012-11-10,-0.0011,0.5454
2012-11-11,-0.0012000000000000001,0.5453
2012-11-12,-0.0012000000000000001,0.5453
2012-11-13,-0.0001,0.5464
2012-11-14,0.0025,0.549
2012-11-15,0.0064,0.5529000000000001
2012-11-16,0.0109,0.5574
2012-11-17,0.0152,0.5617
2012-11-18,0.0189,0.5654
2012-11-19,0.0217,0.5682
2012-11-20,0.0238,0.5703
2012-11-21,0.0253,0.5718
2012-11-22,0.0264,0.5729000000000001
2012-11-23,0.027,0.5735
2012-11-24,0.0273,0.5738
2012-11-25,0.0268,0.5733
2012-11-26,0.0258,0.5723
2012-11-27,0.024300000000000002,0.5708
2012-11-28,0.023100000000000002,0.5696
2012-11-29,0.023100000000000002,0.5696
2012-11-30,0.0252,0.5717
2012-12-01,0.029500000000000002,0.5760000000000001
2012-12-02,0.035500000000000004,0.5820000000000001
2012-12-03,0.0422,0.5887
2012-12-04,0.047900000000000005,0.5944
2012-12-05,0.0516,0.5981000000000001
2012-12-06,0.052700000000000004,0.5992000000000001
2012-12-07,0.051500000000000004,0.598
2012-12-08,0.0485,0.595
2012-12-09,0.0446,0.5911000000000001
2012-12-10,0.040600000000000004,0.5871000000000001
2012-12-11,0.037200000000000004,0.5837
2012-12-12,0.034300000000000004,0.5808
2012-12-13,0.0322,0.5787
2012-12-14,0.0308,0.5773
2012-12-15,0.0302,0.5767
2012-12-16,0.030500000000000003,0.5770000000000001
2012-12-17,0.031100000000000003,0.5776
2012-12-18,0.0322,0.5787
2012-12-19,0.0333,0.5798
2012-12-20,0.0344,0.5809000000000001
2012-12-21,0.0352,0.5817
2012-12-22,0.0352,0.5817
2012-12-23,0.0339,0.5804
2012-12-24,0.0309,0.5774
2012-12-25,0.0261,0.5726
2012-12-26,0.02,0.5665
2012-12-27,0.013300000000000001,0.5598000000000001
2012-12-28,0.0068000000000000005,0.5533
2012-12-29,0.0018000000000000002,0.5483
2012-12-30,-0.0012000000000000001,0.5453
2012-12-31,-0.0018000000000000002,0.5447000000000001
2013-01-01,-0.0007,0.5458000000000001
2013-01-02,0.0019,0.5484
2013-01-03,0.0048000000000000004,0.5513
2013-01-04,0.0071,0.5536
2013-01-05,0.0083,0.5548000000000001
2013-01-06,0.0081,0.5546
2013-01-07,0.006500000000000001,0.553
2013-01-08,0.0037,0.5502
2013-01-09,0.0001,0.5466
2013-01-10,-0.0035,0.543
2013-01-11,-0.0067,0.5398000000000001
2013-01-12,-0.009000000000000001,0.5375
2013-01-13,-0.01,0.5365
2013-01-14,-0.0097,0.5368
2013-01-15,-0.0077,0.5388000000000001
2013-01-16,-0.0045000000000000005,0.542
2013-01-17,-0.0005,0.546
2013-01-18,0.0036000000000000003,0.5501
2013-01-19,0.0068000000000000005,0.5533
2013-01-20,0.0085,0.555
2013-01-21,0.008400000000000001,0.5549000000000001
2013-01-22,0.0068000000000000005,0.5533
2013-01-23,0.0043,0.5508000000000001
2013-01-24,0.0017000000000000001,0.5482
2013-01-25,-0.0004,0.5461
2013-01-26,-0.0015,0.545
2013-01-27,-0.0017000000000000001,0.5448000000000001
2013-01-28,-0.0014,0.5451
2013-01-29,-0.0011,0.5454
2013-01-30,-0.0011,0.5454
2013-01-31,-0.0017000000000000001,0.5448000000000001
2013-02-01,-0.0027,0.5438000000000001
2013-02-02,-0.0037,0.5428000000000001
2013-02-03,-0.0043,0.5422
2013-02-04,-0.0039000000000000003,0.5426
2013-02-05,-0.0023,0.5442
2013-02-06,0.001,0.5475
2013-02-07,0.0058000000000000005,0.5523
2013-02-08,0.0118,0.5583
2013-02-09,0.0183,0.5648000000000001
2013-02-10,0.024,0.5705
2013-02-11,0.0286,0.5751000000000001
2013-02-12,0.031,0.5775
2013-02-13,0.031400000000000004,0.5779000000000001
2013-02-14,0.0297,0.5762
2013-02-15,0.0267,0.5732
2013-02-16,0.0229,0.5694
2013-02-17,0.0189,0.5654
2013-02-18,0.015300000000000001,0.5618000000000001
2013-02-19,0.0125,0.559
2013-02-20,0.010400000000000001,0.5569000000000001
2013-02-21,0.0088,0.5553
2013-02-22,0.008,0.5545
2013-02-23,0.0082,0.5547000000000001
2013-02-24,0.0097,0.5562
2013-02-25,0.013000000000000001,0.5595
2013-02-26,0.0182,0.5647
2013-02-27,0.0251,0.5716
2013-02-28,0.033,0.5795
2013-03-01,0.041100000000000005,0.5876
2013-03-02,0.0489,0.5954
2013-03-03,0.0557,0.6022000000000001
2013-03-04,0.0614,0.6079
2013-03-05,0.0659,0.6124
2013-03-06,0.06910000000000001,0.6156
2013-03-07,0.0716,0.6181
2013-03-08,0.0732,0.6197
2013-03-09,0.0746,0.6211
2013-03-10,0.0755,0.622
2013-03-11,0.0762,0.6227
2013-03-12,0.0763,0.6228
2013-03-13,0.07590000000000001,0.6224000000000001
2013-03-14,0.075,0.6215
2013-03-15,0.07390000000000001,0.6204000000000001
2013-03-16,0.0728,0.6193000000000001
2013-03-17,0.0721,0.6186
2013-03-18,0.0717,0.6182000000000001
2013-03-19,0.0716,0.6181
2013-03-20,0.0722,0.6187
2013-03-21,0.0732,0.6197
2013-03-22,0.0752,0.6217
2013-03-23,0.0782,0.6247
2013-03-24,0.082,0.6285000000000001
2013-03-25,0.0862,0.6327
2013-03-26,0.0901,0.6366
2013-03-27,0.0932,0.6397
2013-03-28,0.0947,0.6412
2013-03-29,0.0946,0.6411
2013-03-30,0.0935,0.64
2013-03-31,0.09190000000000001,0.6384000000000001
2013-04-01,0.091,0.6375000000000001
2013-04-02,0.0911,0.6376000000000001
2013-04-03,0.0926,0.6391
2013-04-04,0.0954,0.6419
2013-04-05,0.0988,0.6453
2013-04-06,0.1019,0.6484
2013-04-07,0.1047,0.6512
2013-04-08,0.1066,0.6531
2013-04-09,0.10790000000000001,0.6544
2013-04-10,0.1087,0.6552
2013-04-11,0.1092,0.6557000000000001
2013-04-12,0.10980000000000001,0.6563
2013-04-13,0.11030000000000001,0.6568
2013-04-14,0.11040000000000001,0.6569
2013-04-15,0.10980000000000001,0.6563
2013-04-16,0.10830000000000001,0.6548
2013-04-17,0.10640000000000001,0.6529
2013-04-18,0.1042,0.6507000000000001
2013-04-19,0.10210000000000001,0.6486000000000001
2013-04-20,0.0999,0.6464000000000001
2013-04-21,0.0975,0.644
2013-04-22,0.09390000000000001,0.6404000000000001
2013-04-23,0.0886,0.6351
2013-04-24,0.0815,0.628
2013-04-25,0.0731,0.6196
2013-04-26,0.0644,0.6109
2013-04-27,0.057100000000000005,0.6036
2013-04-28,0.0521,0.5986
2013-04-29,0.05,0.5965
2013-04-30,0.0502,0.5967
2013-05-01,0.0517,0.5982000000000001
2013-05-02,0.0534,0.5999
2013-05-03,0.0538,0.6003000000000001
2013-05-04,0.0523,0.5988
2013-05-05,0.0487,0.5952000000000001
2013-05-06,0.043300000000000005,0.5898
2013-05-07,0.0375,0.5840000000000001
2013-05-08,0.032600000000000004,0.5791000000000001
2013-05-09,0.0297,0.5762
2013-05-10,0.0292,0.5757
2013-05-11,0.031100000000000003,0.5776
2013-05-12,0.0344,0.5809000000000001
2013-05-13,0.038200000000000005,0.5847
2013-05-14,0.0415,0.5880000000000001
2013-05-15,0.0442,0.5907
2013-05-16,0.0458,0.5923
2013-05-17,0.0466,0.5931000000000001
2013-05-18,0.0465,0.5930000000000001
2013-05-19,0.0456,0.5921000000000001
2013-05-20,0.044000000000000004,0.5905
2013-05-21,0.041800000000000004,0.5883
2013-05-22,0.038900000000000004,0.5854
2013-05-23,0.0358,0.5823
2013-05-24,0.032600000000000004,0.5791000000000001
2013-05-25,0.029900000000000003,0.5764
2013-05-26,0.027800000000000002,0.5743
2013-05-27,0.0263,0.5728
2013-05-28,0.025400000000000002,0.5719000000000001
2013-05-29,0.0256,0.5721
2013-05-30,0.0264,0.5729000000000001
2013-05-31,0.0281,0.5746
2013-06-01,0.030500000000000003,0.5770000000000001
2013-06-02,0.0333,0.5798
2013-06-03,0.0362,0.5827
2013-06-04,0.039,0.5855
2013-06-05,0.0413,0.5878
2013-06-06,0.042800000000000005,0.5893
2013-06-07,0.043300000000000005,0.5898
2013-06-08,0.0426,0.5891000000000001
2013-06-09,0.041,0.5875
2013-06-10,0.0391,0.5856
2013-06-11,0.0373,0.5838
2013-06-12,0.036000000000000004,0.5825
2013-06-13,0.0349,0.5814
2013-06-14,0.033800000000000004,0.5803
2013-06-15,0.0325,0.5790000000000001
2013-06-16,0.031100000000000003,0.5776
2013-06-17,0.029500000000000002,0.5760000000000001
2013-06-18,0.028,0.5745
2013-06-19,0.0267,0.5732
2013-06-20,0.0257,0.5722
2013-06-21,0.0252,0.5717
2013-06-22,0.025,0.5715
2013-06-23,0.0247,0.5712
2013-06-24,0.024,0.5705
2013-06-25,0.0223,0.5688
2013-06-26,0.0199,0.5664
2013-06-27,0.016900000000000002,0.5634
2013-06-28,0.0145,0.561
2013-06-29,0.013300000000000001,0.5598000000000001
2013-06-30,0.014100000000000001,0.5606
2013-07-01,0.016800000000000002,0.5633
2013-07-02,0.021500000000000002,0.5680000000000001
2013-07-03,0.0275,0.5740000000000001
2013-07-04,0.034,0.5805
2013-07-05,0.0402,0.5867
2013-07-06,0.045200000000000004,0.5917
2013-07-07,0.0482,0.5947
2013-07-08,0.0487,0.5952000000000001
2013-07-09,0.046400000000000004,0.5929
2013-07-10,0.041600000000000005,0.5881000000000001
2013-07-11,0.0351,0.5816
2013-07-12,0.0279,0.5744
2013-07-13,0.021500000000000002,0.5680000000000001
2013-07-14,0.0166,0.5631
2013-07-15,0.014,0.5605
2013-07-16,0.013300000000000001,0.5598000000000001
2013-07-17,0.013800000000000002,0.5603
2013-07-18,0.014700000000000001,0.5612
2013-07-19,0.0151,0.5616
2013-07-20,0.0145,0.561
2013-07-21,0.0132,0.5597
2013-07-22,0.0118,0.5583
2013-07-23,0.0105,0.557
2013-07-24,0.0098,0.5563
2013-07-25,0.010100000000000001,0.5566
2013-07-26,0.0112,0.5577
2013-07-27,0.013000000000000001,0.5595
2013-07-28,0.0151,0.5616
2013-07-29,0.0172,0.5637
2013-07-30,0.0189,0.5654
2013-07-31,0.0198,0.5663
2013-08-01,0.0196,0.5661
2013-08-02,0.0183,0.5648000000000001
2013-08-03,0.016,0.5625
2013-08-04,0.0123,0.5588000000000001
2013-08-05,0.0078000000000000005,0.5543
2013-08-06,0.0026000000000000003,0.5491
2013-08-07,-0.0027,0.5438000000000001
2013-08-08,-0.007500000000000001,0.539
2013-08-09,-0.0114,0.5351
2013-08-10,-0.013900000000000001,0.5326000000000001
2013-08-11,-0.015000000000000001,0.5315
2013-08-12,-0.0146,0.5319
2013-08-13,-0.0129,0.5336000000000001
2013-08-14,-0.010700000000000001,0.5358
2013-08-15,-0.008,0.5385
2013-08-16,-0.0053,0.5412
2013-08-17,-0.0029000000000000002,0.5436
2013-08-18,-0.0011,0.5454
2013-08-19,0.0,0.5465
2013-08-20,0.00030000000000000003,0.5468000000000001
2013-08-21,-0.0001,0.5464
2013-08-22,-0.0015,0.545
2013-08-23,-0.0034000000000000002,0.5431
2013-08-24,-0.0061,0.5404
2013-08-25,-0.0094,0.5371
2013-08-26,-0.013300000000000001,0.5332
2013-08-27,-0.017400000000000002,0.5291
2013-08-28,-0.0213,0.5252
2013-08-29,-0.0246,0.5219
2013-08-30,-0.026600000000000002,0.5199
2013-08-31,-0.0275,0.519
2013-09-01,-0.027200000000000002,0.5193
2013-09-02,-0.0261,0.5204
2013-09-03,-0.0245,0.522
2013-09-04,-0.0228,0.5237
2013-09-05,-0.021400000000000002,0.5251
2013-09-06,-0.020200000000000003,0.5263
2013-09-07,-0.019,0.5275000000000001
2013-09-08,-0.0173,0.5292
2013-09-09,-0.0145,0.532
2013-09-10,-0.0109,0.5356000000000001
2013-09-11,-0.006900000000000001,0.5396000000000001
2013-09-12,-0.0031000000000000003,0.5434
2013-09-13,-0.00030000000000000003,0.5462
2013-09-14,0.0015,0.548
2013-09-15,0.0021000000000000003,0.5486
2013-09-16,0.0023,0.5488000000000001
2013-09-17,0.003,0.5495
2013-09-18,0.0053,0.5518000000000001
2013-09-19,0.0097,0.5562
2013-09-20,0.0154,0.5619000000000001
2013-09-21,0.0222,0.5687
2013-09-22,0.0284,0.5749000000000001
2013-09-23,0.0332,0.5797
2013-09-24,0.0356,0.5821000000000001
2013-09-25,0.0358,0.5823
2013-09-26,0.033800000000000004,0.5803
2013-09-27,0.0309,0.5774
2013-09-28,0.028200000000000003,0.5747
2013-09-29,0.027,0.5735
2013-09-30,0.027800000000000002,0.5743
2013-10-01,0.030000000000000002,0.5765
2013-10-02,0.033,0.5795
2013-10-03,0.035500000000000004,0.5820000000000001
2013-10-04,0.0366,0.5831000000000001
2013-10-05,0.0363,0.5828
2013-10-06,0.034800000000000005,0.5813
2013-10-07,0.033,0.5795
2013-10-08,0.0317,0.5782
2013-10-09,0.0316,0.5781000000000001
2013-10-10,0.0325,0.5790000000000001
2013-10-11,0.0337,0.5802
2013-10-12,0.0347,0.5812
2013-10-13,0.0346,0.5811000000000001
2013-10-14,0.033800000000000004,0.5803
2013-10-15,0.0324,0.5789000000000001
2013-10-16,0.0308,0.5773
2013-10-17,0.0292,0.5757
2013-10-18,0.0273,0.5738
2013-10-19,0.025500000000000002,0.5720000000000001
2013-10-20,0.0238,0.5703
2013-10-21,0.0224,0.5689000000000001
2013-10-22,0.0216,0.5681
2013-10-23,0.0211,0.5676
2013-10-24,0.0206,0.5671
2013-10-25,0.02,0.5665
2013-10-26,0.019200000000000002,0.5657
2013-10-27,0.0182,0.5647
2013-10-28,0.016900000000000002,0.5634
2013-10-29,0.015700000000000002,0.5622
2013-10-30,0.014400000000000001,0.5609000000000001
2013-10-31,0.0135,0.56
2013-11-01,0.0132,0.5597
2013-11-02,0.0135,0.56
2013-11-03,0.0145,0.561
2013-11-04,0.015600000000000001,0.5621
2013-11-05,0.016900000000000002,0.5634
2013-11-06,0.0181,0.5646
2013-11-07,0.0193,0.5658000000000001
2013-11-08,0.020800000000000003,0.5673
2013-11-09,0.0224,0.5689000000000001
2013-11-10,0.024200000000000003,0.5707
2013-11-11,0.0258,0.5723
2013-11-12,0.0269,0.5734
2013-11-13,0.027200000000000002,0.5737
2013-11-14,0.0262,0.5727
2013-11-15,0.0241,0.5706
2013-11-16,0.0212,0.5677
2013-11-17,0.0178,0.5643
2013-11-18,0.0145,0.561
2013-11-19,0.011600000000000001,0.5581
2013-11-20,0.0097,0.5562
2013-11-21,0.0092,0.5557
2013-11-22,0.0103,0.5568000000000001
2013-11-23,0.013000000000000001,0.5595
2013-11-24,0.016900000000000002,0.5634
2013-11-25,0.0211,0.5676
2013-11-26,0.024900000000000002,0.5714
2013-11-27,0.027800000000000002,0.5743
2013-11-28,0.0292,0.5757
2013-11-29,0.0292,0.5757
2013-11-30,0.028200000000000003,0.5747
2013-12-01,0.027,0.5735
2013-12-02,0.0269,0.5734
2013-12-03,0.0284,0.5749000000000001
2013-12-04,0.0322,0.5787
2013-12-05,0.0378,0.5843
2013-12-06,0.0446,0.5911000000000001
2013-12-07,0.051800000000000006,0.5983
2013-12-08,0.058800000000000005,0.6053000000000001
2013-12-09,0.0654,0.6119
2013-12-10,0.0711,0.6176
2013-12-11,0.076,0.6225
2013-12-12,0.07980000000000001,0.6263000000000001
2013-12-13,0.0829,0.6294000000000001
2013-12-14,0.0854,0.6319
2013-12-15,0.0874,0.6339
2013-12-16,0.0891,0.6356
2013-12-17,0.09040000000000001,0.6369
2013-12-18,0.0915,0.638
2013-12-19,0.09240000000000001,0.6389
2013-12-20,0.0932,0.6397
2013-12-21,0.09390000000000001,0.6404000000000001
2013-12-22,0.094,0.6405000000000001
2013-12-23,0.09330000000000001,0.6398
2013-12-24,0.0913,0.6378
2013-12-25,0.0883,0.6348
2013-12-26,0.0844,0.6309
2013-12-27,0.0801,0.6266
2013-12-28,0.0758,0.6223000000000001
2013-12-29,0.07200000000000001,0.6185
2013-12-30,0.0688,0.6153000000000001
2013-12-31,0.0665,0.613
2014-01-01,0.0649,0.6114
2014-01-02,0.06420000000000001,0.6107
2014-01-03,0.064,0.6105
2014-01-04,0.06430000000000001,0.6108
2014-01-05,0.06470000000000001,0.6112000000000001
2014-01-06,0.0651,0.6116
2014-01-07,0.0648,0.6113000000000001
2014-01-08,0.0636,0.6101
2014-01-09,0.0611,0.6076
2014-01-10,0.057300000000000004,0.6038
2014-01-11,0.0529,0.5994
2014-01-12,0.048100000000000004,0.5946
2014-01-13,0.0439,0.5904
2014-01-14,0.040600000000000004,0.5871000000000001
2014-01-15,0.0385,0.5850000000000001
2014-01-16,0.0376,0.5841000000000001
2014-01-17,0.0376,0.5841000000000001
2014-01-18,0.0381,0.5846
2014-01-19,0.0386,0.5851000000000001
2014-01-20,0.038700000000000005,0.5852
2014-01-21,0.0385,0.5850000000000001
2014-01-22,0.037700000000000004,0.5842
2014-01-23,0.036500000000000005,0.5830000000000001
2014-01-24,0.034800000000000005,0.5813
2014-01-25,0.0325,0.5790000000000001
2014-01-26,0.0297,0.5762
2014-01-27,0.0267,0.5732
2014-01-28,0.024,0.5705
2014-01-29,0.0218,0.5683
2014-01-30,0.0207,0.5672
2014-01-31,0.0207,0.5672
2014-02-01,0.022000000000000002,0.5685
2014-02-02,0.024300000000000002,0.5708
2014-02-03,0.0273,0.5738
2014-02-04,0.0304,0.5769000000000001
2014-02-05,0.0329,0.5794
2014-02-06,0.034300000000000004,0.5808
2014-02-07,0.034300000000000004,0.5808
2014-02-08,0.032600000000000004,0.5791000000000001
2014-02-09,0.0296,0.5761000000000001
2014-02-10,0.0258,0.5723
2014-02-11,0.0221,0.5686
2014-02-12,0.019,0.5655
2014-02-13,0.017,0.5635
2014-02-14,0.016300000000000002,0.5628000000000001
2014-02-15,0.0166,0.5631
2014-02-16,0.0176,0.5641
2014-02-17,0.019100000000000002,0.5656
2014-02-18,0.0207,0.5672
2014-02-19,0.0224,0.5689000000000001
2014-02-20,0.0241,0.5706
2014-02-21,0.0256,0.5721
2014-02-22,0.0264,0.5729000000000001
2014-02-23,0.0268,0.5733
2014-02-24,0.026500000000000003,0.5730000000000001
2014-02-25,0.0258,0.5723
2014-02-26,0.024800000000000003,0.5713
2014-02-27,0.0241,0.5706
2014-02-28,0.024200000000000003,0.5707
2014-03-01,0.025500000000000002,0.5720000000000001
2014-03-02,0.028,0.5745
2014-03-03,0.0318,0.5783
2014-03-04,0.036500000000000005,0.5830000000000001
2014-03-05,0.041600000000000005,0.5881000000000001
2014-03-06,0.046900000000000004,0.5934
2014-03-07,0.051800000000000006,0.5983
2014-03-08,0.056400000000000006,0.6029
2014-03-09,0.060500000000000005,0.607
2014-03-10,0.0646,0.6111
2014-03-11,0.0687,0.6152000000000001
2014-03-12,0.0731,0.6196
2014-03-13,0.0775,0.624
2014-03-14,0.082,0.6285000000000001
2014-03-15,0.0862,0.6327
2014-03-16,0.0903,0.6368
2014-03-17,0.0942,0.6407
2014-03-18,0.0983,0.6448
2014-03-19,0.1023,0.6488
2014-03-20,0.1062,0.6527000000000001
2014-03-21,0.10990000000000001,0.6564
2014-03-22,0.11320000000000001,0.6597000000000001
2014-03-23,0.11620000000000001,0.6627000000000001
2014-03-24,0.1189,0.6654
2014-03-25,0.1212,0.6677000000000001
2014-03-26,0.12380000000000001,0.6703
2014-03-27,0.1268,0.6733
2014-03-28,0.1308,0.6773
2014-03-29,0.1356,0.6821
2014-03-30,0.1413,0.6878000000000001
2014-03-31,0.1472,0.6937
2014-04-01,0.1532,0.6997
2014-04-02,0.1587,0.7052
2014-04-03,0.16340000000000002,0.7099000000000001
2014-04-04,0.1675,0.7140000000000001
2014-04-05,0.1714,0.7179
2014-04-06,0.1754,0.7219
2014-04-07,0.18000000000000002,0.7265
2014-04-08,0.18560000000000001,0.7321000000000001
2014-04-09,0.19240000000000002,0.7389
2014-04-10,0.19990000000000002,0.7464000000000001
2014-04-11,0.2078,0.7543000000000001
2014-04-12,0.2155,0.762
2014-04-13,0.2223,0.7688
2014-04-14,0.228,0.7745000000000001
2014-04-15,0.2323,0.7788
2014-04-16,0.23520000000000002,0.7817000000000001
2014-04-17,0.23670000000000002,0.7832
2014-04-18,0.2373,0.7838
2014-04-19,0.2376,0.7841
2014-04-20,0.2383,0.7848
2014-04-21,0.2398,0.7863
2014-04-22,0.2417,0.7882
2014-04-23,0.2439,0.7904
2014-04-24,0.24580000000000002,0.7923
2014-04-25,0.2467,0.7932
2014-04-26,0.2462,0.7927000000000001
2014-04-27,0.2447,0.7912
2014-04-28,0.2421,0.7886000000000001
2014-04-29,0.2386,0.7851
2014-04-30,0.2343,0.7808
2014-05-01,0.229,0.7755000000000001
2014-05-02,0.22310000000000002,0.7696000000000001
2014-05-03,0.21610000000000001,0.7626000000000001
2014-05-04,0.2088,0.7553000000000001
2014-05-05,0.2021,0.7486
2014-05-06,0.1968,0.7433000000000001
2014-05-07,0.1937,0.7402000000000001
2014-05-08,0.1928,0.7393000000000001
2014-05-09,0.1935,0.74
2014-05-10,0.1945,0.741
2014-05-11,0.195,0.7415
2014-05-12,0.1942,0.7407
2014-05-13,0.1918,0.7383000000000001
2014-05-14,0.1884,0.7349
2014-05-15,0.18460000000000001,0.7311000000000001
2014-05-16,0.1817,0.7282000000000001
2014-05-17,0.1802,0.7267
2014-05-18,0.1802,0.7267
2014-05-19,0.1809,0.7274
2014-05-20,0.18130000000000002,0.7278
2014-05-21,0.1801,0.7266
2014-05-22,0.1768,0.7233
2014-05-23,0.17170000000000002,0.7182000000000001
2014-05-24,0.1656,0.7121000000000001
2014-05-25,0.1605,0.7070000000000001
2014-05-26,0.1573,0.7038
2014-05-27,0.1569,0.7034
2014-05-28,0.15910000000000002,0.7056
2014-05-29,0.16340000000000002,0.7099000000000001
2014-05-30,0.1681,0.7146
2014-05-31,0.1721,0.7186
2014-06-01,0.17420000000000002,0.7207
2014-06-02,0.1736,0.7201000000000001
2014-06-03,0.1705,0.7170000000000001
2014-06-04,0.165,0.7115
2014-06-05,0.1577,0.7042
2014-06-06,0.1491,0.6956
2014-06-07,0.14,0.6865
2014-06-08,0.1312,0.6777000000000001
2014-06-09,0.12290000000000001,0.6694
2014-06-10,0.1158,0.6623
2014-06-11,0.1097,0.6562
2014-06-12,0.10450000000000001,0.651
2014-06-13,0.10020000000000001,0.6467
2014-06-14,0.0964,0.6429
2014-06-15,0.0935,0.64
2014-06-16,0.09140000000000001,0.6379
2014-06-17,0.09040000000000001,0.6369
2014-06-18,0.09050000000000001,0.637
2014-06-19,0.09140000000000001,0.6379
2014-06-20,0.09290000000000001,0.6394000000000001
2014-06-21,0.09430000000000001,0.6408
2014-06-22,0.09530000000000001,0.6418
2014-06-23,0.09530000000000001,0.6418
2014-06-24,0.0944,0.6409
2014-06-25,0.09240000000000001,0.6389
2014-06-26,0.0898,0.6363
2014-06-27,0.0872,0.6337
2014-06-28,0.0853,0.6318
2014-06-29,0.0845,0.631
2014-06-30,0.0849,0.6314000000000001
2014-07-01,0.08610000000000001,0.6326
2014-07-02,0.0869,0.6334000000000001
2014-07-03,0.08610000000000001,0.6326
2014-07-04,0.083,0.6295000000000001
2014-07-05,0.0772,0.6237
2014-07-06,0.06910000000000001,0.6156
2014-07-07,0.0601,0.6066
2014-07-08,0.0517,0.5982000000000001
2014-07-09,0.0453,0.5918
2014-07-10,0.0414,0.5879
2014-07-11,0.04,0.5865
2014-07-12,0.0396,0.5861000000000001
2014-07-13,0.039,0.5855
2014-07-14,0.037000000000000005,0.5835
2014-07-15,0.0332,0.5797
2014-07-16,0.028,0.5745
2014-07-17,0.0227,0.5692
2014-07-18,0.018500000000000003,0.5650000000000001
2014-07-19,0.0158,0.5623
2014-07-20,0.0151,0.5616
2014-07-21,0.0159,0.5624
2014-07-22,0.0176,0.5641
2014-07-23,0.0188,0.5653
2014-07-24,0.0187,0.5652
2014-07-25,0.0162,0.5627
2014-07-26,0.0114,0.5579000000000001
2014-07-27,0.0046,0.5511
2014-07-28,-0.0032,0.5433
2014-07-29,-0.0108,0.5357000000000001
2014-07-30,-0.0166,0.5299
2014-07-31,-0.019700000000000002,0.5268
2014-08-01,-0.0194,0.5271
2014-08-02,-0.0161,0.5304
2014-08-03,-0.010700000000000001,0.5358
2014-08-04,-0.0041,0.5424
2014-08-05,0.0023,0.5488000000000001
2014-08-06,0.007200000000000001,0.5537000000000001
2014-08-07,0.0102,0.5567
2014-08-08,0.011000000000000001,0.5575
2014-08-09,0.010400000000000001,0.5569000000000001
2014-08-10,0.009000000000000001,0.5555
2014-08-11,0.0076,0.5541
2014-08-12,0.0067,0.5532
2014-08-13,0.006500000000000001,0.553
2014-08-14,0.007,0.5535
2014-08-15,0.0081,0.5546
2014-08-16,0.0098,0.5563
2014-08-17,0.0119,0.5584
2014-08-18,0.013900000000000001,0.5604
2014-08-19,0.015700000000000002,0.5622
2014-08-20,0.0167,0.5632
2014-08-21,0.017,0.5635
2014-08-22,0.0166,0.5631
2014-08-23,0.0154,0.5619000000000001
2014-08-24,0.0137,0.5602
2014-08-25,0.0119,0.5584
2014-08-26,0.010700000000000001,0.5572
2014-08-27,0.0105,0.557
2014-08-28,0.0117,0.5582
2014-08-29,0.0145,0.561
2014-08-30,0.0188,0.5653
2014-08-31,0.0245,0.5710000000000001
2014-09-01,0.031100000000000003,0.5776
2014-09-02,0.038,0.5845
2014-09-03,0.0448,0.5913
2014-09-04,0.051000000000000004,0.5975
2014-09-05,0.0563,0.6028
2014-09-06,0.060500000000000005,0.607
2014-09-07,0.0635,0.61
2014-09-08,0.06570000000000001,0.6122000000000001
2014-09-09,0.0675,0.614
2014-09-10,0.06910000000000001,0.6156
2014-09-11,0.0709,0.6174000000000001
2014-09-12,0.07250000000000001,0.619
2014-09-13,0.07400000000000001,0.6205
2014-09-14,0.0751,0.6216
2014-09-15,0.0752,0.6217
2014-09-16,0.0742,0.6207
2014-09-17,0.0718,0.6183000000000001
2014-09-18,0.06810000000000001,0.6146
2014-09-19,0.0636,0.6101
2014-09-20,0.059000000000000004,0.6055
2014-09-21,0.055,0.6015
2014-09-22,0.051800000000000006,0.5983
2014-09-23,0.0495,0.596
2014-09-24,0.0477,0.5942000000000001
2014-09-25,0.046400000000000004,0.5929
2014-09-26,0.0456,0.5921000000000001
2014-09-27,0.0455,0.5920000000000001
2014-09-28,0.046400000000000004,0.5929
2014-09-29,0.048100000000000004,0.5946
2014-09-30,0.0504,0.5969
2014-10-01,0.0528,0.5993
2014-10-02,0.0546,0.6011000000000001
2014-10-03,0.055,0.6015
2014-10-04,0.053500000000000006,0.6
2014-10-05,0.050300000000000004,0.5968
2014-10-06,0.0465,0.5930000000000001
2014-10-07,0.043000000000000003,0.5895
2014-10-08,0.041100000000000005,0.5876
2014-10-09,0.0414,0.5879
2014-10-10,0.0437,0.5902000000000001
2014-10-11,0.048,0.5945
2014-10-12,0.0539,0.6004
2014-10-13,0.061000000000000006,0.6075
2014-10-14,0.0687,0.6152000000000001
2014-10-15,0.07590000000000001,0.6224000000000001
2014-10-16,0.0819,0.6284000000000001
2014-10-17,0.0857,0.6322
2014-10-18,0.0869,0.6334000000000001
2014-10-19,0.0857,0.6322
2014-10-20,0.0823,0.6288
2014-10-21,0.0779,0.6244000000000001
2014-10-22,0.0734,0.6199
2014-10-23,0.07010000000000001,0.6166
2014-10-24,0.0685,0.615
2014-10-25,0.069,0.6155
2014-10-26,0.0707,0.6172000000000001
2014-10-27,0.0731,0.6196
2014-10-28,0.0752,0.6217
2014-10-29,0.0765,0.623
2014-10-30,0.0767,0.6232
2014-10-31,0.076,0.6225
2014-11-01,0.0745,0.621
2014-11-02,0.0728,0.6193000000000001
2014-11-03,0.07100000000000001,0.6175
2014-11-04,0.0697,0.6162000000000001
2014-11-05,0.0687,0.6152000000000001
2014-11-06,0.0679,0.6144000000000001
2014-11-07,0.0673,0.6138
2014-11-08,0.0671,0.6136
2014-11-09,0.0675,0.614
2014-11-10,0.06910000000000001,0.6156
2014-11-11,0.0718,0.6183000000000001
2014-11-12,0.0756,0.6221
2014-11-13,0.07970000000000001,0.6262
2014-11-14,0.0835,0.63
2014-11-15,0.08660000000000001,0.6331
2014-11-16,0.0887,0.6352
2014-11-17,0.08990000000000001,0.6364000000000001
2014-11-18,0.09040000000000001,0.6369
2014-11-19,0.0902,0.6367
2014-11-20,0.08990000000000001,0.6364000000000001
2014-11-21,0.0897,0.6362
2014-11-22,0.0903,0.6368
2014-11-23,0.09190000000000001,0.6384000000000001
2014-11-24,0.0946,0.6411
2014-11-25,0.0984,0.6449
2014-11-26,0.1028,0.6493
2014-11-27,0.1071,0.6536000000000001
2014-11-28,0.1109,0.6574
2014-11-29,0.1135,0.66
2014-11-30,0.1148,0.6613
2014-12-01,0.11470000000000001,0.6612
2014-12-02,0.11410000000000001,0.6606000000000001
2014-12-03,0.1135,0.66
2014-12-04,0.1139,0.6604
2014-12-05,0.11570000000000001,0.6622
2014-12-06,0.11900000000000001,0.6655
2014-12-07,0.1233,0.6698000000000001
2014-12-08,0.12810000000000002,0.6746
2014-12-09,0.13290000000000002,0.6794
2014-12-10,0.137,0.6835
2014-12-11,0.1403,0.6868000000000001
2014-12-12,0.1428,0.6893
2014-12-13,0.14450000000000002,0.6910000000000001
2014-12-14,0.14550000000000002,0.6920000000000001
2014-12-15,0.14600000000000002,0.6925
2014-12-16,0.14600000000000002,0.6925
2014-12-17,0.1459,0.6924
2014-12-18,0.14550000000000002,0.6920000000000001
2014-12-19,0.1447,0.6912
2014-12-20,0.1433,0.6898000000000001
2014-12-21,0.1414,0.6879000000000001
2014-12-22,0.1389,0.6854
2014-12-23,0.13620000000000002,0.6827000000000001
2014-12-24,0.1335,0.68
2014-12-25,0.13090000000000002,0.6774
2014-12-26,0.1285,0.675
2014-12-27,0.1263,0.6728000000000001
2014-12-28,0.124,0.6705
2014-12-29,0.1216,0.6681
2014-12-30,0.11900000000000001,0.6655
2014-12-31,0.116,0.6625
2015-01-01,0.1126,0.6591
2015-01-02,0.10930000000000001,0.6558
2015-01-03,0.10600000000000001,0.6525000000000001
2015-01-04,0.10260000000000001,0.6491
2015-01-05,0.0985,0.645
2015-01-06,0.0937,0.6402
2015-01-07,0.0877,0.6342
2015-01-08,0.081,0.6275000000000001
2015-01-09,0.0738,0.6203000000000001
2015-01-10,0.0664,0.6129
2015-01-11,0.059000000000000004,0.6055
2015-01-12,0.051800000000000006,0.5983
2015-01-13,0.0449,0.5914
2015-01-14,0.038700000000000005,0.5852
2015-01-15,0.0333,0.5798
2015-01-16,0.029,0.5755
2015-01-17,0.0257,0.5722
2015-01-18,0.0236,0.5701
2015-01-19,0.023100000000000002,0.5696
2015-01-20,0.0235,0.5700000000000001
2015-01-21,0.0252,0.5717
2015-01-22,0.027600000000000003,0.5741
2015-01-23,0.0304,0.5769000000000001
2015-01-24,0.0334,0.5799000000000001
2015-01-25,0.0363,0.5828
2015-01-26,0.039,0.5855
2015-01-27,0.041600000000000005,0.5881000000000001
2015-01-28,0.0439,0.5904
2015-01-29,0.0458,0.5923
2015-01-30,0.046700000000000005,0.5932000000000001
2015-01-31,0.046400000000000004,0.5929
2015-02-01,0.044500000000000005,0.5910000000000001
2015-02-02,0.0414,0.5879
2015-02-03,0.0379,0.5844
2015-02-04,0.0347,0.5812
2015-02-05,0.0325,0.5790000000000001
2015-02-06,0.031900000000000005,0.5784
2015-02-07,0.0327,0.5792
2015-02-08,0.0345,0.5810000000000001
2015-02-09,0.0367,0.5832
2015-02-10,0.038700000000000005,0.5852
2015-02-11,0.040400000000000005,0.5869
2015-02-12,0.0415,0.5880000000000001
2015-02-13,0.042300000000000004,0.5888
2015-02-14,0.0432,0.5897
2015-02-15,0.0448,0.5913
2015-02-16,0.0476,0.5941000000000001
2015-02-17,0.051800000000000006,0.5983
2015-02-18,0.0572,0.6037
2015-02-19,0.06330000000000001,0.6098
2015-02-20,0.0693,0.6158
2015-02-21,0.0741,0.6206
2015-02-22,0.07690000000000001,0.6234000000000001
2015-02-23,0.07730000000000001,0.6238
2015-02-24,0.0758,0.6223000000000001
2015-02-25,0.0732,0.6197
2015-02-26,0.0708,0.6173000000000001
2015-02-27,0.0694,0.6159
2015-02-28,0.06960000000000001,0.6161
2015-03-01,0.07150000000000001,0.618
2015-03-02,0.075,0.6215
2015-03-03,0.0794,0.6259
2015-03-04,0.0838,0.6303000000000001
2015-03-05,0.08700000000000001,0.6335000000000001
2015-03-06,0.0886,0.6351
2015-03-07,0.0879,0.6344000000000001
2015-03-08,0.08510000000000001,0.6316
2015-03-09,0.081,0.6275000000000001
2015-03-10,0.07730000000000001,0.6238
2015-03-11,0.0752,0.6217
2015-03-12,0.07590000000000001,0.6224000000000001
2015-03-13,0.07970000000000001,0.6262
2015-03-14,0.08650000000000001,0.633
2015-03-15,0.0954,0.6419
2015-03-16,0.1058,0.6523
2015-03-17,0.11660000000000001,0.6631
2015-03-18,0.12710000000000002,0.6736000000000001
2015-03-19,0.13620000000000002,0.6827000000000001
2015-03-20,0.1439,0.6904
2015-03-21,0.1502,0.6967
2015-03-22,0.1557,0.7022
2015-03-23,0.1613,0.7078
2015-03-24,0.16770000000000002,0.7142000000000001
2015-03-25,0.1748,0.7213
2015-03-26,0.18230000000000002,0.7288
2015-03-27,0.189,0.7355
2015-03-28,0.1942,0.7407
2015-03-29,0.197,0.7435
2015-03-30,0.1973,0.7438
2015-03-31,0.19540000000000002,0.7419
2015-04-01,0.1923,0.7388
2015-04-02,0.1887,0.7352000000000001
2015-04-03,0.18560000000000001,0.7321000000000001
2015-04-04,0.183,0.7295
2015-04-05,0.18100000000000002,0.7275
2015-04-06,0.1792,0.7257
2015-04-07,0.1776,0.7241000000000001
2015-04-08,0.1762,0.7227
2015-04-09,0.1752,0.7217
2015-04-10,0.17500000000000002,0.7215
2015-04-11,0.1762,0.7227
2015-04-12,0.17950000000000002,0.7260000000000001
2015-04-13,0.18510000000000001,0.7316
2015-04-14,0.1933,0.7398
2015-04-15,0.20320000000000002,0.7497
2015-04-16,0.21450000000000002,0.761
2015-04-17,0.22610000000000002,0.7726000000000001
2015-04-18,0.2373,0.7838
2015-04-19,0.24730000000000002,0.7938000000000001
2015-04-20,0.2554,0.8019000000000001
2015-04-21,0.2607,0.8072
2015-04-22,0.2631,0.8096
2015-04-23,0.2622,0.8087000000000001
2015-04-24,0.2585,0.805
2015-04-25,0.25320000000000004,0.7997000000000001
2015-04-26,0.248,0.7945
2015-04-27,0.24500000000000002,0.7915000000000001
2015-04-28,0.2457,0.7922
2015-04-29,0.2505,0.797
2015-04-30,0.2585,0.805
2015-05-01,0.2679,0.8144
2015-05-02,0.27640000000000003,0.8229000000000001
2015-05-03,0.2822,0.8287
2015-05-04,0.2848,0.8313
2015-05-05,0.2841,0.8306
2015-05-06,0.28090000000000004,0.8274
2015-05-07,0.2763,0.8228000000000001
2015-05-08,0.2712,0.8177000000000001
2015-05-09,0.2662,0.8127000000000001
2015-05-10,0.26130000000000003,0.8078000000000001
2015-05-11,0.2565,0.803
2015-05-12,0.2515,0.798
2015-05-13,0.2464,0.7929
2015-05-14,0.24150000000000002,0.788
2015-05-15,0.2374,0.7839
2015-05-16,0.23440000000000003,0.7809
2015-05-17,0.2326,0.7791
2015-05-18,0.2318,0.7783
2015-05-19,0.23120000000000002,0.7777000000000001
2015-05-20,0.2298,0.7763
2015-05-21,0.22710000000000002,0.7736000000000001
2015-05-22,0.2223,0.7688
2015-05-23,0.216,0.7625000000000001
2015-05-24,0.2086,0.7551
2015-05-25,0.20120000000000002,0.7477
2015-05-26,0.1942,0.7407
2015-05-27,0.1882,0.7347
2015-05-28,0.1831,0.7296
2015-05-29,0.1789,0.7254
2015-05-30,0.1758,0.7223
2015-05-31,0.1741,0.7206
2015-06-01,0.17420000000000002,0.7207
2015-06-02,0.1764,0.7229
2015-06-03,0.18030000000000002,0.7268
2015-06-04,0.1854,0.7319
2015-06-05,0.191,0.7375
2015-06-06,0.1961,0.7426
2015-06-07,0.19970000000000002,0.7462000000000001
2015-06-08,0.20170000000000002,0.7482000000000001
2015-06-09,0.2026,0.7491
2015-06-10,0.203,0.7495
2015-06-11,0.2041,0.7506
2015-06-12,0.2063,0.7528
2015-06-13,0.20980000000000001,0.7563000000000001
2015-06-14,0.21430000000000002,0.7608
2015-06-15,0.21930000000000002,0.7658
2015-06-16,0.2243,0.7708
2015-06-17,0.2288,0.7753
2015-06-18,0.2326,0.7791
2015-06-19,0.2353,0.7818
2015-06-20,0.23670000000000002,0.7832
2015-06-21,0.2366,0.7831
2015-06-22,0.2354,0.7819
2015-06-23,0.23340000000000002,0.7799
2015-06-24,0.231,0.7775000000000001
2015-06-25,0.2285,0.775
2015-06-26,0.2262,0.7727
2015-06-27,0.22440000000000002,0.7709
2015-06-28,0.2227,0.7692
2015-06-29,0.2209,0.7674000000000001
2015-06-30,0.2187,0.7652
2015-07-01,0.2149,0.7614000000000001
2015-07-02,0.2091,0.7556
2015-07-03,0.20090000000000002,0.7474000000000001
2015-07-04,0.19060000000000002,0.7371000000000001
2015-07-05,0.1791,0.7256
2015-07-06,0.1676,0.7141000000000001
2015-07-07,0.1568,0.7033
2015-07-08,0.14750000000000002,0.6940000000000001
2015-07-09,0.1394,0.6859000000000001
2015-07-10,0.13290000000000002,0.6794
2015-07-11,0.1277,0.6742
2015-07-12,0.12340000000000001,0.6699
2015-07-13,0.1199,0.6664
2015-07-14,0.1168,0.6633
2015-07-15,0.1143,0.6608
2015-07-16,0.1119,0.6584
2015-07-17,0.10990000000000001,0.6564
2015-07-18,0.1082,0.6547000000000001
2015-07-19,0.10700000000000001,0.6535000000000001
2015-07-20,0.10650000000000001,0.653
2015-07-21,0.1062,0.6527000000000001
2015-07-22,0.10590000000000001,0.6524
2015-07-23,0.1051,0.6516000000000001
2015-07-24,0.10360000000000001,0.6501
2015-07-25,0.1012,0.6477
2015-07-26,0.0989,0.6454000000000001
2015-07-27,0.0971,0.6436000000000001
2015-07-28,0.09680000000000001,0.6433
2015-07-29,0.09770000000000001,0.6442
2015-07-30,0.09920000000000001,0.6457
2015-07-31,0.1005,0.647
2015-08-01,0.1008,0.6473
2015-08-02,0.1,0.6465000000000001
2015-08-03,0.09860000000000001,0.6451
2015-08-04,0.0969,0.6434000000000001
2015-08-05,0.0954,0.6419
2015-08-06,0.09430000000000001,0.6408
2015-08-07,0.09390000000000001,0.6404000000000001
2015-08-08,0.094,0.6405000000000001
2015-08-09,0.0947,0.6412
2015-08-10,0.0955,0.642
2015-08-11,0.09680000000000001,0.6433
2015-08-12,0.0983,0.6448
2015-08-13,0.1003,0.6468
2015-08-14,0.1027,0.6492
2015-08-15,0.10550000000000001,0.652
2015-08-16,0.1082,0.6547000000000001
2015-08-17,0.11040000000000001,0.6569
2015-08-18,0.11180000000000001,0.6583
2015-08-19,0.1121,0.6586000000000001
2015-08-20,0.1114,0.6579
2015-08-21,0.10990000000000001,0.6564
2015-08-22,0.10790000000000001,0.6544
2015-08-23,0.1057,0.6522
2015-08-24,0.1039,0.6504
2015-08-25,0.1032,0.6497
2015-08-26,0.1041,0.6506000000000001
2015-08-27,0.1068,0.6533
2015-08-28,0.1107,0.6572
2015-08-29,0.11570000000000001,0.6622
2015-08-30,0.1211,0.6676000000000001
2015-08-31,0.12610000000000002,0.6726000000000001
2015-09-01,0.1301,0.6766
2015-09-02,0.13290000000000002,0.6794
2015-09-03,0.1346,0.6811
2015-09-04,0.1359,0.6824
2015-09-05,0.138,0.6845
2015-09-06,0.1416,0.6881
2015-09-07,0.1474,0.6939000000000001
2015-09-08,0.1553,0.7018
2015-09-09,0.1651,0.7116
2015-09-10,0.1764,0.7229
2015-09-11,0.1883,0.7348
2015-09-12,0.19970000000000002,0.7462000000000001
2015-09-13,0.2096,0.7561
2015-09-14,0.21710000000000002,0.7636000000000001
2015-09-15,0.2217,0.7682
2015-09-16,0.2233,0.7698
2015-09-17,0.22190000000000001,0.7684000000000001
2015-09-18,0.2182,0.7647
2015-09-19,0.2127,0.7592
2015-09-20,0.2064,0.7529
2015-09-21,0.2003,0.7468
2015-09-22,0.1955,0.742
2015-09-23,0.1922,0.7387
2015-09-24,0.19,0.7365
2015-09-25,0.1884,0.7349
2015-09-26,0.18630000000000002,0.7328
2015-09-27,0.1829,0.7294
2015-09-28,0.1776,0.7241000000000001
2015-09-29,0.1705,0.7170000000000001
2015-09-30,0.1626,0.7091000000000001
2015-10-01,0.1549,0.7014
2015-10-02,0.1487,0.6952
2015-10-03,0.1446,0.6911
2015-10-04,0.14300000000000002,0.6895
2015-10-05,0.1433,0.6898000000000001
2015-10-06,0.1447,0.6912
2015-10-07,0.1467,0.6932
2015-10-08,0.14850000000000002,0.6950000000000001
2015-10-09,0.1499,0.6964
2015-10-10,0.1505,0.6970000000000001
2015-10-11,0.1504,0.6969000000000001
2015-10-12,0.1499,0.6964
2015-10-13,0.14930000000000002,0.6958000000000001
2015-10-14,0.14880000000000002,0.6953
2015-10-15,0.14850000000000002,0.6950000000000001
2015-10-16,0.1487,0.6952
2015-10-17,0.1494,0.6959000000000001
2015-10-18,0.1507,0.6972
2015-10-19,0.1524,0.6989000000000001
2015-10-20,0.15410000000000001,0.7006
2015-10-21,0.1549,0.7014
2015-10-22,0.1544,0.7009000000000001
2015-10-23,0.1524,0.6989000000000001
2015-10-24,0.1492,0.6957
2015-10-25,0.14600000000000002,0.6925
2015-10-26,0.14400000000000002,0.6905
2015-10-27,0.1447,0.6912
2015-10-28,0.1487,0.6952
2015-10-29,0.1559,0.7024
2015-10-30,0.1658,0.7123
2015-10-31,0.1771,0.7236
2015-11-01,0.18860000000000002,0.7351000000000001
2015-11-02,0.1986,0.7451
2015-11-03,0.20650000000000002,0.753
2015-11-04,0.2114,0.7579
2015-11-05,0.2141,0.7606
2015-11-06,0.2149,0.7614000000000001
2015-11-07,0.215,0.7615000000000001
2015-11-08,0.2155,0.762
2015-11-09,0.2167,0.7632
2015-11-10,0.21910000000000002,0.7656000000000001
2015-11-11,0.2225,0.769
2015-11-12,0.22640000000000002,0.7729
2015-11-13,0.2308,0.7773
2015-11-14,0.2358,0.7823
2015-11-15,0.24150000000000002,0.788
2015-11-16,0.2479,0.7944
2015-11-17,0.255,0.8015
2015-11-18,0.2626,0.8091
2015-11-19,0.27030000000000004,0.8168000000000001
2015-11-20,0.2781,0.8246
2015-11-21,0.2857,0.8322
2015-11-22,0.2931,0.8396
2015-11-23,0.3,0.8465
2015-11-24,0.3062,0.8527
2015-11-25,0.31120000000000003,0.8577
2015-11-26,0.3144,0.8609
2015-11-27,0.31520000000000004,0.8617
2015-11-28,0.31370000000000003,0.8602000000000001
2015-11-29,0.3104,0.8569
2015-11-30,0.3065,0.8530000000000001
2015-12-01,0.3025,0.8490000000000001
2015-12-02,0.29910000000000003,0.8456
2015-12-03,0.2959,0.8424
2015-12-04,0.2927,0.8392000000000001
2015-12-05,0.2888,0.8353
2015-12-06,0.28400000000000003,0.8305
2015-12-07,0.2782,0.8247
2015-12-08,0.2717,0.8182
2015-12-09,0.26480000000000004,0.8113
2015-12-10,0.2576,0.8041
2015-12-11,0.2506,0.7971
2015-12-12,0.24450000000000002,0.791
2015-12-13,0.2398,0.7863
2015-12-14,0.23720000000000002,0.7837000000000001
2015-12-15,0.2368,0.7833
2015-12-16,0.2389,0.7854
2015-12-17,0.2424,0.7889
2015-12-18,0.2467,0.7932
2015-12-19,0.2505,0.797
2015-12-20,0.2529,0.7994
2015-12-21,0.25320000000000004,0.7997000000000001
2015-12-22,0.2515,0.798
2015-12-23,0.248,0.7945
2015-12-24,0.24330000000000002,0.7898000000000001
2015-12-25,0.2379,0.7844
2015-12-26,0.23240000000000002,0.7789
2015-12-27,0.2273,0.7738
2015-12-28,0.22240000000000001,0.7689
2015-12-29,0.21780000000000002,0.7643000000000001
2015-12-30,0.21380000000000002,0.7603000000000001
2015-12-31,0.20980000000000001,0.7563000000000001
2016-01-01,0.2051,0.7516
2016-01-02,0.1998,0.7463000000000001
2016-01-03,0.1937,0.7402000000000001
2016-01-04,0.1867,0.7332000000000001
2016-01-05,0.1792,0.7257
2016-01-06,0.1719,0.7184
2016-01-07,0.1648,0.7113
2016-01-08,0.15860000000000002,0.7051000000000001
2016-01-09,0.1531,0.6996
2016-01-10,0.1484,0.6949000000000001
2016-01-11,0.1449,0.6914
2016-01-12,0.1429,0.6894
2016-01-13,0.1422,0.6887
2016-01-14,0.1424,0.6889000000000001
2016-01-15,0.14300000000000002,0.6895
2016-01-16,0.1432,0.6897
2016-01-17,0.1429,0.6894
2016-01-18,0.1424,0.6889000000000001
2016-01-19,0.1414,0.6879000000000001
2016-01-20,0.1399,0.6864
2016-01-21,0.13820000000000002,0.6847000000000001
2016-01-22,0.13620000000000002,0.6827000000000001
2016-01-23,0.1342,0.6807000000000001
2016-01-24,0.1323,0.6788000000000001
2016-01-25,0.13090000000000002,0.6774
2016-01-26,0.1302,0.6767000000000001
2016-01-27,0.1301,0.6766
2016-01-28,0.131,0.6775
2016-01-29,0.1332,0.6797000000000001
2016-01-30,0.13720000000000002,0.6837000000000001
2016-01-31,0.1433,0.6898000000000001
2016-02-01,0.1519,0.6984
2016-02-02,0.163,0.7095
2016-02-03,0.1756,0.7221000000000001
2016-02-04,0.1882,0.7347
2016-02-05,0.199,0.7455
2016-02-06,0.2064,0.7529
2016-02-07,0.20950000000000002,0.756
2016-02-08,0.2081,0.7546
2016-02-09,0.2028,0.7493000000000001
2016-02-10,0.19490000000000002,0.7414000000000001
2016-02-11,0.1859,0.7324
2016-02-12,0.1773,0.7238
2016-02-13,0.1699,0.7164
2016-02-14,0.16390000000000002,0.7104
2016-02-15,0.1587,0.7052
2016-02-16,0.1537,0.7002
2016-02-17,0.1479,0.6944
2016-02-18,0.1411,0.6876
2016-02-19,0.1335,0.68
2016-02-20,0.126,0.6725
2016-02-21,0.11950000000000001,0.666
2016-02-22,0.1149,0.6614
2016-02-23,0.1131,0.6596000000000001
2016-02-24,0.11410000000000001,0.6606000000000001
2016-02-25,0.11720000000000001,0.6637000000000001
2016-02-26,0.12150000000000001,0.668
2016-02-27,0.1254,0.6719
2016-02-28,0.1278,0.6743
2016-02-29,0.12810000000000002,0.6746
2016-03-01,0.1264,0.6729
2016-03-02,0.1232,0.6697000000000001
2016-03-03,0.11960000000000001,0.6661
2016-03-04,0.116,0.6625
2016-03-05,0.113,0.6595000000000001
2016-03-06,0.1106,0.6571
2016-03-07,0.10880000000000001,0.6553
2016-03-08,0.1075,0.654
2016-03-09,0.1068,0.6533
2016-03-10,0.1066,0.6531
2016-03-11,0.10650000000000001,0.653
2016-03-12,0.1062,0.6527000000000001
2016-03-13,0.1061,0.6526000000000001
2016-03-14,0.1058,0.6523
2016-03-15,0.10540000000000001,0.6519
2016-03-16,0.1046,0.6511
2016-03-17,0.10350000000000001,0.65
2016-03-18,0.1019,0.6484
2016-03-19,0.09970000000000001,0.6462
2016-03-20,0.09720000000000001,0.6437
2016-03-21,0.0942,0.6407
2016-03-22,0.091,0.6375000000000001
2016-03-23,0.0878,0.6343
2016-03-24,0.0848,0.6313000000000001
2016-03-25,0.0823,0.6288
2016-03-26,0.08020000000000001,0.6267
2016-03-27,0.0784,0.6249
2016-03-28,0.0765,0.623
2016-03-29,0.0743,0.6208
2016-03-30,0.07200000000000001,0.6185
2016-03-31,0.0695,0.616
2016-04-01,0.0673,0.6138
2016-04-02,0.0651,0.6116
2016-04-03,0.063,0.6095
2016-04-04,0.0604,0.6069
2016-04-05,0.056600000000000004,0.6031000000000001
2016-04-06,0.0516,0.5981000000000001
2016-04-07,0.0455,0.5920000000000001
2016-04-08,0.039,0.5855
2016-04-09,0.033100000000000004,0.5796
2016-04-10,0.0285,0.5750000000000001
2016-04-11,0.0256,0.5721
2016-04-12,0.0247,0.5712
2016-04-13,0.0252,0.5717
2016-04-14,0.0263,0.5728
2016-04-15,0.0267,0.5732
2016-04-16,0.0257,0.5722
2016-04-17,0.023,0.5695
2016-04-18,0.018600000000000002,0.5651
2016-04-19,0.013600000000000001,0.5601
2016-04-20,0.0083,0.5548000000000001
2016-04-21,0.0035,0.55
2016-04-22,-0.0004,0.5461
2016-04-23,-0.0035,0.543
2016-04-24,-0.0057,0.5408000000000001
2016-04-25,-0.0066,0.5399
2016-04-26,-0.006200000000000001,0.5403
2016-04-27,-0.0044,0.5421
2016-04-28,-0.0008,0.5457000000000001
2016-04-29,0.004,0.5505
2016-04-30,0.0095,0.556
2016-05-01,0.0148,0.5613
2016-05-02,0.019100000000000002,0.5656
2016-05-03,0.0222,0.5687
2016-05-04,0.023700000000000002,0.5702
2016-05-05,0.0239,0.5704
2016-05-06,0.0234,0.5699000000000001
2016-05-07,0.0229,0.5694
2016-05-08,0.023,0.5695
2016-05-09,0.025,0.5715
2016-05-10,0.0287,0.5752
2016-05-11,0.0342,0.5807
2016-05-12,0.0407,0.5872
2016-05-13,0.0472,0.5937
2016-05-14,0.053200000000000004,0.5997
2016-05-15,0.058,0.6045
2016-05-16,0.061700000000000005,0.6082000000000001
2016-05-17,0.0645,0.611
2016-05-18,0.0666,0.6131
2016-05-19,0.06810000000000001,0.6146
2016-05-20,0.0689,0.6154000000000001
2016-05-21,0.0692,0.6157
2016-05-22,0.06910000000000001,0.6156
2016-05-23,0.0689,0.6154000000000001
2016-05-24,0.0687,0.6152000000000001
2016-05-25,0.0693,0.6158
2016-05-26,0.07100000000000001,0.6175
2016-05-27,0.0736,0.6201
2016-05-28,0.07680000000000001,0.6233000000000001
2016-05-29,0.07980000000000001,0.6263000000000001
2016-05-30,0.082,0.6285000000000001
2016-05-31,0.0824,0.6289
2016-06-01,0.0816,0.6281
2016-06-02,0.0795,0.626
2016-06-03,0.07690000000000001,0.6234000000000001
2016-06-04,0.0745,0.621
2016-06-05,0.0726,0.6191
2016-06-06,0.0713,0.6178
2016-06-07,0.0704,0.6169
2016-06-08,0.0699,0.6164000000000001
2016-06-09,0.0698,0.6163000000000001
2016-06-10,0.0698,0.6163000000000001
2016-06-11,0.07,0.6165
2016-06-12,0.07,0.6165
2016-06-13,0.06960000000000001,0.6161
2016-06-14,0.0684,0.6149
2016-06-15,0.0665,0.613
2016-06-16,0.0639,0.6104
2016-06-17,0.061200000000000004,0.6077
2016-06-18,0.0589,0.6054
2016-06-19,0.058,0.6045
2016-06-20,0.0585,0.605
2016-06-21,0.060000000000000005,0.6065
2016-06-22,0.0621,0.6086
2016-06-23,0.0639,0.6104
2016-06-24,0.0645,0.611
2016-06-25,0.0636,0.6101
2016-06-26,0.0614,0.6079
2016-06-27,0.058800000000000005,0.6053000000000001
2016-06-28,0.0565,0.603
2016-06-29,0.0551,0.6016
2016-06-30,0.054900000000000004,0.6014
2016-07-01,0.055200000000000006,0.6017
2016-07-02,0.055400000000000005,0.6019
2016-07-03,0.0543,0.6008
2016-07-04,0.051300000000000005,0.5978
2016-07-05,0.0465,0.5930000000000001
2016-07-06,0.040100000000000004,0.5866
2016-07-07,0.0333,0.5798
2016-07-08,0.027200000000000002,0.5737
2016-07-09,0.0228,0.5693
2016-07-10,0.0206,0.5671
2016-07-11,0.0206,0.5671
2016-07-12,0.0219,0.5684
2016-07-13,0.0235,0.5700000000000001
2016-07-14,0.0247,0.5712
2016-07-15,0.0251,0.5716
2016-07-16,0.0247,0.5712
2016-07-17,0.0239,0.5704
2016-07-18,0.0234,0.5699000000000001
2016-07-19,0.0235,0.5700000000000001
2016-07-20,0.0239,0.5704
2016-07-21,0.024300000000000002,0.5708
2016-07-22,0.024,0.5705
2016-07-23,0.0222,0.5687
2016-07-24,0.019200000000000002,0.5657
2016-07-25,0.015600000000000001,0.5621
2016-07-26,0.0128,0.5593
2016-07-27,0.0117,0.5582
2016-07-28,0.013000000000000001,0.5595
2016-07-29,0.0165,0.5630000000000001
2016-07-30,0.0212,0.5677
2016-07-31,0.0257,0.5722
2016-08-01,0.0291,0.5756
2016-08-02,0.0304,0.5769000000000001
2016-08-03,0.0297,0.5762
2016-08-04,0.0274,0.5739000000000001
2016-08-05,0.0245,0.5710000000000001
2016-08-06,0.021500000000000002,0.5680000000000001
2016-08-07,0.019100000000000002,0.5656
2016-08-08,0.0176,0.5641
2016-08-09,0.0166,0.5631
2016-08-10,0.016,0.5625
2016-08-11,0.0158,0.5623
2016-08-12,0.0162,0.5627
2016-08-13,0.0177,0.5642
2016-08-14,0.020300000000000002,0.5668000000000001
2016-08-15,0.0236,0.5701
2016-08-16,0.026500000000000003,0.5730000000000001
2016-08-17,0.0279,0.5744
2016-08-18,0.026500000000000003,0.5730000000000001
2016-08-19,0.022500000000000003,0.5690000000000001
2016-08-20,0.016300000000000002,0.5628000000000001
2016-08-21,0.0094,0.5559000000000001
2016-08-22,0.0033,0.5498000000000001
2016-08-23,-0.0005,0.546
2016-08-24,-0.0017000000000000001,0.5448000000000001
2016-08-25,-0.00030000000000000003,0.5462
2016-08-26,0.0026000000000000003,0.5491
2016-08-27,0.0061,0.5526
2016-08-28,0.0095,0.556
2016-08-29,0.0123,0.5588000000000001
2016-08-30,0.014700000000000001,0.5612
2016-08-31,0.016800000000000002,0.5633
2016-09-01,0.018600000000000002,0.5651
2016-09-02,0.0196,0.5661
2016-09-03,0.0196,0.5661
2016-09-04,0.0182,0.5647
2016-09-05,0.0158,0.5623
2016-09-06,0.0131,0.5596
2016-09-07,0.010700000000000001,0.5572
2016-09-08,0.0091,0.5556
2016-09-09,0.0086,0.5551
2016-09-10,0.009300000000000001,0.5558000000000001
2016-09-11,0.0106,0.5571
2016-09-12,0.012400000000000001,0.5589000000000001
2016-09-13,0.014,0.5605
2016-09-14,0.0151,0.5616
2016-09-15,0.0154,0.5619000000000001
2016-09-16,0.0152,0.5617
2016-09-17,0.0151,0.5616
2016-09-18,0.015700000000000002,0.5622
2016-09-19,0.0175,0.5640000000000001
2016-09-20,0.020800000000000003,0.5673
2016-09-21,0.0258,0.5723
2016-09-22,0.0317,0.5782
2016-09-23,0.0379,0.5844
2016-09-24,0.0432,0.5897
2016-09-25,0.0465,0.5930000000000001
2016-09-26,0.0475,0.5940000000000001
2016-09-27,0.0463,0.5928
2016-09-28,0.043000000000000003,0.5895
2016-09-29,0.038400000000000004,0.5849
2016-09-30,0.0332,0.5797
2016-10-01,0.027600000000000003,0.5741
2016-10-02,0.0222,0.5687
2016-10-03,0.0171,0.5636
2016-10-04,0.013000000000000001,0.5595
2016-10-05,0.0103,0.5568000000000001
2016-10-06,0.009300000000000001,0.5558000000000001
2016-10-07,0.0102,0.5567
2016-10-08,0.012700000000000001,0.5592
2016-10-09,0.0166,0.5631
2016-10-10,0.0206,0.5671
2016-10-11,0.023700000000000002,0.5702
2016-10-12,0.0247,0.5712
2016-10-13,0.0233,0.5698
2016-10-14,0.0201,0.5666
2016-10-15,0.0162,0.5627
2016-10-16,0.0134,0.5599000000000001
2016-10-17,0.0128,0.5593
2016-10-18,0.0149,0.5614
2016-10-19,0.0187,0.5652
2016-10-20,0.023100000000000002,0.5696
2016-10-21,0.0263,0.5728
2016-10-22,0.0273,0.5738
2016-10-23,0.0258,0.5723
2016-10-24,0.0221,0.5686
2016-10-25,0.017400000000000002,0.5639000000000001
2016-10-26,0.013000000000000001,0.5595
2016-10-27,0.0103,0.5568000000000001
2016-10-28,0.009600000000000001,0.5561
2016-10-29,0.010700000000000001,0.5572
2016-10-30,0.0129,0.5594
2016-10-31,0.0152,0.5617
2016-11-01,0.017,0.5635
2016-11-02,0.0182,0.5647
2016-11-03,0.0193,0.5658000000000001
2016-11-04,0.0207,0.5672
2016-11-05,0.0227,0.5692
2016-11-06,0.0252,0.5717
2016-11-07,0.0279,0.5744
2016-11-08,0.030100000000000002,0.5766
2016-11-09,0.031200000000000002,0.5777
2016-11-10,0.031100000000000003,0.5776
2016-11-11,0.029900000000000003,0.5764
2016-11-12,0.0281,0.5746
2016-11-13,0.026600000000000002,0.5731
2016-11-14,0.0258,0.5723
2016-11-15,0.0261,0.5726
2016-11-16,0.0269,0.5734
2016-11-17,0.027800000000000002,0.5743
2016-11-18,0.0284,0.5749000000000001
2016-11-19,0.0284,0.5749000000000001
2016-11-20,0.027800000000000002,0.5743
2016-11-21,0.027200000000000002,0.5737
2016-11-22,0.027100000000000003,0.5736
2016-11-23,0.028,0.5745
2016-11-24,0.0298,0.5763
2016-11-25,0.0322,0.5787
2016-11-26,0.0347,0.5812
2016-11-27,0.036500000000000005,0.5830000000000001
2016-11-28,0.037200000000000004,0.5837
2016-11-29,0.036500000000000005,0.5830000000000001
2016-11-30,0.0346,0.5811000000000001
2016-12-01,0.032100000000000004,0.5786
2016-12-02,0.029900000000000003,0.5764
2016-12-03,0.0287,0.5752
2016-12-04,0.0291,0.5756
2016-12-05,0.031200000000000002,0.5777
2016-12-06,0.034300000000000004,0.5808
2016-12-07,0.0376,0.5841000000000001
2016-12-08,0.04,0.5865
2016-12-09,0.041100000000000005,0.5876
2016-12-10,0.0409,0.5874
2016-12-11,0.039900000000000005,0.5864
2016-12-12,0.0386,0.5851000000000001
2016-12-13,0.0381,0.5846
2016-12-14,0.038400000000000004,0.5849
2016-12-15,0.04,0.5865
2016-12-16,0.0426,0.5891000000000001
2016-12-17,0.0459,0.5924
2016-12-18,0.05,0.5965
2016-12-19,0.054200000000000005,0.6007
2016-12-20,0.058100000000000006,0.6046
2016-12-21,0.061200000000000004,0.6077
2016-12-22,0.063,0.6095
2016-12-23,0.0632,0.6097
2016-12-24,0.0618,0.6083000000000001
2016-12-25,0.0594,0.6059
2016-12-26,0.0567,0.6032000000000001
2016-12-27,0.0548,0.6013000000000001
2016-12-28,0.054400000000000004,0.6009
2016-12-29,0.0555,0.602
2016-12-30,0.057600000000000005,0.6041000000000001
2016-12-31,0.059300000000000005,0.6058
2017-01-01,0.060000000000000005,0.6065
2017-01-02,0.0594,0.6059
2017-01-03,0.0582,0.6047
2017-01-04,0.0574,0.6039
2017-01-05,0.058100000000000006,0.6046
2017-01-06,0.061000000000000006,0.6075
2017-01-07,0.06520000000000001,0.6117
2017-01-08,0.07010000000000001,0.6166
2017-01-09,0.0745,0.621
2017-01-10,0.0775,0.624
2017-01-11,0.0791,0.6256
2017-01-12,0.08,0.6265000000000001
2017-01-13,0.08120000000000001,0.6277
2017-01-14,0.08310000000000001,0.6296
2017-01-15,0.0857,0.6322
2017-01-16,0.0882,0.6347
2017-01-17,0.08950000000000001,0.636
2017-01-18,0.0891,0.6356
2017-01-19,0.08710000000000001,0.6336
2017-01-20,0.0839,0.6304000000000001
2017-01-21,0.0811,0.6276
2017-01-22,0.07930000000000001,0.6258
2017-01-23,0.0795,0.626
2017-01-24,0.0818,0.6283000000000001
2017-01-25,0.08610000000000001,0.6326
2017-01-26,0.0915,0.638
2017-01-27,0.09720000000000001,0.6437
2017-01-28,0.1022,0.6487
2017-01-29,0.10650000000000001,0.653
2017-01-30,0.1102,0.6567000000000001
2017-01-31,0.11370000000000001,0.6602
2017-02-01,0.11710000000000001,0.6636000000000001
2017-02-02,0.12010000000000001,0.6666000000000001
2017-02-03,0.12190000000000001,0.6684
2017-02-04,0.1228,0.6693
2017-02-05,0.1228,0.6693
2017-02-06,0.1226,0.6691
2017-02-07,0.12240000000000001,0.6689
2017-02-08,0.12240000000000001,0.6689
2017-02-09,0.1226,0.6691
2017-02-10,0.1226,0.6691
2017-02-11,0.1222,0.6687000000000001
2017-02-12,0.1211,0.6676000000000001
2017-02-13,0.1194,0.6659
2017-02-14,0.11750000000000001,0.664
2017-02-15,0.11610000000000001,0.6626000000000001
2017-02-16,0.11570000000000001,0.6622
2017-02-17,0.117,0.6635
2017-02-18,0.1198,0.6663
2017-02-19,0.1236,0.6701
2017-02-20,0.1275,0.674
2017-02-21,0.1308,0.6773
2017-02-22,0.1332,0.6797000000000001
2017-02-23,0.1343,0.6808000000000001
2017-02-24,0.134,0.6805
2017-02-25,0.1325,0.679
2017-02-26,0.1296,0.6761
2017-02-27,0.1258,0.6723
2017-02-28,0.1212,0.6677000000000001
2017-03-01,0.11670000000000001,0.6632
2017-03-02,0.11280000000000001,0.6593
2017-03-03,0.10980000000000001,0.6563
2017-03-04,0.10790000000000001,0.6544
2017-03-05,0.1067,0.6532
2017-03-06,0.1061,0.6526000000000001
2017-03-07,0.1056,0.6521
2017-03-08,0.1056,0.6521
2017-03-09,0.1058,0.6523
2017-03-10,0.10640000000000001,0.6529
2017-03-11,0.10690000000000001,0.6534
2017-03-12,0.1071,0.6536000000000001
2017-03-13,0.1071,0.6536000000000001
2017-03-14,0.1068,0.6533
2017-03-15,0.1066,0.6531
2017-03-16,0.10690000000000001,0.6534
2017-03-17,0.108,0.6545000000000001
2017-03-18,0.11,0.6565000000000001
2017-03-19,0.1126,0.6591
2017-03-20,0.11520000000000001,0.6617000000000001
2017-03-21,0.11710000000000001,0.6636000000000001
2017-03-22,0.11810000000000001,0.6646000000000001
2017-03-23,0.1182,0.6647000000000001
2017-03-24,0.1179,0.6644
2017-03-25,0.1183,0.6648000000000001
2017-03-26,0.1197,0.6662
2017-03-27,0.12240000000000001,0.6689
2017-03-28,0.1263,0.6728000000000001
2017-03-29,0.1306,0.6771
2017-03-30,0.1346,0.6811
2017-03-31,0.13770000000000002,0.6842
2017-04-01,0.1395,0.686
2017-04-02,0.1395,0.686
2017-04-03,0.1376,0.6841
2017-04-04,0.134,0.6805
2017-04-05,0.1295,0.676
2017-04-06,0.125,0.6715
2017-04-07,0.1216,0.6681
2017-04-08,0.1197,0.6662
2017-04-09,0.11950000000000001,0.666
2017-04-10,0.1207,0.6672
2017-04-11,0.12250000000000001,0.669
2017-04-12,0.12340000000000001,0.6699
2017-04-13,0.1222,0.6687000000000001
2017-04-14,0.11810000000000001,0.6646000000000001
2017-04-15,0.11130000000000001,0.6578
2017-04-16,0.10310000000000001,0.6496000000000001
2017-04-17,0.0949,0.6414000000000001
2017-04-18,0.08850000000000001,0.635
2017-04-19,0.0848,0.6313000000000001
2017-04-20,0.08360000000000001,0.6301
2017-04-21,0.0844,0.6309
2017-04-22,0.0855,0.632
2017-04-23,0.0859,0.6324000000000001
2017-04-24,0.08510000000000001,0.6316
2017-04-25,0.08320000000000001,0.6297
2017-04-26,0.0814,0.6279
2017-04-27,0.08080000000000001,0.6273000000000001
2017-04-28,0.0825,0.629
2017-04-29,0.0863,0.6328
2017-04-30,0.0918,0.6383
2017-05-01,0.098,0.6445000000000001
2017-05-02,0.1038,0.6503
2017-05-03,0.10890000000000001,0.6554
2017-05-04,0.1129,0.6594
2017-05-05,0.11610000000000001,0.6626000000000001
2017-05-06,0.1189,0.6654
2017-05-07,0.1217,0.6682
2017-05-08,0.12510000000000002,0.6716000000000001
2017-05-09,0.12890000000000001,0.6754
2017-05-10,0.1331,0.6796
2017-05-11,0.136,0.6825
2017-05-12,0.1374,0.6839000000000001
2017-05-13,0.1364,0.6829000000000001
2017-05-14,0.13340000000000002,0.6799000000000001
2017-05-15,0.1291,0.6756
2017-05-16,0.1245,0.671
2017-05-17,0.12000000000000001,0.6665
2017-05-18,0.11610000000000001,0.6626000000000001
2017-05-19,0.11330000000000001,0.6598
2017-05-20,0.1115,0.658
2017-05-21,0.11130000000000001,0.6578
2017-05-22,0.1125,0.659
2017-05-23,0.115,0.6615
2017-05-24,0.11810000000000001,0.6646000000000001
2017-05-25,0.1216,0.6681
2017-05-26,0.1245,0.671
2017-05-27,0.1263,0.6728000000000001
2017-05-28,0.1269,0.6734
2017-05-29,0.12660000000000002,0.6731
2017-05-30,0.1258,0.6723
2017-05-31,0.1253,0.6718000000000001
2017-06-01,0.1254,0.6719
2017-06-02,0.1267,0.6732
2017-06-03,0.1288,0.6753
2017-06-04,0.1311,0.6776
2017-06-05,0.1328,0.6793
2017-06-06,0.1331,0.6796
2017-06-07,0.1315,0.678
2017-06-08,0.1273,0.6738000000000001
2017-06-09,0.1212,0.6677000000000001
2017-06-10,0.11410000000000001,0.6606000000000001
2017-06-11,0.10740000000000001,0.6539
2017-06-12,0.1024,0.6489
2017-06-13,0.09960000000000001,0.6461
2017-06-14,0.099,0.6455000000000001
2017-06-15,0.09970000000000001,0.6462
2017-06-16,0.1009,0.6474000000000001
2017-06-17,0.10110000000000001,0.6476000000000001
2017-06-18,0.09970000000000001,0.6462
2017-06-19,0.09620000000000001,0.6427
2017-06-20,0.09090000000000001,0.6374000000000001
2017-06-21,0.0844,0.6309
2017-06-22,0.0779,0.6244000000000001
2017-06-23,0.0732,0.6197
2017-06-24,0.07060000000000001,0.6171
2017-06-25,0.0703,0.6168
2017-06-26,0.0709,0.6174000000000001
2017-06-27,0.0713,0.6178
2017-06-28,0.0698,0.6163000000000001
2017-06-29,0.066,0.6125
2017-06-30,0.0599,0.6064
2017-07-01,0.0529,0.5994
2017-07-02,0.046900000000000004,0.5934
2017-07-03,0.043000000000000003,0.5895
2017-07-04,0.042300000000000004,0.5888
2017-07-05,0.044500000000000005,0.5910000000000001
2017-07-06,0.0487,0.5952000000000001
2017-07-07,0.0534,0.5999
2017-07-08,0.057,0.6035
2017-07-09,0.059000000000000004,0.6055
2017-07-10,0.059300000000000005,0.6058
2017-07-11,0.0589,0.6054
2017-07-12,0.0589,0.6054
2017-07-13,0.060000000000000005,0.6065
2017-07-14,0.062400000000000004,0.6089
2017-07-15,0.0655,0.612
2017-07-16,0.068,0.6145
2017-07-17,0.06910000000000001,0.6156
2017-07-18,0.0687,0.6152000000000001
2017-07-19,0.06720000000000001,0.6137
2017-07-20,0.0656,0.6121
2017-07-21,0.064,0.6105
2017-07-22,0.0627,0.6092000000000001
2017-07-23,0.061500000000000006,0.608
2017-07-24,0.060500000000000005,0.607
2017-07-25,0.060000000000000005,0.6065
2017-07-26,0.060000000000000005,0.6065
2017-07-27,0.060700000000000004,0.6072000000000001
2017-07-28,0.062400000000000004,0.6089
2017-07-29,0.0645,0.611
2017-07-30,0.0669,0.6134000000000001
2017-07-31,0.06860000000000001,0.6151
2017-08-01,0.0689,0.6154000000000001
2017-08-02,0.0666,0.6131
2017-08-03,0.061700000000000005,0.6082000000000001
2017-08-04,0.054400000000000004,0.6009
2017-08-05,0.0461,0.5926
2017-08-06,0.0385,0.5850000000000001
2017-08-07,0.0329,0.5794
2017-08-08,0.0303,0.5768
2017-08-09,0.030500000000000003,0.5770000000000001
2017-08-10,0.032600000000000004,0.5791000000000001
2017-08-11,0.0351,0.5816
2017-08-12,0.0364,0.5829
2017-08-13,0.0357,0.5822
2017-08-14,0.0322,0.5787
2017-08-15,0.0263,0.5728
2017-08-16,0.0188,0.5653
2017-08-17,0.010700000000000001,0.5572
2017-08-18,0.0035,0.55
2017-08-19,-0.002,0.5445
2017-08-20,-0.0046,0.5419
2017-08-21,-0.0054,0.5411
2017-08-22,-0.0047,0.5418000000000001
2017-08-23,-0.004,0.5425
2017-08-24,-0.004,0.5425
2017-08-25,-0.0044,0.5421
2017-08-26,-0.0049,0.5416000000000001
2017-08-27,-0.005,0.5415
2017-08-28,-0.004200000000000001,0.5423
2017-08-29,-0.0029000000000000002,0.5436
2017-08-30,-0.0016,0.5449
2017-08-31,-0.0014,0.5451
2017-09-01,-0.0028,0.5437000000000001
2017-09-02,-0.006,0.5405
2017-09-03,-0.010700000000000001,0.5358
2017-09-04,-0.0158,0.5307000000000001
2017-09-05,-0.0204,0.5261
2017-09-06,-0.023200000000000002,0.5233
2017-09-07,-0.0238,0.5227
2017-09-08,-0.022500000000000003,0.524
2017-09-09,-0.0198,0.5267000000000001
2017-09-10,-0.0165,0.53
2017-09-11,-0.0135,0.533
2017-09-12,-0.0115,0.535
2017-09-13,-0.0105,0.536
2017-09-14,-0.0106,0.5359
2017-09-15,-0.0112,0.5353
2017-09-16,-0.0117,0.5348
2017-09-17,-0.0119,0.5346000000000001
2017-09-18,-0.0115,0.535
2017-09-19,-0.0109,0.5356000000000001
2017-09-20,-0.0105,0.536
2017-09-21,-0.0106,0.5359
2017-09-22,-0.011600000000000001,0.5349
2017-09-23,-0.013000000000000001,0.5335
2017-09-24,-0.0145,0.532
2017-09-25,-0.015600000000000001,0.5309
2017-09-26,-0.016,0.5305
2017-09-27,-0.016,0.5305
2017-09-28,-0.0155,0.531
2017-09-29,-0.0148,0.5317000000000001
2017-09-30,-0.0143,0.5322
2017-10-01,-0.013900000000000001,0.5326000000000001
2017-10-02,-0.013600000000000001,0.5329
2017-10-03,-0.0129,0.5336000000000001
2017-10-04,-0.0112,0.5353
2017-10-05,-0.0081,0.5384
2017-10-06,-0.0036000000000000003,0.5429
2017-10-07,0.0015,0.548
2017-10-08,0.006,0.5525
2017-10-09,0.0088,0.5553
2017-10-10,0.0089,0.5554
2017-10-11,0.0066,0.5531
2017-10-12,0.0027,0.5492
2017-10-13,-0.0016,0.5449
2017-10-14,-0.0046,0.5419
2017-10-15,-0.0056,0.5409
2017-10-16,-0.004200000000000001,0.5423
2017-10-17,-0.0006000000000000001,0.5459
2017-10-18,0.004200000000000001,0.5507000000000001
2017-10-19,0.009000000000000001,0.5555
2017-10-20,0.012400000000000001,0.5589000000000001
2017-10-21,0.0137,0.5602
2017-10-22,0.0125,0.559
2017-10-23,0.0097,0.5562
2017-10-24,0.0064,0.5529000000000001
2017-10-25,0.004,0.5505
2017-10-26,0.0035,0.55
2017-10-27,0.0051,0.5516
2017-10-28,0.0081,0.5546
2017-10-29,0.0109,0.5574
2017-10-30,0.0122,0.5587
2017-10-31,0.011300000000000001,0.5578000000000001
2017-11-01,0.0082,0.5547000000000001
2017-11-02,0.0036000000000000003,0.5501
2017-11-03,-0.0013000000000000002,0.5452
2017-11-04,-0.005,0.5415
2017-11-05,-0.007200000000000001,0.5393
2017-11-06,-0.0074,0.5391
2017-11-07,-0.0063,0.5402
2017-11-08,-0.0049,0.5416000000000001
2017-11-09,-0.0035,0.543
2017-11-10,-0.0032,0.5433
2017-11-11,-0.0039000000000000003,0.5426
2017-11-12,-0.0054,0.5411
2017-11-13,-0.006900000000000001,0.5396000000000001
2017-11-14,-0.0077,0.5388000000000001
2017-11-15,-0.007,0.5395
2017-11-16,-0.0045000000000000005,0.542
2017-11-17,-0.0004,0.5461
2017-11-18,0.004200000000000001,0.5507000000000001
2017-11-19,0.0083,0.5548000000000001
2017-11-20,0.010700000000000001,0.5572
2017-11-21,0.0112,0.5577
2017-11-22,0.0098,0.5563
2017-11-23,0.0079,0.5544
2017-11-24,0.006500000000000001,0.553
2017-11-25,0.0064,0.5529000000000001
2017-11-26,0.0079,0.5544
2017-11-27,0.0103,0.5568000000000001
2017-11-28,0.0131,0.5596
2017-11-29,0.0155,0.562
2017-11-30,0.0171,0.5636
2017-12-01,0.0178,0.5643
2017-12-02,0.0171,0.5636
2017-12-03,0.0158,0.5623
2017-12-04,0.014100000000000001,0.5606
2017-12-05,0.0123,0.5588000000000001
2017-12-06,0.010700000000000001,0.5572
2017-12-07,0.0092,0.5557
2017-12-08,0.0078000000000000005,0.5543
2017-12-09,0.0067,0.5532
2017-12-10,0.0058000000000000005,0.5523
2017-12-11,0.005200000000000001,0.5517000000000001
2017-12-12,0.0043,0.5508000000000001
2017-12-13,0.0032,0.5497000000000001
2017-12-14,0.0015,0.548
2017-12-15,-0.0008,0.5457000000000001
2017-12-16,-0.003,0.5435
2017-12-17,-0.0044,0.5421
2017-12-18,-0.004200000000000001,0.5423
2017-12-19,-0.0019,0.5446
2017-12-20,0.0025,0.549
2017-12-21,0.0088,0.5553
2017-12-22,0.015600000000000001,0.5621
2017-12-23,0.0221,0.5686
2017-12-24,0.0269,0.5734
2017-12-25,0.029300000000000003,0.5758
2017-12-26,0.0292,0.5757
2017-12-27,0.027100000000000003,0.5736
2017-12-28,0.024,0.5705
2017-12-29,0.0207,0.5672
2017-12-30,0.0176,0.5641
2017-12-31,0.0154,0.5619000000000001
2018-01-01,0.013600000000000001,0.5601
2018-01-02,0.0129,0.5594
2018-01-03,0.0123,0.5588000000000001
2018-01-04,0.0117,0.5582
2018-01-05,0.0109,0.5574
2018-01-06,0.0097,0.5562
2018-01-07,0.008,0.5545
2018-01-08,0.0056,0.5521
2018-01-09,0.0031000000000000003,0.5496
2018-01-10,0.0007,0.5472
2018-01-11,-0.00030000000000000003,0.5462
2018-01-12,0.0005,0.547
2018-01-13,0.0034000000000000002,0.5499
2018-01-14,0.0078000000000000005,0.5543
2018-01-15,0.0128,0.5593
2018-01-16,0.0172,0.5637
2018-01-17,0.0205,0.5670000000000001
2018-01-18,0.0221,0.5686
2018-01-19,0.0228,0.5693
2018-01-20,0.0235,0.5700000000000001
2018-01-21,0.0252,0.5717
2018-01-22,0.0287,0.5752
2018-01-23,0.0342,0.5807
2018-01-24,0.0413,0.5878
2018-01-25,0.049,0.5955
2018-01-26,0.056100000000000004,0.6026
2018-01-27,0.061700000000000005,0.6082000000000001
2018-01-28,0.06520000000000001,0.6117
2018-01-29,0.06670000000000001,0.6132000000000001
2018-01-30,0.06670000000000001,0.6132000000000001
2018-01-31,0.0664,0.6129
2018-02-01,0.06670000000000001,0.6132000000000001
2018-02-02,0.068,0.6145
2018-02-03,0.0699,0.6164000000000001
2018-02-04,0.0717,0.6182000000000001
2018-02-05,0.0729,0.6194000000000001
2018-02-06,0.0734,0.6199
2018-02-07,0.0734,0.6199
2018-02-08,0.0738,0.6203000000000001
2018-02-09,0.0748,0.6213000000000001
2018-02-10,0.0761,0.6226
2018-02-11,0.07730000000000001,0.6238
2018-02-12,0.078,0.6245
2018-02-13,0.07730000000000001,0.6238
2018-02-14,0.07490000000000001,0.6214000000000001
2018-02-15,0.0714,0.6179
2018-02-16,0.06720000000000001,0.6137
2018-02-17,0.0637,0.6102000000000001
2018-02-18,0.061900000000000004,0.6084
2018-02-19,0.0626,0.6091
2018-02-20,0.0659,0.6124
2018-02-21,0.0716,0.6181
2018-02-22,0.0784,0.6249
2018-02-23,0.085,0.6315000000000001
2018-02-24,0.0897,0.6362
2018-02-25,0.091,0.6375000000000001
2018-02-26,0.08900000000000001,0.6355000000000001
2018-02-27,0.0845,0.631
2018-02-28,0.0786,0.6251
2018-03-01,0.0731,0.6196
2018-03-02,0.069,0.6155
2018-03-03,0.0666,0.6131
2018-03-04,0.0659,0.6124
2018-03-05,0.0663,0.6128
2018-03-06,0.0674,0.6139
2018-03-07,0.0687,0.6152000000000001
2018-03-08,0.0693,0.6158
2018-03-09,0.0688,0.6153000000000001
2018-03-10,0.0668,0.6133000000000001
2018-03-11,0.0639,0.6104
2018-03-12,0.0609,0.6074
2018-03-13,0.0587,0.6052000000000001
2018-03-14,0.0577,0.6042000000000001
2018-03-15,0.0589,0.6054
2018-03-16,0.062,0.6085
2018-03-17,0.0674,0.6139
2018-03-18,0.0743,0.6208
2018-03-19,0.0819,0.6284000000000001
2018-03-20,0.0887,0.6352
2018-03-21,0.09330000000000001,0.6398
2018-03-22,0.0951,0.6416000000000001
2018-03-23,0.09340000000000001,0.6399
2018-03-24,0.0884,0.6349
2018-03-25,0.0805,0.627
2018-03-26,0.07050000000000001,0.617
2018-03-27,0.0596,0.6061000000000001
2018-03-28,0.0488,0.5953
2018-03-29,0.0397,0.5862
2018-03-30,0.0329,0.5794
2018-03-31,0.028800000000000003,0.5753
2018-04-01,0.027100000000000003,0.5736
2018-04-02,0.027200000000000002,0.5737
2018-04-03,0.0286,0.5751000000000001
2018-04-04,0.031100000000000003,0.5776
2018-04-05,0.0346,0.5811000000000001
2018-04-06,0.0395,0.5860000000000001
2018-04-07,0.0456,0.5921000000000001
2018-04-08,0.053000000000000005,0.5995
2018-04-09,0.0613,0.6078
2018-04-10,0.0694,0.6159
2018-04-11,0.0767,0.6232
2018-04-12,0.0825,0.629
2018-04-13,0.08650000000000001,0.633
2018-04-14,0.0893,0.6358
2018-04-15,0.0916,0.6381
2018-04-16,0.094,0.6405000000000001
2018-04-17,0.09720000000000001,0.6437
2018-04-18,0.1012,0.6477
2018-04-19,0.1062,0.6527000000000001
2018-04-20,0.1121,0.6586000000000001
2018-04-21,0.1188,0.6653
2018-04-22,0.126,0.6725
2018-04-23,0.1325,0.679
2018-04-24,0.1383,0.6848000000000001
2018-04-25,0.1426,0.6891
2018-04-26,0.14500000000000002,0.6915
2018-04-27,0.1457,0.6922
2018-04-28,0.14450000000000002,0.6910000000000001
2018-04-29,0.1414,0.6879000000000001
2018-04-30,0.1369,0.6834
2018-05-01,0.1313,0.6778000000000001
2018-05-02,0.1252,0.6717000000000001
2018-05-03,0.11950000000000001,0.666
2018-05-04,0.115,0.6615
2018-05-05,0.1119,0.6584
2018-05-06,0.10990000000000001,0.6564
2018-05-07,0.1087,0.6552
2018-05-08,0.1077,0.6542
2018-05-09,0.1067,0.6532
2018-05-10,0.10590000000000001,0.6524
2018-05-11,0.1056,0.6521
2018-05-12,0.10600000000000001,0.6525000000000001
2018-05-13,0.1068,0.6533
2018-05-14,0.1078,0.6543
2018-05-15,0.1087,0.6552
2018-05-16,0.1096,0.6561
2018-05-17,0.11040000000000001,0.6569
2018-05-18,0.1109,0.6574
2018-05-19,0.1109,0.6574
2018-05-20,0.11040000000000001,0.6569
2018-05-21,0.109,0.6555000000000001
2018-05-22,0.10690000000000001,0.6534
2018-05-23,0.1044,0.6509
2018-05-24,0.1017,0.6482
2018-05-25,0.099,0.6455000000000001
2018-05-26,0.0966,0.6431
2018-05-27,0.0945,0.641
2018-05-28,0.0931,0.6396000000000001
2018-05-29,0.0926,0.6391
2018-05-30,0.09290000000000001,0.6394000000000001
2018-05-31,0.0937,0.6402
2018-06-01,0.0946,0.6411
2018-06-02,0.0952,0.6417
2018-06-03,0.0952,0.6417
2018-06-04,0.09530000000000001,0.6418
2018-06-05,0.096,0.6425000000000001
2018-06-06,0.09820000000000001,0.6447
2018-06-07,0.1022,0.6487
2018-06-08,0.1081,0.6546000000000001
2018-06-09,0.1153,0.6618
2018-06-10,0.12290000000000001,0.6694
2018-06-11,0.1298,0.6763
2018-06-12,0.1348,0.6813
2018-06-13,0.1374,0.6839000000000001
2018-06-14,0.1373,0.6838000000000001
2018-06-15,0.13490000000000002,0.6814
2018-06-16,0.131,0.6775
2018-06-17,0.12660000000000002,0.6731
2018-06-18,0.1227,0.6692
2018-06-19,0.11960000000000001,0.6661
2018-06-20,0.1177,0.6642
2018-06-21,0.1164,0.6629
2018-06-22,0.1155,0.662
2018-06-23,0.1145,0.661
2018-06-24,0.1129,0.6594
2018-06-25,0.111,0.6575000000000001
2018-06-26,0.1092,0.6557000000000001
2018-06-27,0.1081,0.6546000000000001
2018-06-28,0.10830000000000001,0.6548
2018-06-29,0.10980000000000001,0.6563
2018-06-30,0.112,0.6585000000000001
2018-07-01,0.114,0.6605000000000001
2018-07-02,0.11470000000000001,0.6612
2018-07-03,0.11330000000000001,0.6598
2018-07-04,0.1095,0.656
2018-07-05,0.10350000000000001,0.65
2018-07-06,0.096,0.6425000000000001
2018-07-07,0.08800000000000001,0.6345000000000001
2018-07-08,0.0809,0.6274000000000001
2018-07-09,0.0756,0.6221
2018-07-10,0.0728,0.6193000000000001
2018-07-11,0.0723,0.6188
2018-07-12,0.0737,0.6202000000000001
2018-07-13,0.07590000000000001,0.6224000000000001
2018-07-14,0.0775,0.624
2018-07-15,0.078,0.6245
2018-07-16,0.0765,0.623
2018-07-17,0.07350000000000001,0.62
2018-07-18,0.0695,0.616
2018-07-19,0.0651,0.6116
2018-07-20,0.0614,0.6079
2018-07-21,0.058300000000000005,0.6048
2018-07-22,0.0563,0.6028
2018-07-23,0.055200000000000006,0.6017
2018-07-24,0.0546,0.6011000000000001
2018-07-25,0.0539,0.6004
2018-07-26,0.0528,0.5993
2018-07-27,0.0509,0.5974
2018-07-28,0.0483,0.5948
2018-07-29,0.0454,0.5919
2018-07-30,0.042300000000000004,0.5888
2018-07-31,0.0398,0.5863
2018-08-01,0.0379,0.5844
2018-08-02,0.0367,0.5832
2018-08-03,0.0361,0.5826
2018-08-04,0.035500000000000004,0.5820000000000001
2018-08-05,0.0347,0.5812
2018-08-06,0.033100000000000004,0.5796
2018-08-07,0.031,0.5775
2018-08-08,0.029,0.5755
2018-08-09,0.028200000000000003,0.5747
2018-08-10,0.029300000000000003,0.5758
2018-08-11,0.0328,0.5793
2018-08-12,0.0381,0.5846
2018-08-13,0.0442,0.5907
2018-08-14,0.0497,0.5962000000000001
2018-08-15,0.053500000000000006,0.6
2018-08-16,0.0546,0.6011000000000001
2018-08-17,0.0529,0.5994
2018-08-18,0.049100000000000005,0.5956
2018-08-19,0.0444,0.5909
2018-08-20,0.0397,0.5862
2018-08-21,0.036000000000000004,0.5825
2018-08-22,0.033800000000000004,0.5803
2018-08-23,0.033,0.5795
2018-08-24,0.0332,0.5797
2018-08-25,0.034,0.5805
2018-08-26,0.0349,0.5814
2018-08-27,0.035300000000000005,0.5818
2018-08-28,0.035300000000000005,0.5818
2018-08-29,0.034800000000000005,0.5813
2018-08-30,0.0347,0.5812
2018-08-31,0.035300000000000005,0.5818
2018-09-01,0.037200000000000004,0.5837
2018-09-02,0.0402,0.5867
2018-09-03,0.0436,0.5901000000000001
2018-09-04,0.0468,0.5933
2018-09-05,0.049300000000000004,0.5958
2018-09-06,0.0507,0.5972000000000001
2018-09-07,0.0512,0.5977
2018-09-08,0.051300000000000005,0.5978
2018-09-09,0.051500000000000004,0.598
2018-09-10,0.051800000000000006,0.5983
2018-09-11,0.0526,0.5991000000000001
2018-09-12,0.053700000000000005,0.6002000000000001
2018-09-13,0.0546,0.6011000000000001
2018-09-14,0.055400000000000005,0.6019
2018-09-15,0.055400000000000005,0.6019
2018-09-16,0.0543,0.6008
2018-09-17,0.0522,0.5987
2018-09-18,0.0494,0.5959
2018-09-19,0.0466,0.5931000000000001
2018-09-20,0.0449,0.5914
2018-09-21,0.044700000000000004,0.5912000000000001
2018-09-22,0.0466,0.5931000000000001
2018-09-23,0.0506,0.5971000000000001
2018-09-24,0.0563,0.6028
2018-09-25,0.0635,0.61
2018-09-26,0.0714,0.6179
2018-09-27,0.0796,0.6261
2018-09-28,0.08700000000000001,0.6335000000000001
2018-09-29,0.09330000000000001,0.6398
2018-09-30,0.09820000000000001,0.6447
2018-10-01,0.1018,0.6483
2018-10-02,0.1046,0.6511
2018-10-03,0.1068,0.6533
2018-10-04,0.1092,0.6557000000000001
2018-10-05,0.1121,0.6586000000000001
2018-10-06,0.11570000000000001,0.6622
2018-10-07,0.11950000000000001,0.666
2018-10-08,0.1233,0.6698000000000001
2018-10-09,0.1264,0.6729
2018-10-10,0.1279,0.6744
2018-10-11,0.1278,0.6743
2018-10-12,0.12560000000000002,0.6721
2018-10-13,0.12240000000000001,0.6689
2018-10-14,0.1188,0.6653
2018-10-15,0.1164,0.6629
2018-10-16,0.1164,0.6629
2018-10-17,0.1189,0.6654
2018-10-18,0.12380000000000001,0.6703
2018-10-19,0.13,0.6765
2018-10-20,0.1359,0.6824
2018-10-21,0.13970000000000002,0.6862
2018-10-22,0.1408,0.6873
2018-10-23,0.139,0.6855
2018-10-24,0.1356,0.6821
2018-10-25,0.132,0.6785
2018-10-26,0.12990000000000002,0.6764
2018-10-27,0.13040000000000002,0.6769000000000001
2018-10-28,0.1337,0.6802
2018-10-29,0.13920000000000002,0.6857000000000001
2018-10-30,0.14600000000000002,0.6925
2018-10-31,0.1531,0.6996
2018-11-01,0.1602,0.7067
2018-11-02,0.16670000000000001,0.7132000000000001
2018-11-03,0.17270000000000002,0.7192000000000001
2018-11-04,0.1782,0.7247
2018-11-05,0.1832,0.7297
2018-11-06,0.1877,0.7342000000000001
2018-11-07,0.1915,0.738
2018-11-08,0.1942,0.7407
2018-11-09,0.1955,0.742
2018-11-10,0.1951,0.7416
2018-11-11,0.19310000000000002,0.7396
2018-11-12,0.19010000000000002,0.7366
2018-11-13,0.1864,0.7329
2018-11-14,0.18280000000000002,0.7293000000000001
2018-11-15,0.1791,0.7256
2018-11-16,0.1751,0.7216
2018-11-17,0.1705,0.7170000000000001
2018-11-18,0.16490000000000002,0.7114
2018-11-19,0.1588,0.7053
2018-11-20,0.15230000000000002,0.6988000000000001
2018-11-21,0.1463,0.6928000000000001
2018-11-22,0.1416,0.6881
2018-11-23,0.1385,0.685
2018-11-24,0.1375,0.684
2018-11-25,0.1384,0.6849000000000001
2018-11-26,0.1405,0.687
2018-11-27,0.14300000000000002,0.6895
2018-11-28,0.1454,0.6919000000000001
2018-11-29,0.14650000000000002,0.6930000000000001
2018-11-30,0.14600000000000002,0.6925
2018-12-01,0.14350000000000002,0.6900000000000001
2018-12-02,0.1393,0.6858000000000001
2018-12-03,0.1342,0.6807000000000001
2018-12-04,0.1291,0.6756
2018-12-05,0.125,0.6715
2018-12-06,0.12240000000000001,0.6689
2018-12-07,0.12100000000000001,0.6675
2018-12-08,0.1203,0.6668000000000001
2018-12-09,0.12050000000000001,0.667
2018-12-10,0.1216,0.6681
2018-12-11,0.1245,0.671
2018-12-12,0.1297,0.6762
2018-12-13,0.1366,0.6831
2018-12-14,0.1438,0.6903
2018-12-15,0.1499,0.6964
2018-12-16,0.1537,0.7002
2018-12-17,0.1547,0.7012
2018-12-18,0.1539,0.7004
2018-12-19,0.1519,0.6984
2018-12-20,0.14980000000000002,0.6963
2018-12-21,0.14800000000000002,0.6945
2018-12-22,0.14650000000000002,0.6930000000000001
2018-12-23,0.1452,0.6917
2018-12-24,0.1434,0.6899000000000001
2018-12-25,0.14100000000000001,0.6875
2018-12-26,0.1373,0.6838000000000001
2018-12-27,0.13290000000000002,0.6794
2018-12-28,0.1282,0.6747000000000001
2018-12-29,0.1241,0.6706000000000001
2018-12-30,0.12090000000000001,0.6674
2018-12-31,0.11860000000000001,0.6651
2019-01-01,0.1168,0.6633
2019-01-02,0.11420000000000001,0.6607000000000001
2019-01-03,0.11040000000000001,0.6569
2019-01-04,0.1056,0.6521
2019-01-05,0.1003,0.6468
2019-01-06,0.0956,0.6421
2019-01-07,0.09240000000000001,0.6389
2019-01-08,0.09090000000000001,0.6374000000000001
2019-01-09,0.0911,0.6376000000000001
2019-01-10,0.0921,0.6386000000000001
2019-01-11,0.0936,0.6401
2019-01-12,0.0942,0.6407
2019-01-13,0.0937,0.6402
2019-01-14,0.0922,0.6387
2019-01-15,0.08950000000000001,0.636
2019-01-16,0.0864,0.6329
2019-01-17,0.08370000000000001,0.6302
2019-01-18,0.0815,0.628
2019-01-19,0.0805,0.627
2019-01-20,0.08030000000000001,0.6268
2019-01-21,0.08080000000000001,0.6273000000000001
2019-01-22,0.0816,0.6281
2019-01-23,0.0823,0.6288
2019-01-24,0.0826,0.6291
2019-01-25,0.08270000000000001,0.6292
2019-01-26,0.0826,0.6291
2019-01-27,0.08270000000000001,0.6292
2019-01-28,0.0833,0.6298
2019-01-29,0.0844,0.6309
2019-01-30,0.0858,0.6323000000000001
2019-01-31,0.08710000000000001,0.6336
2019-02-01,0.0879,0.6344000000000001
2019-02-02,0.0877,0.6342
2019-02-03,0.08650000000000001,0.633
2019-02-04,0.0849,0.6314000000000001
2019-02-05,0.0834,0.6299
2019-02-06,0.08270000000000001,0.6292
2019-02-07,0.08320000000000001,0.6297
2019-02-08,0.0845,0.631
2019-02-09,0.0864,0.6329
2019-02-10,0.08850000000000001,0.635
2019-02-11,0.09050000000000001,0.637
2019-02-12,0.09240000000000001,0.6389
2019-02-13,0.0942,0.6407
2019-02-14,0.0956,0.6421
2019-02-15,0.0964,0.6429
2019-02-16,0.09680000000000001,0.6433
2019-02-17,0.0965,0.643
2019-02-18,0.0956,0.6421
2019-02-19,0.09430000000000001,0.6408
2019-02-20,0.09240000000000001,0.6389
2019-02-21,0.09050000000000001,0.637
2019-02-22,0.08850000000000001,0.635
2019-02-23,0.0869,0.6334000000000001
2019-02-24,0.08600000000000001,0.6325000000000001
2019-02-25,0.0855,0.632
2019-02-26,0.0855,0.632
2019-02-27,0.0852,0.6317
2019-02-28,0.0843,0.6308
2019-03-01,0.08310000000000001,0.6296
2019-03-02,0.0813,0.6278
2019-03-03,0.0791,0.6256
2019-03-04,0.07640000000000001,0.6229
2019-03-05,0.0732,0.6197
2019-03-06,0.07010000000000001,0.6166
2019-03-07,0.0679,0.6144000000000001
2019-03-08,0.06720000000000001,0.6137
2019-03-09,0.0687,0.6152000000000001
2019-03-10,0.0726,0.6191
2019-03-11,0.07880000000000001,0.6253000000000001
2019-03-12,0.08710000000000001,0.6336
2019-03-13,0.0974,0.6439
2019-03-14,0.109,0.6555000000000001
2019-03-15,0.12140000000000001,0.6679
2019-03-16,0.13390000000000002,0.6804
2019-03-17,0.14550000000000002,0.6920000000000001
2019-03-18,0.15610000000000002,0.7026
2019-03-19,0.16540000000000002,0.7119000000000001
2019-03-20,0.17350000000000002,0.7200000000000001
2019-03-21,0.18080000000000002,0.7273000000000001
2019-03-22,0.1875,0.734
2019-03-23,0.19390000000000002,0.7404000000000001
2019-03-24,0.19990000000000002,0.7464000000000001
2019-03-25,0.2056,0.7521
2019-03-26,0.2106,0.7571
2019-03-27,0.21450000000000002,0.761
2019-03-28,0.21710000000000002,0.7636000000000001
2019-03-29,0.2179,0.7644000000000001
2019-03-30,0.217,0.7635000000000001
2019-03-31,0.2141,0.7606
2019-04-01,0.2093,0.7558
2019-04-02,0.2028,0.7493000000000001
2019-04-03,0.19490000000000002,0.7414000000000001
2019-04-04,0.18630000000000002,0.7328
2019-04-05,0.17750000000000002,0.7240000000000001
2019-04-06,0.1689,0.7154
2019-04-07,0.16090000000000002,0.7074
2019-04-08,0.1535,0.7000000000000001
2019-04-09,0.1468,0.6933
2019-04-10,0.1408,0.6873
2019-04-11,0.1355,0.682
2019-04-12,0.131,0.6775
2019-04-13,0.12760000000000002,0.6741
2019-04-14,0.12510000000000002,0.6716000000000001
2019-04-15,0.1236,0.6701
2019-04-16,0.1227,0.6692
2019-04-17,0.12190000000000001,0.6684
2019-04-18,0.1206,0.6671
2019-04-19,0.11860000000000001,0.6651
2019-04-20,0.1155,0.662
2019-04-21,0.1115,0.658
2019-04-22,0.1072,0.6537000000000001
2019-04-23,0.1034,0.6499
2019-04-24,0.10110000000000001,0.6476000000000001
2019-04-25,0.10060000000000001,0.6471
2019-04-26,0.1024,0.6489
2019-04-27,0.1057,0.6522
2019-04-28,0.1095,0.656
2019-04-29,0.11280000000000001,0.6593
2019-04-30,0.1145,0.661
2019-05-01,0.1149,0.6614
2019-05-02,0.11380000000000001,0.6603
2019-05-03,0.11180000000000001,0.6583
2019-05-04,0.1095,0.656
2019-05-05,0.1068,0.6533
2019-05-06,0.1039,0.6504
2019-05-07,0.10070000000000001,0.6472
2019-05-08,0.0966,0.6431
2019-05-09,0.0922,0.6387
2019-05-10,0.08700000000000001,0.6335000000000001
2019-05-11,0.0818,0.6283000000000001
2019-05-12,0.0771,0.6236
2019-05-13,0.0737,0.6202000000000001
2019-05-14,0.0723,0.6188
2019-05-15,0.0728,0.6193000000000001
2019-05-16,0.075,0.6215
2019-05-17,0.0777,0.6242
2019-05-18,0.07980000000000001,0.6263000000000001
2019-05-19,0.0805,0.627
2019-05-20,0.0792,0.6257
2019-05-21,0.0761,0.6226
2019-05-22,0.0721,0.6186
2019-05-23,0.068,0.6145
2019-05-24,0.0649,0.6114
2019-05-25,0.0631,0.6096
2019-05-26,0.0629,0.6094
2019-05-27,0.0641,0.6106
2019-05-28,0.06620000000000001,0.6127
2019-05-29,0.0689,0.6154000000000001
2019-05-30,0.0712,0.6177
2019-05-31,0.0728,0.6193000000000001
2019-06-01,0.07350000000000001,0.62
2019-06-02,0.0732,0.6197
2019-06-03,0.0722,0.6187
2019-06-04,0.07100000000000001,0.6175
2019-06-05,0.07,0.6165
2019-06-06,0.069,0.6155
2019-06-07,0.0682,0.6147
2019-06-08,0.0675,0.614
2019-06-09,0.0671,0.6136
2019-06-10,0.06720000000000001,0.6137
2019-06-11,0.0678,0.6143000000000001
2019-06-12,0.069,0.6155
2019-06-13,0.07,0.6165
2019-06-14,0.0704,0.6169
2019-06-15,0.0693,0.6158
2019-06-16,0.0666,0.6131
2019-06-17,0.0629,0.6094
2019-06-18,0.0591,0.6056
2019-06-19,0.056900000000000006,0.6034
2019-06-20,0.057,0.6035
2019-06-21,0.0597,0.6062000000000001
2019-06-22,0.0641,0.6106
2019-06-23,0.0689,0.6154000000000001
2019-06-24,0.07250000000000001,0.619
2019-06-25,0.0741,0.6206
2019-06-26,0.0736,0.6201
2019-06-27,0.0713,0.6178
2019-06-28,0.068,0.6145
2019-06-29,0.06470000000000001,0.6112000000000001
2019-06-30,0.062,0.6085
2019-07-01,0.060200000000000004,0.6067
2019-07-02,0.059000000000000004,0.6055
2019-07-03,0.058,0.6045
2019-07-04,0.0565,0.603
2019-07-05,0.0543,0.6008
2019-07-06,0.0514,0.5979
2019-07-07,0.047900000000000005,0.5944
2019-07-08,0.0441,0.5906
2019-07-09,0.040600000000000004,0.5871000000000001
2019-07-10,0.037700000000000004,0.5842
2019-07-11,0.035300000000000005,0.5818
2019-07-12,0.033600000000000005,0.5801000000000001
2019-07-13,0.032100000000000004,0.5786
2019-07-14,0.030500000000000003,0.5770000000000001
2019-07-15,0.0285,0.5750000000000001
2019-07-16,0.0257,0.5722
2019-07-17,0.0221,0.5686
2019-07-18,0.0179,0.5644
2019-07-19,0.0134,0.5599000000000001
2019-07-20,0.0092,0.5557
2019-07-21,0.006500000000000001,0.553
2019-07-22,0.0054,0.5519000000000001
2019-07-23,0.0059,0.5524
2019-07-24,0.0074,0.5539000000000001
2019-07-25,0.0088,0.5553
2019-07-26,0.0095,0.556
2019-07-27,0.009000000000000001,0.5555
2019-07-28,0.0068000000000000005,0.5533
2019-07-29,0.0033,0.5498000000000001
2019-07-30,-0.0009000000000000001,0.5456
2019-07-31,-0.0046,0.5419
2019-08-01,-0.0067,0.5398000000000001
2019-08-02,-0.0064,0.5401
2019-08-03,-0.0033,0.5432
2019-08-04,0.0019,0.5484
2019-08-05,0.0082,0.5547000000000001
2019-08-06,0.013900000000000001,0.5604
2019-08-07,0.0178,0.5643
2019-08-08,0.0188,0.5653
2019-08-09,0.017,0.5635
2019-08-10,0.013000000000000001,0.5595
2019-08-11,0.0083,0.5548000000000001
2019-08-12,0.0044,0.5509000000000001
2019-08-13,0.0027,0.5492
2019-08-14,0.0037,0.5502
2019-08-15,0.0066,0.5531
2019-08-16,0.010400000000000001,0.5569000000000001
2019-08-17,0.014,0.5605
2019-08-18,0.016900000000000002,0.5634
2019-08-19,0.0198,0.5663
2019-08-20,0.0227,0.5692
2019-08-21,0.0264,0.5729000000000001
2019-08-22,0.029900000000000003,0.5764
2019-08-23,0.0328,0.5793
2019-08-24,0.034,0.5805
2019-08-25,0.0325,0.5790000000000001
2019-08-26,0.028800000000000003,0.5753
2019-08-27,0.0238,0.5703
2019-08-28,0.019200000000000002,0.5657
2019-08-29,0.0167,0.5632
2019-08-30,0.017,0.5635
2019-08-31,0.0199,0.5664
2019-09-01,0.0241,0.5706
2019-09-02,0.0285,0.5750000000000001
2019-09-03,0.0318,0.5783
2019-09-04,0.0335,0.5800000000000001
2019-09-05,0.033800000000000004,0.5803
2019-09-06,0.0329,0.5794
2019-09-07,0.031400000000000004,0.5779000000000001
2019-09-08,0.029900000000000003,0.5764
2019-09-09,0.028200000000000003,0.5747
2019-09-10,0.0263,0.5728
2019-09-11,0.0239,0.5704
2019-09-12,0.0204,0.5669000000000001
2019-09-13,0.0161,0.5626
2019-09-14,0.0115,0.558
2019-09-15,0.0073,0.5538000000000001
2019-09-16,0.004200000000000001,0.5507000000000001
2019-09-17,0.0022,0.5487000000000001
2019-09-18,0.0011,0.5476
2019-09-19,-0.0001,0.5464
2019-09-20,-0.0012000000000000001,0.5453
2019-09-21,-0.0023,0.5442
2019-09-22,-0.0026000000000000003,0.5439
2019-09-23,-0.0018000000000000002,0.5447000000000001
2019-09-24,0.00030000000000000003,0.5468000000000001
2019-09-25,0.0035,0.55
2019-09-26,0.0074,0.5539000000000001
2019-09-27,0.011600000000000001,0.5581
2019-09-28,0.0158,0.5623
2019-09-29,0.0193,0.5658000000000001
2019-09-30,0.0219,0.5684
2019-10-01,0.0234,0.5699000000000001
2019-10-02,0.0235,0.5700000000000001
2019-10-03,0.0227,0.5692
2019-10-04,0.0213,0.5678000000000001
2019-10-05,0.0194,0.5659000000000001
2019-10-06,0.017400000000000002,0.5639000000000001
2019-10-07,0.0151,0.5616
2019-10-08,0.013300000000000001,0.5598000000000001
2019-10-09,0.0122,0.5587
2019-10-10,0.012400000000000001,0.5589000000000001
2019-10-11,0.0142,0.5607
2019-10-12,0.016800000000000002,0.5633
2019-10-13,0.020300000000000002,0.5668000000000001
2019-10-14,0.0241,0.5706
2019-10-15,0.0285,0.5750000000000001
2019-10-16,0.0335,0.5800000000000001
2019-10-17,0.0393,0.5858
2019-10-18,0.0456,0.5921000000000001
2019-10-19,0.0522,0.5987
2019-10-20,0.0587,0.6052000000000001
2019-10-21,0.0653,0.6118
2019-10-22,0.0714,0.6179
2019-10-23,0.07680000000000001,0.6233000000000001
2019-10-24,0.0815,0.628
2019-10-25,0.0854,0.6319
2019-10-26,0.0891,0.6356
2019-10-27,0.0932,0.6397
2019-10-28,0.0978,0.6443
2019-10-29,0.10250000000000001,0.649
2019-10-30,0.1067,0.6532
2019-10-31,0.10990000000000001,0.6564
2019-11-01,0.1121,0.6586000000000001
2019-11-02,0.11320000000000001,0.6597000000000001
2019-11-03,0.114,0.6605000000000001
2019-11-04,0.11470000000000001,0.6612
2019-11-05,0.1158,0.6623
2019-11-06,0.1174,0.6639
2019-11-07,0.1197,0.6662
2019-11-08,0.1227,0.6692
2019-11-09,0.1262,0.6727000000000001
2019-11-10,0.1301,0.6766
2019-11-11,0.13390000000000002,0.6804
2019-11-12,0.13720000000000002,0.6837000000000001
2019-11-13,0.13920000000000002,0.6857000000000001
2019-11-14,0.1396,0.6861
2019-11-15,0.1385,0.685
2019-11-16,0.1361,0.6826
2019-11-17,0.1333,0.6798000000000001
2019-11-18,0.13090000000000002,0.6774
2019-11-19,0.12990000000000002,0.6764
2019-11-20,0.1307,0.6772
2019-11-21,0.13240000000000002,0.6789000000000001
2019-11-22,0.134,0.6805
2019-11-23,0.1338,0.6803
2019-11-24,0.131,0.6775
2019-11-25,0.1255,0.672
2019-11-26,0.1188,0.6653
2019-11-27,0.11220000000000001,0.6587000000000001
2019-11-28,0.10690000000000001,0.6534
2019-11-29,0.1034,0.6499
2019-11-30,0.1017,0.6482
2019-12-01,0.1009,0.6474000000000001
2019-12-02,0.1005,0.647
2019-12-03,0.0998,0.6463
2019-12-04,0.0983,0.6448
2019-12-05,0.096,0.6425000000000001
2019-12-06,0.09330000000000001,0.6398
2019-12-07,0.0906,0.6371
2019-12-08,0.0878,0.6343
2019-12-09,0.0849,0.6314000000000001
2019-12-10,0.0815,0.628
2019-12-11,0.07780000000000001,0.6243000000000001
2019-12-12,0.0742,0.6207
2019-12-13,0.07150000000000001,0.618
2019-12-14,0.0703,0.6168
2019-12-15,0.07050000000000001,0.617
2019-12-16,0.0716,0.6181
2019-12-17,0.0731,0.6196
2019-12-18,0.0745,0.621
2019-12-19,0.07540000000000001,0.6219
2019-12-20,0.076,0.6225
2019-12-21,0.0761,0.6226
2019-12-22,0.0763,0.6228
2019-12-23,0.07690000000000001,0.6234000000000001
2019-12-24,0.07830000000000001,0.6248
2019-12-25,0.0806,0.6271
2019-12-26,0.08370000000000001,0.6302
2019-12-27,0.0869,0.6334000000000001
2019-12-28,0.0903,0.6368
2019-12-29,0.093,0.6395000000000001
2019-12-30,0.09530000000000001,0.6418
2019-12-31,0.0975,0.644
2020-01-01,0.10070000000000001,0.6472
2020-01-02,0.1046,0.6511
2020-01-03,0.10980000000000001,0.6563
2020-01-04,0.1158,0.6623
2020-01-05,0.12150000000000001,0.668
2020-01-06,0.1259,0.6724
2020-01-07,0.128,0.6745
2020-01-08,0.1275,0.674
2020-01-09,0.12490000000000001,0.6714
2020-01-10,0.1213,0.6678000000000001
2020-01-11,0.1173,0.6638000000000001
2020-01-12,0.11420000000000001,0.6607000000000001
2020-01-13,0.112,0.6585000000000001
2020-01-14,0.1107,0.6572
2020-01-15,0.1097,0.6562
2020-01-16,0.10840000000000001,0.6549
2020-01-17,0.1066,0.6531
2020-01-18,0.1048,0.6513
2020-01-19,0.1034,0.6499
2020-01-20,0.1033,0.6498
2020-01-21,0.1047,0.6512
2020-01-22,0.10740000000000001,0.6539
2020-01-23,0.1109,0.6574
2020-01-24,0.1143,0.6608
2020-01-25,0.1169,0.6634
2020-01-26,0.1183,0.6648000000000001
2020-01-27,0.11850000000000001,0.665
2020-01-28,0.1183,0.6648000000000001
2020-01-29,0.1182,0.6647000000000001
2020-01-30,0.1194,0.6659
2020-01-31,0.1221,0.6686000000000001
2020-02-01,0.1264,0.6729
2020-02-02,0.1312,0.6777000000000001
2020-02-03,0.1358,0.6823
2020-02-04,0.1393,0.6858000000000001
2020-02-05,0.14100000000000001,0.6875
2020-02-06,0.14120000000000002,0.6877
2020-02-07,0.1404,0.6869000000000001
2020-02-08,0.1388,0.6853
2020-02-09,0.1369,0.6834
2020-02-10,0.1348,0.6813
2020-02-11,0.1327,0.6792
2020-02-12,0.1305,0.677
2020-02-13,0.1277,0.6742
2020-02-14,0.12390000000000001,0.6704
2020-02-15,0.11850000000000001,0.665
2020-02-16,0.1111,0.6576000000000001
2020-02-17,0.10200000000000001,0.6485000000000001
2020-02-18,0.0917,0.6382
2020-02-19,0.0814,0.6279
2020-02-20,0.0724,0.6189
2020-02-21,0.0658,0.6123000000000001
2020-02-22,0.0625,0.609
2020-02-23,0.0626,0.6091
2020-02-24,0.0656,0.6121
2020-02-25,0.07,0.6165
2020-02-26,0.07400000000000001,0.6205
2020-02-27,0.07640000000000001,0.6229
2020-02-28,0.0767,0.6232
2020-02-29,0.07540000000000001,0.6219
2020-03-01,0.0729,0.6194000000000001
2020-03-02,0.0703,0.6168
2020-03-03,0.06810000000000001,0.6146
2020-03-04,0.0673,0.6138
2020-03-05,0.0687,0.6152000000000001
2020-03-06,0.0722,0.6187
2020-03-07,0.0767,0.6232
2020-03-08,0.08080000000000001,0.6273000000000001
2020-03-09,0.0835,0.63
2020-03-10,0.084,0.6305000000000001
2020-03-11,0.08270000000000001,0.6292
2020-03-12,0.0806,0.6271
2020-03-13,0.07780000000000001,0.6243000000000001
2020-03-14,0.0743,0.6208
2020-03-15,0.0698,0.6163000000000001
2020-03-16,0.06430000000000001,0.6108
2020-03-17,0.058600000000000006,0.6051000000000001
2020-03-18,0.054,0.6005
2020-03-19,0.0512,0.5977
2020-03-20,0.0507,0.5972000000000001
2020-03-21,0.052700000000000004,0.5992000000000001
2020-03-22,0.0568,0.6033000000000001
2020-03-23,0.062400000000000004,0.6089
2020-03-24,0.0688,0.6153000000000001
2020-03-25,0.0753,0.6218
2020-03-26,0.08170000000000001,0.6282
2020-03-27,0.08750000000000001,0.634
2020-03-28,0.09290000000000001,0.6394000000000001
2020-03-29,0.0978,0.6443
2020-03-30,0.1015,0.648
2020-03-31,0.1039,0.6504
2020-04-01,0.1043,0.6508
2020-04-02,0.1028,0.6493
2020-04-03,0.0999,0.6464000000000001
2020-04-04,0.096,0.6425000000000001
2020-04-05,0.092,0.6385000000000001
2020-04-06,0.0881,0.6346
2020-04-07,0.0849,0.6314000000000001
2020-04-08,0.0828,0.6293000000000001
2020-04-09,0.0816,0.6281
2020-04-10,0.0825,0.629
2020-04-11,0.0853,0.6318
2020-04-12,0.0901,0.6366
2020-04-13,0.0964,0.6429
2020-04-14,0.10310000000000001,0.6496000000000001
2020-04-15,0.1091,0.6556000000000001
2020-04-16,0.11380000000000001,0.6603
2020-04-17,0.11720000000000001,0.6637000000000001
2020-04-18,0.1198,0.6663
2020-04-19,0.12140000000000001,0.6679
2020-04-20,0.12240000000000001,0.6689
2020-04-21,0.12200000000000001,0.6685
2020-04-22,0.1203,0.6668000000000001
2020-04-23,0.117,0.6635
2020-04-24,0.1119,0.6584
2020-04-25,0.1056,0.6521
2020-04-26,0.09870000000000001,0.6452
2020-04-27,0.0922,0.6387
2020-04-28,0.0868,0.6333000000000001
2020-04-29,0.0825,0.629
2020-04-30,0.0789,0.6254000000000001
2020-05-01,0.0751,0.6216
2020-05-02,0.07060000000000001,0.6171
2020-05-03,0.06520000000000001,0.6117
2020-05-04,0.0594,0.6059
2020-05-05,0.0543,0.6008
2020-05-06,0.0504,0.5969
2020-05-07,0.0483,0.5948
2020-05-08,0.0477,0.5942000000000001
2020-05-09,0.048,0.5945
2020-05-10,0.0482,0.5947
2020-05-11,0.0478,0.5943
2020-05-12,0.046700000000000005,0.5932000000000001
2020-05-13,0.0453,0.5918
2020-05-14,0.0439,0.5904
2020-05-15,0.0431,0.5896
2020-05-16,0.0429,0.5894
2020-05-17,0.0431,0.5896
2020-05-18,0.043500000000000004,0.5900000000000001
2020-05-19,0.0437,0.5902000000000001
2020-05-20,0.043300000000000005,0.5898
2020-05-21,0.042100000000000005,0.5886
2020-05-22,0.040400000000000005,0.5869
2020-05-23,0.038700000000000005,0.5852
2020-05-24,0.0376,0.5841000000000001
2020-05-25,0.0373,0.5838
2020-05-26,0.0378,0.5843
2020-05-27,0.038900000000000004,0.5854
2020-05-28,0.039900000000000005,0.5864
2020-05-29,0.0409,0.5874
2020-05-30,0.0417,0.5882000000000001
2020-05-31,0.0419,0.5884
2020-06-01,0.0417,0.5882000000000001
2020-06-02,0.041100000000000005,0.5876
2020-06-03,0.04,0.5865
2020-06-04,0.039,0.5855
2020-06-05,0.0383,0.5848
2020-06-06,0.0378,0.5843
2020-06-07,0.037200000000000004,0.5837
2020-06-08,0.0361,0.5826
2020-06-09,0.0341,0.5806
2020-06-10,0.0313,0.5778
2020-06-11,0.0285,0.5750000000000001
2020-06-12,0.026600000000000002,0.5731
2020-06-13,0.0256,0.5721
2020-06-14,0.0257,0.5722
2020-06-15,0.0263,0.5728
2020-06-16,0.0269,0.5734
2020-06-17,0.027600000000000003,0.5741
2020-06-18,0.028200000000000003,0.5747
2020-06-19,0.0285,0.5750000000000001
2020-06-20,0.028300000000000002,0.5748
2020-06-21,0.028,0.5745
2020-06-22,0.027800000000000002,0.5743
2020-06-23,0.0284,0.5749000000000001
2020-06-24,0.0308,0.5773
2020-06-25,0.035500000000000004,0.5820000000000001
2020-06-26,0.042,0.5885
2020-06-27,0.0494,0.5959
2020-06-28,0.055900000000000005,0.6024
2020-06-29,0.060000000000000005,0.6065
2020-06-30,0.0606,0.6071000000000001
2020-07-01,0.057800000000000004,0.6043000000000001
2020-07-02,0.0526,0.5991000000000001
2020-07-03,0.046400000000000004,0.5929
2020-07-04,0.0405,0.5870000000000001
2020-07-05,0.035500000000000004,0.5820000000000001
2020-07-06,0.0317,0.5782
2020-07-07,0.028900000000000002,0.5754
2020-07-08,0.0264,0.5729000000000001
2020-07-09,0.0244,0.5709000000000001
2020-07-10,0.022500000000000003,0.5690000000000001
2020-07-11,0.0206,0.5671
2020-07-12,0.0188,0.5653
2020-07-13,0.0171,0.5636
2020-07-14,0.0158,0.5623
2020-07-15,0.0146,0.5611
2020-07-16,0.0135,0.56
2020-07-17,0.0118,0.5583
2020-07-18,0.009600000000000001,0.5561
2020-07-19,0.0073,0.5538000000000001
2020-07-20,0.0055000000000000005,0.552
2020-07-21,0.005,0.5515
2020-07-22,0.0063,0.5528000000000001
2020-07-23,0.0091,0.5556
2020-07-24,0.013000000000000001,0.5595
2020-07-25,0.016800000000000002,0.5633
2020-07-26,0.0201,0.5666
2020-07-27,0.0221,0.5686
2020-07-28,0.023200000000000002,0.5697
2020-07-29,0.0235,0.5700000000000001
2020-07-30,0.0235,0.5700000000000001
2020-07-31,0.0234,0.5699000000000001
2020-08-01,0.023200000000000002,0.5697
2020-08-02,0.0228,0.5693
2020-08-03,0.022000000000000002,0.5685
2020-08-04,0.0211,0.5676
2020-08-05,0.019700000000000002,0.5662
2020-08-06,0.0179,0.5644
2020-08-07,0.0161,0.5626
2020-08-08,0.0145,0.561
2020-08-09,0.013600000000000001,0.5601
2020-08-10,0.013300000000000001,0.5598000000000001
2020-08-11,0.013800000000000002,0.5603
2020-08-12,0.0143,0.5608000000000001
2020-08-13,0.0149,0.5614
2020-08-14,0.0148,0.5613
2020-08-15,0.014100000000000001,0.5606
2020-08-16,0.012700000000000001,0.5592
2020-08-17,0.0112,0.5577
2020-08-18,0.0099,0.5564
2020-08-19,0.009300000000000001,0.5558000000000001
2020-08-20,0.0095,0.556
2020-08-21,0.0102,0.5567
2020-08-22,0.0109,0.5574
2020-08-23,0.0114,0.5579000000000001
2020-08-24,0.0112,0.5577
2020-08-25,0.0112,0.5577
2020-08-26,0.0112,0.5577
2020-08-27,0.011300000000000001,0.5578000000000001
2020-08-28,0.0111,0.5576
2020-08-29,0.0098,0.5563
2020-08-30,0.0073,0.5538000000000001
2020-08-31,0.0033,0.5498000000000001
2020-09-01,-0.0012000000000000001,0.5453
2020-09-02,-0.006,0.5405
2020-09-03,-0.010100000000000001,0.5364
2020-09-04,-0.013300000000000001,0.5332
2020-09-05,-0.0158,0.5307000000000001
2020-09-06,-0.0173,0.5292
2020-09-07,-0.0184,0.5281
2020-09-08,-0.019100000000000002,0.5274
2020-09-09,-0.019700000000000002,0.5268
2020-09-10,-0.020200000000000003,0.5263
2020-09-11,-0.0205,0.526
2020-09-12,-0.0207,0.5258
2020-09-13,-0.0204,0.5261
2020-09-14,-0.0199,0.5266000000000001
2020-09-15,-0.019100000000000002,0.5274
2020-09-16,-0.0184,0.5281
2020-09-17,-0.0179,0.5286000000000001
2020-09-18,-0.0178,0.5287000000000001
2020-09-19,-0.0189,0.5276000000000001
2020-09-20,-0.020800000000000003,0.5257000000000001
2020-09-21,-0.023700000000000002,0.5228
2020-09-22,-0.0268,0.5197
2020-09-23,-0.029,0.5175000000000001
2020-09-24,-0.029400000000000003,0.5171
2020-09-25,-0.027100000000000003,0.5194
2020-09-26,-0.022600000000000002,0.5239
2020-09-27,-0.0165,0.53
2020-09-28,-0.0103,0.5362
2020-09-29,-0.0055000000000000005,0.541
2020-09-30,-0.003,0.5435
2020-10-01,-0.0036000000000000003,0.5429
2020-10-02,-0.0068000000000000005,0.5397000000000001
2020-10-03,-0.0114,0.5351
2020-10-04,-0.0158,0.5307000000000001
2020-10-05,-0.0183,0.5282
2020-10-06,-0.0175,0.529
2020-10-07,-0.0134,0.5331
2020-10-08,-0.007500000000000001,0.539
2020-10-09,-0.0013000000000000002,0.5452
2020-10-10,0.003,0.5495
2020-10-11,0.0045000000000000005,0.551
2020-10-12,0.0033,0.5498000000000001
2020-10-13,0.0006000000000000001,0.5471
2020-10-14,-0.002,0.5445
2020-10-15,-0.0028,0.5437000000000001
2020-10-16,-0.0011,0.5454
2020-10-17,0.0026000000000000003,0.5491
2020-10-18,0.0073,0.5538000000000001
2020-10-19,0.011600000000000001,0.5581
2020-10-20,0.014400000000000001,0.5609000000000001
2020-10-21,0.016,0.5625
2020-10-22,0.0164,0.5629000000000001
2020-10-23,0.0164,0.5629000000000001
2020-10-24,0.0167,0.5632
2020-10-25,0.0179,0.5644
2020-10-26,0.0199,0.5664
2020-10-27,0.022500000000000003,0.5690000000000001
2020-10-28,0.025,0.5715
2020-10-29,0.027100000000000003,0.5736
2020-10-30,0.0287,0.5752
2020-10-31,0.030500000000000003,0.5770000000000001
2020-11-01,0.0327,0.5792
2020-11-02,0.035300000000000005,0.5818
2020-11-03,0.0378,0.5843
2020-11-04,0.0398,0.5863
2020-11-05,0.040600000000000004,0.5871000000000001
2020-11-06,0.039900000000000005,0.5864
2020-11-07,0.0371,0.5836
2020-11-08,0.032600000000000004,0.5791000000000001
2020-11-09,0.027200000000000002,0.5737
2020-11-10,0.0219,0.5684
2020-11-11,0.0176,0.5641
2020-11-12,0.0152,0.5617
2020-11-13,0.014100000000000001,0.5606
2020-11-14,0.013300000000000001,0.5598000000000001
2020-11-15,0.012100000000000001,0.5586
2020-11-16,0.0099,0.5564
2020-11-17,0.007,0.5535
2020-11-18,0.0039000000000000003,0.5504
2020-11-19,0.0012000000000000001,0.5477000000000001
2020-11-20,-0.0013000000000000002,0.5452
2020-11-21,-0.0031000000000000003,0.5434
2020-11-22,-0.0044,0.5421
2020-11-23,-0.0053,0.5412
2020-11-24,-0.0059,0.5406000000000001
2020-11-25,-0.006500000000000001,0.54
2020-11-26,-0.006900000000000001,0.5396000000000001
2020-11-27,-0.0071,0.5394
2020-11-28,-0.0064,0.5401
2020-11-29,-0.0044,0.5421
2020-11-30,-0.0013000000000000002,0.5452
2020-12-01,0.0028,0.5493
2020-12-02,0.007200000000000001,0.5537000000000001
2020-12-03,0.0108,0.5573
2020-12-04,0.0132,0.5597
2020-12-05,0.0143,0.5608000000000001
2020-12-06,0.015000000000000001,0.5615
2020-12-07,0.015600000000000001,0.5621
2020-12-08,0.016900000000000002,0.5634
2020-12-09,0.0188,0.5653
2020-12-10,0.0205,0.5670000000000001
2020-12-11,0.0218,0.5683
2020-12-12,0.0217,0.5682
2020-12-13,0.020300000000000002,0.5668000000000001
2020-12-14,0.0176,0.5641
2020-12-15,0.0145,0.561
2020-12-16,0.0122,0.5587
2020-12-17,0.0114,0.5579000000000001
2020-12-18,0.0125,0.559
2020-12-19,0.0148,0.5613
2020-12-20,0.016900000000000002,0.5634
2020-12-21,0.018000000000000002,0.5645
2020-12-22,0.0177,0.5642
2020-12-23,0.016900000000000002,0.5634
2020-12-24,0.0161,0.5626
2020-12-25,0.016900000000000002,0.5634
2020-12-26,0.0196,0.5661
2020-12-27,0.024800000000000003,0.5713
2020-12-28,0.0317,0.5782
2020-12-29,0.0393,0.5858
2020-12-30,0.0463,0.5928
2020-12-31,0.051500000000000004,0.598
2021-01-01,0.0546,0.6011000000000001
2021-01-02,0.0555,0.602
2021-01-03,0.0553,0.6018
2021-01-04,0.0551,0.6016
2021-01-05,0.0555,0.602
2021-01-06,0.056600000000000004,0.6031000000000001
2021-01-07,0.058300000000000005,0.6048
2021-01-08,0.0599,0.6064
2021-01-09,0.060500000000000005,0.607
2021-01-10,0.060000000000000005,0.6065
2021-01-11,0.058600000000000006,0.6051000000000001
2021-01-12,0.0574,0.6039
2021-01-13,0.057300000000000004,0.6038
2021-01-14,0.0592,0.6057
2021-01-15,0.0631,0.6096
2021-01-16,0.0685,0.615
2021-01-17,0.0743,0.6208
2021-01-18,0.0799,0.6264000000000001
2021-01-19,0.08460000000000001,0.6311
2021-01-20,0.08850000000000001,0.635
2021-01-21,0.0912,0.6377
2021-01-22,0.0927,0.6392
2021-01-23,0.09340000000000001,0.6399
2021-01-24,0.09340000000000001,0.6399
2021-01-25,0.0936,0.6401
2021-01-26,0.094,0.6405000000000001
2021-01-27,0.0949,0.6414000000000001
2021-01-28,0.096,0.6425000000000001
2021-01-29,0.09670000000000001,0.6432
2021-01-30,0.0966,0.6431
2021-01-31,0.09580000000000001,0.6423
2021-02-01,0.0942,0.6407
2021-02-02,0.0926,0.6391
2021-02-03,0.0912,0.6377
2021-02-04,0.08940000000000001,0.6359
2021-02-05,0.08650000000000001,0.633
2021-02-06,0.0821,0.6286
2021-02-07,0.07640000000000001,0.6229
2021-02-08,0.07010000000000001,0.6166
2021-02-09,0.0644,0.6109
2021-02-10,0.060500000000000005,0.607
2021-02-11,0.0587,0.6052000000000001
2021-02-12,0.0591,0.6056
2021-02-13,0.0609,0.6074
2021-02-14,0.0636,0.6101
2021-02-15,0.0666,0.6131
2021-02-16,0.0698,0.6163000000000001
2021-02-17,0.07300000000000001,0.6195
2021-02-18,0.0763,0.6228
2021-02-19,0.07930000000000001,0.6258
2021-02-20,0.0815,0.628
2021-02-21,0.0821,0.6286
2021-02-22,0.0805,0.627
2021-02-23,0.0766,0.6231
2021-02-24,0.0708,0.6173000000000001
2021-02-25,0.0637,0.6102000000000001
2021-02-26,0.0565,0.603
2021-02-27,0.0507,0.5972000000000001
2021-02-28,0.0478,0.5943
2021-03-01,0.048100000000000004,0.5946
2021-03-02,0.051800000000000006,0.5983
2021-03-03,0.0575,0.604
2021-03-04,0.064,0.6105
2021-03-05,0.06960000000000001,0.6161
2021-03-06,0.0738,0.6203000000000001
2021-03-07,0.0766,0.6231
2021-03-08,0.07880000000000001,0.6253000000000001
2021-03-09,0.0811,0.6276
2021-03-10,0.0838,0.6303000000000001
2021-03-11,0.0869,0.6334000000000001
2021-03-12,0.0898,0.6363
2021-03-13,0.0916,0.6381
2021-03-14,0.09190000000000001,0.6384000000000001
2021-03-15,0.0906,0.6371
2021-03-16,0.0883,0.6348
2021-03-17,0.08560000000000001,0.6321
2021-03-18,0.083,0.6295000000000001
2021-03-19,0.0809,0.6274000000000001
2021-03-20,0.079,0.6255000000000001
2021-03-21,0.07690000000000001,0.6234000000000001
2021-03-22,0.07440000000000001,0.6209
2021-03-23,0.0716,0.6181
2021-03-24,0.06860000000000001,0.6151
2021-03-25,0.066,0.6125
2021-03-26,0.06420000000000001,0.6107
2021-03-27,0.0636,0.6101
2021-03-28,0.0645,0.611
2021-03-29,0.0664,0.6129
2021-03-30,0.0694,0.6159
2021-03-31,0.0728,0.6193000000000001
2021-04-01,0.0767,0.6232
2021-04-02,0.081,0.6275000000000001
2021-04-03,0.08560000000000001,0.6321
2021-04-04,0.09090000000000001,0.6374000000000001
2021-04-05,0.0974,0.6439
2021-04-06,0.10500000000000001,0.6515000000000001
2021-04-07,0.11380000000000001,0.6603
2021-04-08,0.1232,0.6697000000000001
2021-04-09,0.1326,0.6791
2021-04-10,0.1408,0.6873
2021-04-11,0.14730000000000001,0.6938000000000001
2021-04-12,0.1516,0.6981
2021-04-13,0.15410000000000001,0.7006
2021-04-14,0.1555,0.7020000000000001
2021-04-15,0.157,0.7035
2021-04-16,0.1592,0.7057
2021-04-17,0.16290000000000002,0.7094
2021-04-18,0.16790000000000002,0.7144
2021-04-19,0.1733,0.7198
2021-04-20,0.1779,0.7244
2021-04-21,0.1804,0.7269
2021-04-22,0.1799,0.7264
2021-04-23,0.1763,0.7228
2021-04-24,0.1706,0.7171000000000001
2021-04-25,0.1641,0.7106
2021-04-26,0.15810000000000002,0.7046
2021-04-27,0.1531,0.6996
2021-04-28,0.1495,0.6960000000000001
2021-04-29,0.1466,0.6931
2021-04-30,0.1438,0.6903
2021-05-01,0.14070000000000002,0.6872
2021-05-02,0.137,0.6835
2021-05-03,0.133,0.6795
2021-05-04,0.1295,0.676
2021-05-05,0.1275,0.674
2021-05-06,0.12710000000000002,0.6736000000000001
2021-05-07,0.12840000000000001,0.6749
2021-05-08,0.1308,0.6773
2021-05-09,0.1332,0.6797000000000001
2021-05-10,0.1348,0.6813
2021-05-11,0.1356,0.6821
2021-05-12,0.1358,0.6823
2021-05-13,0.13620000000000002,0.6827000000000001
2021-05-14,0.1371,0.6836
2021-05-15,0.1389,0.6854
2021-05-16,0.14100000000000001,0.6875
2021-05-17,0.1433,0.6898000000000001
2021-05-18,0.1452,0.6917
2021-05-19,0.1467,0.6932
2021-05-20,0.14730000000000001,0.6938000000000001
2021-05-21,0.14750000000000002,0.6940000000000001
2021-05-22,0.1472,0.6937
2021-05-23,0.1468,0.6933
2021-05-24,0.1466,0.6931
2021-05-25,0.1467,0.6932
2021-05-26,0.14700000000000002,0.6935
2021-05-27,0.1472,0.6937
2021-05-28,0.14650000000000002,0.6930000000000001
2021-05-29,0.1449,0.6914
2021-05-30,0.1421,0.6886
2021-05-31,0.1385,0.685
2021-06-01,0.13440000000000002,0.6809000000000001
2021-06-02,0.1298,0.6763
2021-06-03,0.12560000000000002,0.6721
2021-06-04,0.1221,0.6686000000000001
2021-06-05,0.1197,0.6662
2021-06-06,0.1188,0.6653
2021-06-07,0.11900000000000001,0.6655
2021-06-08,0.1197,0.6662
2021-06-09,0.12050000000000001,0.667
2021-06-10,0.12050000000000001,0.667
2021-06-11,0.1199,0.6664
2021-06-12,0.1188,0.6653
2021-06-13,0.11720000000000001,0.6637000000000001
2021-06-14,0.1158,0.6623
2021-06-15,0.1145,0.661
2021-06-16,0.1131,0.6596000000000001
2021-06-17,0.11120000000000001,0.6577000000000001
2021-06-18,0.10830000000000001,0.6548
2021-06-19,0.1046,0.6511
2021-06-20,0.10020000000000001,0.6467
2021-06-21,0.0956,0.6421
2021-06-22,0.0911,0.6376000000000001
2021-06-23,0.08710000000000001,0.6336
2021-06-24,0.0834,0.6299
2021-06-25,0.0801,0.6266
2021-06-26,0.0771,0.6236
2021-06-27,0.0746,0.6211
2021-06-28,0.0727,0.6192000000000001
2021-06-29,0.0719,0.6184000000000001
2021-06-30,0.0724,0.6189
2021-07-01,0.0748,0.6213000000000001
2021-07-02,0.07880000000000001,0.6253000000000001
2021-07-03,0.0835,0.63
2021-07-04,0.0874,0.6339
2021-07-05,0.0889,0.6354000000000001
2021-07-06,0.0874,0.6339
2021-07-07,0.0825,0.629
2021-07-08,0.0756,0.6221
2021-07-09,0.0685,0.615
2021-07-10,0.0629,0.6094
2021-07-11,0.0606,0.6071000000000001
2021-07-12,0.061900000000000004,0.6084
2021-07-13,0.0665,0.613
2021-07-14,0.0729,0.6194000000000001
2021-07-15,0.0789,0.6254000000000001
2021-07-16,0.08320000000000001,0.6297
2021-07-17,0.08420000000000001,0.6307
2021-07-18,0.082,0.6285000000000001
2021-07-19,0.07730000000000001,0.6238
2021-07-20,0.0714,0.6179
2021-07-21,0.066,0.6125
2021-07-22,0.061700000000000005,0.6082000000000001
2021-07-23,0.0587,0.6052000000000001
2021-07-24,0.0568,0.6033000000000001
2021-07-25,0.0551,0.6016
2021-07-26,0.053000000000000005,0.5995
2021-07-27,0.050300000000000004,0.5968
2021-07-28,0.046900000000000004,0.5934
2021-07-29,0.043300000000000005,0.5898
2021-07-30,0.0392,0.5857
2021-07-31,0.0349,0.5814
2021-08-01,0.0302,0.5767
2021-08-02,0.0257,0.5722
2021-08-03,0.022000000000000002,0.5685
2021-08-04,0.019100000000000002,0.5656
2021-08-05,0.016900000000000002,0.5634
2021-08-06,0.0151,0.5616
2021-08-07,0.0134,0.5599000000000001
2021-08-08,0.0119,0.5584
2021-08-09,0.0109,0.5574
2021-08-10,0.0105,0.557
2021-08-11,0.0105,0.557
2021-08-12,0.0112,0.5577
2021-08-13,0.0126,0.5591
2021-08-14,0.014700000000000001,0.5612
2021-08-15,0.0176,0.5641
2021-08-16,0.0211,0.5676
2021-08-17,0.0246,0.5711
2021-08-18,0.0273,0.5738
2021-08-19,0.028900000000000002,0.5754
2021-08-20,0.028900000000000002,0.5754
2021-08-21,0.027700000000000002,0.5742
2021-08-22,0.025900000000000003,0.5724
2021-08-23,0.024,0.5705
2021-08-24,0.0227,0.5692
2021-08-25,0.0217,0.5682
2021-08-26,0.0207,0.5672
2021-08-27,0.0184,0.5649000000000001
2021-08-28,0.014700000000000001,0.5612
2021-08-29,0.0102,0.5567
2021-08-30,0.0064,0.5529000000000001
2021-08-31,0.0053,0.5518000000000001
2021-09-01,0.0074,0.5539000000000001
2021-09-02,0.0126,0.5591
2021-09-03,0.019700000000000002,0.5662
2021-09-04,0.0263,0.5728
2021-09-05,0.030500000000000003,0.5770000000000001
2021-09-06,0.031100000000000003,0.5776
2021-09-07,0.028,0.5745
2021-09-08,0.0233,0.5698
2021-09-09,0.019200000000000002,0.5657
2021-09-10,0.0182,0.5647
2021-09-11,0.0213,0.5678000000000001
2021-09-12,0.0287,0.5752
2021-09-13,0.0386,0.5851000000000001
2021-09-14,0.0483,0.5948
2021-09-15,0.0551,0.6016
2021-09-16,0.056900000000000006,0.6034
2021-09-17,0.053000000000000005,0.5995
2021-09-18,0.0446,0.5911000000000001
2021-09-19,0.033800000000000004,0.5803
2021-09-20,0.0236,0.5701
2021-09-21,0.016,0.5625
2021-09-22,0.0125,0.559
2021-09-23,0.0123,0.5588000000000001
2021-09-24,0.014100000000000001,0.5606
2021-09-25,0.0162,0.5627
2021-09-26,0.0171,0.5636
2021-09-27,0.0164,0.5629000000000001
2021-09-28,0.014400000000000001,0.5609000000000001
2021-09-29,0.012100000000000001,0.5586
2021-09-30,0.0108,0.5573
2021-10-01,0.011000000000000001,0.5575
2021-10-02,0.013000000000000001,0.5595
2021-10-03,0.016,0.5625
2021-10-04,0.019200000000000002,0.5657
2021-10-05,0.022000000000000002,0.5685
2021-10-06,0.0236,0.5701
2021-10-07,0.0241,0.5706
2021-10-08,0.0241,0.5706
2021-10-09,0.024,0.5705
2021-10-10,0.0246,0.5711
2021-10-11,0.026000000000000002,0.5725
2021-10-12,0.0281,0.5746
2021-10-13,0.030100000000000002,0.5766
2021-10-14,0.0318,0.5783
2021-10-15,0.032100000000000004,0.5786
2021-10-16,0.030600000000000002,0.5771000000000001
2021-10-17,0.027,0.5735
2021-10-18,0.0218,0.5683
2021-10-19,0.0159,0.5624
2021-10-20,0.0108,0.5573
2021-10-21,0.0076,0.5541
2021-10-22,0.0059,0.5524
2021-10-23,0.0048000000000000004,0.5513
2021-10-24,0.003,0.5495
2021-10-25,-0.00030000000000000003,0.5462
2021-10-26,-0.0049,0.5416000000000001
2021-10-27,-0.0094,0.5371
2021-10-28,-0.0128,0.5337000000000001
2021-10-29,-0.0146,0.5319
2021-10-30,-0.0142,0.5323
2021-10-31,-0.012100000000000001,0.5344
2021-11-01,-0.0088,0.5377000000000001
2021-11-02,-0.0049,0.5416000000000001
2021-11-03,-0.0012000000000000001,0.5453
2021-11-04,0.002,0.5485
2021-11-05,0.004,0.5505
2021-11-06,0.0046,0.5511
2021-11-07,0.0036000000000000003,0.5501
2021-11-08,0.0011,0.5476
2021-11-09,-0.0022,0.5443
2021-11-10,-0.006,0.5405
2021-11-11,-0.0095,0.537
2021-11-12,-0.0125,0.534
2021-11-13,-0.0154,0.5311
2021-11-14,-0.0181,0.5284
2021-11-15,-0.0204,0.5261
2021-11-16,-0.022000000000000002,0.5245000000000001
2021-11-17,-0.0221,0.5244
2021-11-18,-0.0207,0.5258
2021-11-19,-0.0181,0.5284
2021-11-20,-0.0148,0.5317000000000001
2021-11-21,-0.0114,0.5351
2021-11-22,-0.0083,0.5382
2021-11-23,-0.0059,0.5406000000000001
2021-11-24,-0.0045000000000000005,0.542
2021-11-25,-0.0043,0.5422
2021-11-26,-0.0051,0.5414
2021-11-27,-0.0068000000000000005,0.5397000000000001
2021-11-28,-0.0083,0.5382
2021-11-29,-0.009300000000000001,0.5372
2021-11-30,-0.0094,0.5371
2021-12-01,-0.008700000000000001,0.5378000000000001
2021-12-02,-0.0081,0.5384
2021-12-03,-0.0077,0.5388000000000001
2021-12-04,-0.008,0.5385
2021-12-05,-0.008700000000000001,0.5378000000000001
2021-12-06,-0.010100000000000001,0.5364
2021-12-07,-0.0118,0.5347000000000001
2021-12-08,-0.0134,0.5331
2021-12-09,-0.014700000000000001,0.5318
2021-12-10,-0.0154,0.5311
2021-12-11,-0.0152,0.5313
2021-12-12,-0.0146,0.5319
2021-12-13,-0.0142,0.5323
2021-12-14,-0.0143,0.5322
2021-12-15,-0.0149,0.5316000000000001
2021-12-16,-0.0161,0.5304
2021-12-17,-0.0173,0.5292
2021-12-18,-0.018000000000000002,0.5285000000000001
2021-12-19,-0.018000000000000002,0.5285000000000001
2021-12-20,-0.016900000000000002,0.5296000000000001
2021-12-21,-0.014700000000000001,0.5318
2021-12-22,-0.0117,0.5348
2021-12-23,-0.0083,0.5382
2021-12-24,-0.005200000000000001,0.5413
2021-12-25,-0.0027,0.5438000000000001
2021-12-26,-0.0009000000000000001,0.5456
2021-12-27,0.0007,0.5472
2021-12-28,0.0029000000000000002,0.5494
2021-12-29,0.0059,0.5524
2021-12-30,0.010100000000000001,0.5566
2021-12-31,0.0146,0.5611
2022-01-01,0.019200000000000002,0.5657
2022-01-02,0.0227,0.5692
2022-01-03,0.0252,0.5717
2022-01-04,0.0268,0.5733
2022-01-05,0.027600000000000003,0.5741
2022-01-06,0.0284,0.5749000000000001
2022-01-07,0.0296,0.5761000000000001
2022-01-08,0.031200000000000002,0.5777
2022-01-09,0.032600000000000004,0.5791000000000001
2022-01-10,0.033100000000000004,0.5796
2022-01-11,0.032100000000000004,0.5786
2022-01-12,0.029400000000000003,0.5759000000000001
2022-01-13,0.0256,0.5721
2022-01-14,0.021400000000000002,0.5679000000000001
2022-01-15,0.018000000000000002,0.5645
2022-01-16,0.0158,0.5623
2022-01-17,0.0149,0.5614
2022-01-18,0.015000000000000001,0.5615
2022-01-19,0.0155,0.562
2022-01-20,0.0159,0.5624
2022-01-21,0.016,0.5625
2022-01-22,0.0158,0.5623
2022-01-23,0.016,0.5625
2022-01-24,0.0171,0.5636
2022-01-25,0.0198,0.5663
2022-01-26,0.024300000000000002,0.5708
2022-01-27,0.030000000000000002,0.5765
2022-01-28,0.0364,0.5829
2022-01-29,0.042,0.5885
2022-01-30,0.046200000000000005,0.5927
2022-01-31,0.048400000000000006,0.5949
2022-02-01,0.0487,0.5952000000000001
2022-02-02,0.0482,0.5947
2022-02-03,0.0473,0.5938
2022-02-04,0.0471,0.5936
2022-02-05,0.047900000000000005,0.5944
2022-02-06,0.0506,0.5971000000000001
2022-02-07,0.0551,0.6016
2022-02-08,0.060700000000000004,0.6072000000000001
2022-02-09,0.067,0.6135
2022-02-10,0.0728,0.6193000000000001
2022-02-11,0.0779,0.6244000000000001
2022-02-12,0.0823,0.6288
2022-02-13,0.0867,0.6332
2022-02-14,0.0918,0.6383
2022-02-15,0.09730000000000001,0.6438
2022-02-16,0.10250000000000001,0.649
2022-02-17,0.1063,0.6528
2022-02-18,0.1082,0.6547000000000001
2022-02-19,0.1081,0.6546000000000001
2022-02-20,0.1063,0.6528
2022-02-21,0.10350000000000001,0.65
2022-02-22,0.1003,0.6468
2022-02-23,0.0978,0.6443
2022-02-24,0.09670000000000001,0.6432
2022-02-25,0.0976,0.6441
2022-02-26,0.1003,0.6468
2022-02-27,0.1044,0.6509
2022-02-28,0.10880000000000001,0.6553
2022-03-01,0.1135,0.66
2022-03-02,0.11810000000000001,0.6646000000000001
2022-03-03,0.12340000000000001,0.6699
2022-03-04,0.13,0.6765
2022-03-05,0.138,0.6845
2022-03-06,0.1472,0.6937
2022-03-07,0.1564,0.7029000000000001
2022-03-08,0.16440000000000002,0.7109000000000001
2022-03-09,0.1704,0.7169
2022-03-10,0.17370000000000002,0.7202000000000001
2022-03-11,0.17500000000000002,0.7215
2022-03-12,0.1746,0.7211000000000001
2022-03-13,0.1739,0.7204
2022-03-14,0.1731,0.7196
2022-03-15,0.1728,0.7193
2022-03-16,0.1728,0.7193
2022-03-17,0.17250000000000001,0.7190000000000001
2022-03-18,0.1713,0.7178
2022-03-19,0.16870000000000002,0.7152000000000001
2022-03-20,0.16390000000000002,0.7104
2022-03-21,0.1569,0.7034
2022-03-22,0.1484,0.6949000000000001
2022-03-23,0.1393,0.6858000000000001
2022-03-24,0.1303,0.6768000000000001
2022-03-25,0.1226,0.6691
2022-03-26,0.11620000000000001,0.6627000000000001
2022-03-27,0.1109,0.6574
2022-03-28,0.1061,0.6526000000000001
2022-03-29,0.10160000000000001,0.6481
2022-03-30,0.09680000000000001,0.6433
2022-03-31,0.0918,0.6383
2022-04-01,0.08660000000000001,0.6331
2022-04-02,0.0818,0.6283000000000001
2022-04-03,0.0776,0.6241
2022-04-04,0.0743,0.6208
2022-04-05,0.07200000000000001,0.6185
2022-04-06,0.07050000000000001,0.617
2022-04-07,0.06960000000000001,0.6161
2022-04-08,0.0689,0.6154000000000001
2022-04-09,0.0678,0.6143000000000001
2022-04-10,0.0654,0.6119
2022-04-11,0.0613,0.6078
2022-04-12,0.055400000000000005,0.6019
2022-04-13,0.0485,0.595
2022-04-14,0.041,0.5875
2022-04-15,0.034,0.5805
2022-04-16,0.0284,0.5749000000000001
2022-04-17,0.0241,0.5706
2022-04-18,0.0216,0.5681
2022-04-19,0.0206,0.5671
2022-04-20,0.0207,0.5672
2022-04-21,0.0216,0.5681
2022-04-22,0.0227,0.5692
2022-04-23,0.0241,0.5706
2022-04-24,0.0257,0.5722
2022-04-25,0.028300000000000002,0.5748
2022-04-26,0.0322,0.5787
2022-04-27,0.0369,0.5834
2022-04-28,0.0425,0.5890000000000001
2022-04-29,0.0482,0.5947
2022-04-30,0.0534,0.5999
2022-05-01,0.0574,0.6039
2022-05-02,0.060500000000000005,0.607
2022-05-03,0.0629,0.6094
2022-05-04,0.0649,0.6114
2022-05-05,0.0669,0.6134000000000001
2022-05-06,0.0687,0.6152000000000001
2022-05-07,0.07010000000000001,0.6166
2022-05-08,0.0703,0.6168
2022-05-09,0.0699,0.6164000000000001
2022-05-10,0.0688,0.6153000000000001
2022-05-11,0.0679,0.6144000000000001
2022-05-12,0.0678,0.6143000000000001
2022-05-13,0.0697,0.6162000000000001
2022-05-14,0.07400000000000001,0.6205
2022-05-15,0.08020000000000001,0.6267
2022-05-16,0.0879,0.6344000000000001
2022-05-17,0.0952,0.6417
2022-05-18,0.1009,0.6474000000000001
2022-05-19,0.1043,0.6508
2022-05-20,0.10550000000000001,0.652
2022-05-21,0.1056,0.6521
2022-05-22,0.1056,0.6521
2022-05-23,0.10650000000000001,0.653
2022-05-24,0.10840000000000001,0.6549
2022-05-25,0.111,0.6575000000000001
2022-05-26,0.1135,0.66
2022-05-27,0.1153,0.6618
2022-05-28,0.1155,0.662
2022-05-29,0.1139,0.6604
2022-05-30,0.1109,0.6574
2022-05-31,0.1071,0.6536000000000001
2022-06-01,0.10310000000000001,0.6496000000000001
2022-06-02,0.0998,0.6463
2022-06-03,0.0975,0.644
2022-06-04,0.096,0.6425000000000001
2022-06-05,0.0954,0.6419
2022-06-06,0.0952,0.6417
2022-06-07,0.09480000000000001,0.6413
2022-06-08,0.0937,0.6402
2022-06-09,0.0915,0.638
2022-06-10,0.0884,0.6349
2022-06-11,0.0848,0.6313000000000001
2022-06-12,0.08170000000000001,0.6282
2022-06-13,0.0801,0.6266
2022-06-14,0.08,0.6265000000000001
2022-06-15,0.08080000000000001,0.6273000000000001
2022-06-16,0.0811,0.6276
2022-06-17,0.07970000000000001,0.6262
2022-06-18,0.07590000000000001,0.6224000000000001
2022-06-19,0.0703,0.6168
2022-06-20,0.0637,0.6102000000000001
2022-06-21,0.0577,0.6042000000000001
2022-06-22,0.0534,0.5999
2022-06-23,0.051800000000000006,0.5983
2022-06-24,0.0533,0.5998
2022-06-25,0.057300000000000004,0.6038
2022-06-26,0.0627,0.6092000000000001
2022-06-27,0.0684,0.6149
2022-06-28,0.0731,0.6196
2022-06-29,0.0765,0.623
2022-06-30,0.07830000000000001,0.6248
2022-07-01,0.0794,0.6259
2022-07-02,0.0806,0.6271
2022-07-03,0.083,0.6295000000000001
2022-07-04,0.0869,0.6334000000000001
2022-07-05,0.0917,0.6382
2022-07-06,0.09670000000000001,0.6432
2022-07-07,0.1004,0.6469
2022-07-08,0.1024,0.6489
2022-07-09,0.10300000000000001,0.6495000000000001
2022-07-10,0.1029,0.6494
2022-07-11,0.1027,0.6492
2022-07-12,0.1027,0.6492
2022-07-13,0.10250000000000001,0.649
2022-07-14,0.1014,0.6479
2022-07-15,0.0984,0.6449
2022-07-16,0.0935,0.64
2022-07-17,0.0872,0.6337
2022-07-18,0.08,0.6265000000000001
2022-07-19,0.07300000000000001,0.6195
2022-07-20,0.067,0.6135
2022-07-21,0.0627,0.6092000000000001
2022-07-22,0.060500000000000005,0.607
2022-07-23,0.060200000000000004,0.6067
2022-07-24,0.061500000000000006,0.608
2022-07-25,0.0637,0.6102000000000001
2022-07-26,0.0653,0.6118
2022-07-27,0.0655,0.612
2022-07-28,0.0631,0.6096
2022-07-29,0.057800000000000004,0.6043000000000001
2022-07-30,0.0506,0.5971000000000001
2022-07-31,0.0429,0.5894
2022-08-01,0.036500000000000005,0.5830000000000001
2022-08-02,0.0323,0.5788
2022-08-03,0.0307,0.5772
2022-08-04,0.0308,0.5773
2022-08-05,0.031900000000000005,0.5784
2022-08-06,0.033,0.5795
2022-08-07,0.0335,0.5800000000000001
2022-08-08,0.0332,0.5797
2022-08-09,0.032100000000000004,0.5786
2022-08-10,0.030500000000000003,0.5770000000000001
2022-08-11,0.028900000000000002,0.5754
2022-08-12,0.027200000000000002,0.5737
2022-08-13,0.025500000000000002,0.5720000000000001
2022-08-14,0.0235,0.5700000000000001
2022-08-15,0.021400000000000002,0.5679000000000001
2022-08-16,0.018600000000000002,0.5651
2022-08-17,0.0154,0.5619000000000001
2022-08-18,0.012100000000000001,0.5586
2022-08-19,0.0086,0.5551
2022-08-20,0.0056,0.5521
2022-08-21,0.0034000000000000002,0.5499
2022-08-22,0.0025,0.549
2022-08-23,0.0026000000000000003,0.5491
2022-08-24,0.0039000000000000003,0.5504
2022-08-25,0.0058000000000000005,0.5523
2022-08-26,0.008,0.5545
2022-08-27,0.0099,0.5564
2022-08-28,0.011000000000000001,0.5575
2022-08-29,0.011000000000000001,0.5575
2022-08-30,0.0097,0.5562
2022-08-31,0.0074,0.5539000000000001
2022-09-01,0.004200000000000001,0.5507000000000001
2022-09-02,0.0008,0.5473
2022-09-03,-0.0028,0.5437000000000001
2022-09-04,-0.0057,0.5408000000000001
2022-09-05,-0.0074,0.5391
2022-09-06,-0.0083,0.5382
2022-09-07,-0.0089,0.5376000000000001
2022-09-08,-0.010100000000000001,0.5364
2022-09-09,-0.012,0.5345
2022-09-10,-0.0149,0.5316000000000001
2022-09-11,-0.0179,0.5286000000000001
2022-09-12,-0.020200000000000003,0.5263
2022-09-13,-0.020900000000000002,0.5256000000000001
2022-09-14,-0.0193,0.5272
2022-09-15,-0.0151,0.5314
2022-09-16,-0.0088,0.5377000000000001
2022-09-17,-0.0019,0.5446
2022-09-18,0.0034000000000000002,0.5499
2022-09-19,0.0059,0.5524
2022-09-20,0.0047,0.5512
2022-09-21,0.0007,0.5472
2022-09-22,-0.0047,0.5418000000000001
2022-09-23,-0.01,0.5365
2022-09-24,-0.014100000000000001,0.5324
2022-09-25,-0.0165,0.53
2022-09-26,-0.0171,0.5294
2022-09-27,-0.015700000000000002,0.5308
2022-09-28,-0.012700000000000001,0.5338
2022-09-29,-0.008700000000000001,0.5378000000000001
2022-09-30,-0.004,0.5425
2022-10-01,0.0004,0.5469
2022-10-02,0.0048000000000000004,0.5513
2022-10-03,0.0083,0.5548000000000001
2022-10-04,0.0109,0.5574
2022-10-05,0.0118,0.5583
2022-10-06,0.0117,0.5582
2022-10-07,0.0112,0.5577
2022-10-08,0.0111,0.5576
2022-10-09,0.012100000000000001,0.5586
2022-10-10,0.013900000000000001,0.5604
2022-10-11,0.016,0.5625
2022-10-12,0.0171,0.5636
2022-10-13,0.016900000000000002,0.5634
2022-10-14,0.0151,0.5616
2022-10-15,0.012100000000000001,0.5586
2022-10-16,0.008700000000000001,0.5552
2022-10-17,0.0056,0.5521
2022-10-18,0.0037,0.5502
2022-10-19,0.0033,0.5498000000000001
2022-10-20,0.0041,0.5506
2022-10-21,0.0053,0.5518000000000001
2022-10-22,0.0058000000000000005,0.5523
2022-10-23,0.0047,0.5512
2022-10-24,0.0019,0.5484
2022-10-25,-0.0021000000000000003,0.5444
2022-10-26,-0.0058000000000000005,0.5407000000000001
2022-10-27,-0.008,0.5385
2022-10-28,-0.0074,0.5391
2022-10-29,-0.0039000000000000003,0.5426
2022-10-30,0.0017000000000000001,0.5482
2022-10-31,0.008,0.5545
2022-11-01,0.0132,0.5597
2022-11-02,0.0162,0.5627
2022-11-03,0.0166,0.5631
2022-11-04,0.015000000000000001,0.5615
2022-11-05,0.012700000000000001,0.5592
2022-11-06,0.0111,0.5576
2022-11-07,0.0112,0.5577
2022-11-08,0.013300000000000001,0.5598000000000001
2022-11-09,0.0172,0.5637
2022-11-10,0.0217,0.5682
2022-11-11,0.025900000000000003,0.5724
2022-11-12,0.028300000000000002,0.5748
2022-11-13,0.0284,0.5749000000000001
2022-11-14,0.0258,0.5723
2022-11-15,0.0207,0.5672
2022-11-16,0.0148,0.5613
2022-11-17,0.0094,0.5559000000000001
2022-11-18,0.0057,0.5522
2022-11-19,0.0044,0.5509000000000001
2022-11-20,0.0047,0.5512
2022-11-21,0.0059,0.5524
2022-11-22,0.007,0.5535
2022-11-23,0.0076,0.5541
2022-11-24,0.008,0.5545
2022-11-25,0.008,0.5545
2022-11-26,0.0079,0.5544
2022-11-27,0.0073,0.5538000000000001
2022-11-28,0.0063,0.5528000000000001
2022-11-29,0.005200000000000001,0.5517000000000001
2022-11-30,0.004200000000000001,0.5507000000000001
2022-12-01,0.0032,0.5497000000000001
2022-12-02,0.0028,0.5493
2022-12-03,0.0032,0.5497000000000001
2022-12-04,0.0048000000000000004,0.5513
2022-12-05,0.0073,0.5538000000000001
2022-12-06,0.0103,0.5568000000000001
2022-12-07,0.0131,0.5596
2022-12-08,0.015000000000000001,0.5615
2022-12-09,0.0159,0.5624
2022-12-10,0.016,0.5625
2022-12-11,0.015600000000000001,0.5621
2022-12-12,0.0154,0.5619000000000001
2022-12-13,0.0154,0.5619000000000001
2022-12-14,0.0155,0.562
2022-12-15,0.015700000000000002,0.5622
2022-12-16,0.0164,0.5629000000000001
2022-12-17,0.0178,0.5643
2022-12-18,0.0198,0.5663
2022-12-19,0.0222,0.5687
2022-12-20,0.024900000000000002,0.5714
2022-12-21,0.027600000000000003,0.5741
2022-12-22,0.0307,0.5772
2022-12-23,0.034800000000000005,0.5813
2022-12-24,0.0398,0.5863
2022-12-25,0.0459,0.5924
2022-12-26,0.0523,0.5988
2022-12-27,0.0582,0.6047
2022-12-28,0.06280000000000001,0.6093000000000001
2022-12-29,0.0656,0.6121
2022-12-30,0.0665,0.613
2022-12-31,0.0663,0.6128
2023-01-01,0.0663,0.6128
2023-01-02,0.0675,0.614
2023-01-03,0.0709,0.6174000000000001
2023-01-04,0.07640000000000001,0.6229
2023-01-05,0.08320000000000001,0.6297
2023-01-06,0.09050000000000001,0.637
2023-01-07,0.09720000000000001,0.6437
2023-01-08,0.1027,0.6492
2023-01-09,0.1068,0.6533
2023-01-10,0.10940000000000001,0.6559
2023-01-11,0.11030000000000001,0.6568
2023-01-12,0.1102,0.6567000000000001
2023-01-13,0.1091,0.6556000000000001
2023-01-14,0.1077,0.6542
2023-01-15,0.10650000000000001,0.653
2023-01-16,0.1057,0.6522
2023-01-17,0.10500000000000001,0.6515000000000001
2023-01-18,0.1043,0.6508
2023-01-19,0.1034,0.6499
2023-01-20,0.1024,0.6489
2023-01-21,0.101,0.6475000000000001
2023-01-22,0.09920000000000001,0.6457
2023-01-23,0.0975,0.644
2023-01-24,0.096,0.6425000000000001
2023-01-25,0.0951,0.6416000000000001
2023-01-26,0.09480000000000001,0.6413
2023-01-27,0.09480000000000001,0.6413
2023-01-28,0.09480000000000001,0.6413
2023-01-29,0.09480000000000001,0.6413
2023-01-30,0.0951,0.6416000000000001
2023-01-31,0.09570000000000001,0.6422
2023-02-01,0.0971,0.6436000000000001
2023-02-02,0.09910000000000001,0.6456000000000001
2023-02-03,0.1012,0.6477
2023-02-04,0.10260000000000001,0.6491
2023-02-05,0.10300000000000001,0.6495000000000001
2023-02-06,0.1023,0.6488
2023-02-07,0.1012,0.6477
2023-02-08,0.10010000000000001,0.6466000000000001
2023-02-09,0.0999,0.6464000000000001
2023-02-10,0.101,0.6475000000000001
2023-02-11,0.10310000000000001,0.6496000000000001
2023-02-12,0.1058,0.6523
2023-02-13,0.10880000000000001,0.6553
2023-02-14,0.11130000000000001,0.6578
2023-02-15,0.1136,0.6601
2023-02-16,0.11520000000000001,0.6617000000000001
2023-02-17,0.11670000000000001,0.6632
2023-02-18,0.1183,0.6648000000000001
2023-02-19,0.1198,0.6663
2023-02-20,0.1212,0.6677000000000001
2023-02-21,0.12190000000000001,0.6684
2023-02-22,0.12150000000000001,0.668
2023-02-23,0.11950000000000001,0.666
2023-02-24,0.11610000000000001,0.6626000000000001
2023-02-25,0.1116,0.6581
2023-02-26,0.1071,0.6536000000000001
2023-02-27,0.1033,0.6498
2023-02-28,0.1013,0.6478
2023-03-01,0.1013,0.6478
2023-03-02,0.10350000000000001,0.65
2023-03-03,0.1075,0.654
2023-03-04,0.11270000000000001,0.6592
2023-03-05,0.11910000000000001,0.6656000000000001
2023-03-06,0.1264,0.6729
2023-03-07,0.1343,0.6808000000000001
2023-03-08,0.1426,0.6891
2023-03-09,0.15130000000000002,0.6978000000000001
2023-03-10,0.1598,0.7063
2023-03-11,0.1681,0.7146
2023-03-12,0.1757,0.7222000000000001
2023-03-13,0.1821,0.7286
2023-03-14,0.18680000000000002,0.7333000000000001
2023-03-15,0.1895,0.736
2023-03-16,0.1905,0.737
2023-03-17,0.19010000000000002,0.7366
2023-03-18,0.1885,0.735
2023-03-19,0.18580000000000002,0.7323000000000001
2023-03-20,0.1821,0.7286
2023-03-21,0.17750000000000002,0.7240000000000001
2023-03-22,0.1726,0.7191000000000001
2023-03-23,0.168,0.7145
2023-03-24,0.16440000000000002,0.7109000000000001
2023-03-25,0.1625,0.7090000000000001
2023-03-26,0.1625,0.7090000000000001
2023-03-27,0.1647,0.7112
2023-03-28,0.1685,0.7150000000000001
2023-03-29,0.17320000000000002,0.7197
2023-03-30,0.1773,0.7238
2023-03-31,0.1797,0.7262000000000001
2023-04-01,0.18030000000000002,0.7268
2023-04-02,0.1791,0.7256
2023-04-03,0.1778,0.7243
2023-04-04,0.1774,0.7239
2023-04-05,0.1789,0.7254
2023-04-06,0.1824,0.7289
2023-04-07,0.1874,0.7339
2023-04-08,0.19260000000000002,0.7391000000000001
2023-04-09,0.19690000000000002,0.7434000000000001
2023-04-10,0.19920000000000002,0.7457
2023-04-11,0.19970000000000002,0.7462000000000001
2023-04-12,0.1991,0.7456
2023-04-13,0.19840000000000002,0.7449
2023-04-14,0.19890000000000002,0.7454000000000001
2023-04-15,0.201,0.7475
2023-04-16,0.2046,0.7511
2023-04-17,0.2093,0.7558
2023-04-18,0.21430000000000002,0.7608
2023-04-19,0.2197,0.7662
2023-04-20,0.22490000000000002,0.7714000000000001
2023-04-21,0.2298,0.7763
2023-04-22,0.2341,0.7806000000000001
2023-04-23,0.2378,0.7843
2023-04-24,0.24100000000000002,0.7875000000000001
2023-04-25,0.2436,0.7901
2023-04-26,0.2461,0.7926000000000001
2023-04-27,0.2487,0.7952
2023-04-28,0.2523,0.7988000000000001
2023-04-29,0.2577,0.8042
2023-04-30,0.2652,0.8117000000000001
2023-05-01,0.2745,0.8210000000000001
2023-05-02,0.28450000000000003,0.8310000000000001
2023-05-03,0.2934,0.8399000000000001
2023-05-04,0.2998,0.8463
2023-05-05,0.3023,0.8488
2023-05-06,0.3012,0.8477
2023-05-07,0.29700000000000004,0.8435
2023-05-08,0.2907,0.8372
2023-05-09,0.2837,0.8302
2023-05-10,0.2768,0.8233
2023-05-11,0.271,0.8175
2023-05-12,0.2666,0.8131
2023-05-13,0.2637,0.8102
2023-05-14,0.2615,0.808
2023-05-15,0.2594,0.8059000000000001
2023-05-16,0.25720000000000004,0.8037000000000001
2023-05-17,0.2544,0.8009000000000001
2023-05-18,0.2514,0.7979
2023-05-19,0.2485,0.795
2023-05-20,0.2466,0.7931
2023-05-21,0.24630000000000002,0.7928000000000001
2023-05-22,0.2482,0.7947000000000001
2023-05-23,0.25270000000000004,0.7992
2023-05-24,0.25930000000000003,0.8058000000000001
2023-05-25,0.2665,0.8130000000000001
2023-05-26,0.2727,0.8192
2023-05-27,0.2766,0.8231
2023-05-28,0.277,0.8235
2023-05-29,0.2742,0.8207
2023-05-30,0.26880000000000004,0.8153
2023-05-31,0.262,0.8085
2023-06-01,0.255,0.8015
2023-06-02,0.2489,0.7954
2023-06-03,0.2441,0.7906000000000001
2023-06-04,0.2411,0.7876000000000001
2023-06-05,0.23920000000000002,0.7857000000000001
2023-06-06,0.23820000000000002,0.7847000000000001
2023-06-07,0.23720000000000002,0.7837000000000001
2023-06-08,0.2358,0.7823
2023-06-09,0.2336,0.7801
2023-06-10,0.23040000000000002,0.7769
2023-06-11,0.2263,0.7728
2023-06-12,0.22160000000000002,0.7681
2023-06-13,0.2174,0.7639
2023-06-14,0.2147,0.7612
2023-06-15,0.2144,0.7609
2023-06-16,0.2165,0.763
2023-06-17,0.21980000000000002,0.7663000000000001
2023-06-18,0.2228,0.7693
2023-06-19,0.2242,0.7707
2023-06-20,0.2235,0.77
2023-06-21,0.22110000000000002,0.7676000000000001
2023-06-22,0.21880000000000002,0.7653000000000001
2023-06-23,0.2179,0.7644000000000001
2023-06-24,0.2192,0.7657
2023-06-25,0.22310000000000002,0.7696000000000001
2023-06-26,0.2286,0.7751
2023-06-27,0.23470000000000002,0.7812
2023-06-28,0.2399,0.7864
2023-06-29,0.24380000000000002,0.7903
2023-06-30,0.24580000000000002,0.7923
2023-07-01,0.24680000000000002,0.7933
2023-07-02,0.2474,0.7939
2023-07-03,0.24830000000000002,0.7948000000000001
2023-07-04,0.2497,0.7962
2023-07-05,0.2513,0.7978000000000001
2023-07-06,0.2523,0.7988000000000001
2023-07-07,0.2523,0.7988000000000001
2023-07-08,0.2509,0.7974
2023-07-09,0.24780000000000002,0.7943
2023-07-10,0.2436,0.7901
2023-07-11,0.23820000000000002,0.7847000000000001
2023-07-12,0.23220000000000002,0.7787000000000001
2023-07-13,0.22540000000000002,0.7719
2023-07-14,0.21860000000000002,0.7651
2023-07-15,0.21180000000000002,0.7583000000000001
2023-07-16,0.20550000000000002,0.752
2023-07-17,0.2001,0.7466
2023-07-18,0.1958,0.7423000000000001
2023-07-19,0.1927,0.7392000000000001
2023-07-20,0.1903,0.7368
2023-07-21,0.18760000000000002,0.7341000000000001
2023-07-22,0.18380000000000002,0.7303000000000001
2023-07-23,0.1781,0.7246
2023-07-24,0.17020000000000002,0.7167
2023-07-25,0.16090000000000002,0.7074
2023-07-26,0.15130000000000002,0.6978000000000001
2023-07-27,0.1428,0.6893
2023-07-28,0.13620000000000002,0.6827000000000001
2023-07-29,0.1316,0.6781
2023-07-30,0.1288,0.6753
2023-07-31,0.1273,0.6738000000000001
2023-08-01,0.12660000000000002,0.6731
2023-08-02,0.1262,0.6727000000000001
2023-08-03,0.12560000000000002,0.6721
2023-08-04,0.1241,0.6706000000000001
2023-08-05,0.12200000000000001,0.6685
2023-08-06,0.11910000000000001,0.6656000000000001
2023-08-07,0.1158,0.6623
2023-08-08,0.1125,0.659
2023-08-09,0.109,0.6555000000000001
2023-08-10,0.1053,0.6518
2023-08-11,0.1018,0.6483
2023-08-12,0.09910000000000001,0.6456000000000001
2023-08-13,0.0983,0.6448
2023-08-14,0.09970000000000001,0.6462
2023-08-15,0.1028,0.6493
2023-08-16,0.1061,0.6526000000000001
2023-08-17,0.1078,0.6543
2023-08-18,0.10740000000000001,0.6539
2023-08-19,0.1056,0.6521
2023-08-20,0.10400000000000001,0.6505000000000001
2023-08-21,0.1044,0.6509
2023-08-22,0.1076,0.6541
2023-08-23,0.11320000000000001,0.6597000000000001
2023-08-24,0.1199,0.6664
2023-08-25,0.1258,0.6723
2023-08-26,0.1297,0.6762
2023-08-27,0.13040000000000002,0.6769000000000001
2023-08-28,0.1285,0.675
2023-08-29,0.1252,0.6717000000000001
2023-08-30,0.12200000000000001,0.6685
2023-08-31,0.12050000000000001,0.667
2023-09-01,0.1213,0.6678000000000001
2023-09-02,0.124,0.6705
2023-09-03,0.1272,0.6737000000000001
2023-09-04,0.1296,0.6761
2023-09-05,0.131,0.6775
2023-09-06,0.13140000000000002,0.6779000000000001
2023-09-07,0.1312,0.6777000000000001
2023-09-08,0.1307,0.6772
2023-09-09,0.12990000000000002,0.6764
2023-09-10,0.1287,0.6752
2023-09-11,0.127,0.6735
2023-09-12,0.12440000000000001,0.6709
2023-09-13,0.1206,0.6671
2023-09-14,0.1159,0.6624
2023-09-15,0.1105,0.657
2023-09-16,0.1056,0.6521
2023-09-17,0.10260000000000001,0.6491
2023-09-18,0.10200000000000001,0.6485000000000001
2023-09-19,0.1038,0.6503
2023-09-20,0.10690000000000001,0.6534
2023-09-21,0.10990000000000001,0.6564
2023-09-22,0.1119,0.6584
2023-09-23,0.11320000000000001,0.6597000000000001
2023-09-24,0.11420000000000001,0.6607000000000001
2023-09-25,0.11510000000000001,0.6616000000000001
2023-09-26,0.1163,0.6628000000000001
2023-09-27,0.1169,0.6634
2023-09-28,0.11710000000000001,0.6636000000000001
2023-09-29,0.1164,0.6629
2023-09-30,0.1154,0.6619
2023-10-01,0.1149,0.6614
2023-10-02,0.1153,0.6618
2023-10-03,0.11750000000000001,0.664
2023-10-04,0.1202,0.6667000000000001
2023-10-05,0.1231,0.6696000000000001
2023-10-06,0.12490000000000001,0.6714
2023-10-07,0.12510000000000002,0.6716000000000001
2023-10-08,0.12390000000000001,0.6704
2023-10-09,0.12190000000000001,0.6684
2023-10-10,0.11950000000000001,0.666
2023-10-11,0.11720000000000001,0.6637000000000001
2023-10-12,0.1149,0.6614
2023-10-13,0.11270000000000001,0.6592
2023-10-14,0.1109,0.6574
2023-10-15,0.11,0.6565000000000001
2023-10-16,0.11030000000000001,0.6568
2023-10-17,0.1121,0.6586000000000001
2023-10-18,0.115,0.6615
2023-10-19,0.1182,0.6647000000000001
2023-10-20,0.12090000000000001,0.6674
2023-10-21,0.1221,0.6686000000000001
2023-10-22,0.12140000000000001,0.6679
2023-10-23,0.1187,0.6652
2023-10-24,0.1148,0.6613
2023-10-25,0.11030000000000001,0.6568
2023-10-26,0.1062,0.6527000000000001
2023-10-27,0.1032,0.6497
2023-10-28,0.1023,0.6488
2023-10-29,0.1046,0.6511
2023-10-30,0.10990000000000001,0.6564
2023-10-31,0.1179,0.6644
2023-11-01,0.1269,0.6734
2023-11-02,0.1355,0.682
2023-11-03,0.1423,0.6888000000000001
2023-11-04,0.1461,0.6926
2023-11-05,0.1467,0.6932
2023-11-06,0.1443,0.6908000000000001
2023-11-07,0.1401,0.6866
2023-11-08,0.1355,0.682
2023-11-09,0.13190000000000002,0.6784
2023-11-10,0.12990000000000002,0.6764
2023-11-11,0.129,0.6755
2023-11-12,0.12810000000000002,0.6746
2023-11-13,0.126,0.6725
2023-11-14,0.1231,0.6696000000000001
2023-11-15,0.12050000000000001,0.667
2023-11-16,0.1194,0.6659
2023-11-17,0.1217,0.6682
2023-11-18,0.128,0.6745
2023-11-19,0.1381,0.6846
2023-11-20,0.1507,0.6972
2023-11-21,0.1637,0.7102
2023-11-22,0.1748,0.7213
2023-11-23,0.18230000000000002,0.7288
2023-11-24,0.1855,0.732
2023-11-25,0.18510000000000001,0.7316
2023-11-26,0.18230000000000002,0.7288
2023-11-27,0.17880000000000001,0.7253000000000001
2023-11-28,0.1764,0.7229
2023-11-29,0.1754,0.7219
2023-11-30,0.1761,0.7226
2023-12-01,0.1778,0.7243
2023-12-02,0.1799,0.7264
2023-12-03,0.1819,0.7284
2023-12-04,0.1835,0.73
2023-12-05,0.18480000000000002,0.7313000000000001
2023-12-06,0.18610000000000002,0.7326
2023-12-07,0.1875,0.734
2023-12-08,0.1889,0.7354
2023-12-09,0.1902,0.7367
2023-12-10,0.19090000000000001,0.7374
2023-12-11,0.19110000000000002,0.7376
2023-12-12,0.1904,0.7369
2023-12-13,0.1894,0.7359
2023-12-14,0.18910000000000002,0.7356
2023-12-15,0.1903,0.7368
2023-12-16,0.19390000000000002,0.7404000000000001
2023-12-17,0.19920000000000002,0.7457
2023-12-18,0.20550000000000002,0.752
2023-12-19,0.21150000000000002,0.758
2023-12-20,0.2157,0.7622
2023-12-21,0.2174,0.7639
2023-12-22,0.2165,0.763
2023-12-23,0.21330000000000002,0.7598
2023-12-24,0.2089,0.7554000000000001
2023-12-25,0.2044,0.7509
2023-12-26,0.2006,0.7471
2023-12-27,0.19740000000000002,0.7439
2023-12-28,0.1947,0.7412000000000001
2023-12-29,0.19140000000000001,0.7379
2023-12-30,0.1869,0.7334
2023-12-31,0.18080000000000002,0.7273000000000001
2024-01-01,0.17220000000000002,0.7187
2024-01-02,0.1633,0.7098
2024-01-03,0.1549,0.7014
2024-01-04,0.14750000000000002,0.6940000000000001
2024-01-05,0.14150000000000001,0.6880000000000001
2024-01-06,0.1361,0.6826
2024-01-07,0.1308,0.6773
2024-01-08,0.12480000000000001,0.6713
2024-01-09,0.1188,0.6653
2024-01-10,0.1139,0.6604
2024-01-11,0.1116,0.6581
2024-01-12,0.11220000000000001,0.6587000000000001
2024-01-13,0.116,0.6625
2024-01-14,0.12250000000000001,0.669
2024-01-15,0.13040000000000002,0.6769000000000001
2024-01-16,0.1388,0.6853
2024-01-17,0.1464,0.6929000000000001
2024-01-18,0.1526,0.6991
2024-01-19,0.1568,0.7033
2024-01-20,0.1587,0.7052
2024-01-21,0.1589,0.7054
2024-01-22,0.1579,0.7044
2024-01-23,0.1568,0.7033
2024-01-24,0.15660000000000002,0.7031000000000001
2024-01-25,0.15810000000000002,0.7046
2024-01-26,0.16140000000000002,0.7079000000000001
2024-01-27,0.166,0.7125
2024-01-28,0.1704,0.7169
2024-01-29,0.1728,0.7193
2024-01-30,0.1715,0.7180000000000001
2024-01-31,0.166,0.7125
2024-02-01,0.1567,0.7032
2024-02-02,0.14500000000000002,0.6915
2024-02-03,0.13290000000000002,0.6794
2024-02-04,0.1222,0.6687000000000001
2024-02-05,0.114,0.6605000000000001
2024-02-06,0.10830000000000001,0.6548
2024-02-07,0.1038,0.6503
2024-02-08,0.09960000000000001,0.6461
2024-02-09,0.09430000000000001,0.6408
2024-02-10,0.0879,0.6344000000000001
2024-02-11,0.0806,0.6271
2024-02-12,0.0734,0.6199
2024-02-13,0.0674,0.6139
2024-02-14,0.06280000000000001,0.6093000000000001
2024-02-15,0.059500000000000004,0.606
2024-02-16,0.0568,0.6033000000000001
2024-02-17,0.054,0.6005
2024-02-18,0.051000000000000004,0.5975
2024-02-19,0.048100000000000004,0.5946
2024-02-20,0.046,0.5925
2024-02-21,0.0453,0.5918
2024-02-22,0.0458,0.5923
2024-02-23,0.0473,0.5938
2024-02-24,0.049300000000000004,0.5958
2024-02-25,0.0507,0.5972000000000001
2024-02-26,0.0504,0.5969
2024-02-27,0.047900000000000005,0.5944
2024-02-28,0.0431,0.5896
2024-02-29,0.0371,0.5836
2024-03-01,0.031200000000000002,0.5777
2024-03-02,0.027100000000000003,0.5736
2024-03-03,0.0262,0.5727
2024-03-04,0.028900000000000002,0.5754
2024-03-05,0.0346,0.5811000000000001
2024-03-06,0.041800000000000004,0.5883
2024-03-07,0.048400000000000006,0.5949
2024-03-08,0.053200000000000004,0.5997
2024-03-09,0.055200000000000006,0.6017
2024-03-10,0.055200000000000006,0.6017
2024-03-11,0.0543,0.6008
2024-03-12,0.054400000000000004,0.6009
2024-03-13,0.056400000000000006,0.6029
2024-03-14,0.0603,0.6068
2024-03-15,0.0655,0.612
2024-03-16,0.0709,0.6174000000000001
2024-03-17,0.0756,0.6221
2024-03-18,0.0786,0.6251
2024-03-19,0.07980000000000001,0.6263000000000001
2024-03-20,0.079,0.6255000000000001
2024-03-21,0.0767,0.6232
2024-03-22,0.0737,0.6202000000000001
2024-03-23,0.0711,0.6176
2024-03-24,0.0704,0.6169
2024-03-25,0.0719,0.6184000000000001
2024-03-26,0.0752,0.6217
2024-03-27,0.0791,0.6256
2024-03-28,0.08220000000000001,0.6287
2024-03-29,0.0839,0.6304000000000001
2024-03-30,0.08370000000000001,0.6302
2024-03-31,0.0826,0.6291
2024-04-01,0.081,0.6275000000000001
2024-04-02,0.0785,0.625
2024-04-03,0.0752,0.6217
2024-04-04,0.07100000000000001,0.6175
2024-04-05,0.0665,0.613
2024-04-06,0.0629,0.6094
2024-04-07,0.0613,0.6078
2024-04-08,0.0623,0.6088
2024-04-09,0.0655,0.612
2024-04-10,0.07010000000000001,0.6166
2024-04-11,0.0746,0.6211
2024-04-12,0.078,0.6245
2024-04-13,0.07930000000000001,0.6258
2024-04-14,0.0785,0.625
2024-04-15,0.0761,0.6226
2024-04-16,0.0737,0.6202000000000001
2024-04-17,0.0721,0.6186
2024-04-18,0.0721,0.6186
2024-04-19,0.0738,0.6203000000000001
2024-04-20,0.0761,0.6226
2024-04-21,0.0782,0.6247
2024-04-22,0.0794,0.6259
2024-04-23,0.0789,0.6254000000000001
2024-04-24,0.07680000000000001,0.6233000000000001
2024-04-25,0.07400000000000001,0.6205
2024-04-26,0.07200000000000001,0.6185
2024-04-27,0.07200000000000001,0.6185
2024-04-28,0.07490000000000001,0.6214000000000001
2024-04-29,0.0809,0.6274000000000001
2024-04-30,0.08850000000000001,0.635
2024-05-01,0.0964,0.6429
2024-05-02,0.1028,0.6493
2024-05-03,0.1067,0.6532
2024-05-04,0.1081,0.6546000000000001
2024-05-05,0.1076,0.6541
2024-05-06,0.10600000000000001,0.6525000000000001
2024-05-07,0.10400000000000001,0.6505000000000001
2024-05-08,0.10160000000000001,0.6481
2024-05-09,0.09820000000000001,0.6447
2024-05-10,0.0936,0.6401
2024-05-11,0.08750000000000001,0.634
2024-05-12,0.08120000000000001,0.6277
2024-05-13,0.0758,0.6223000000000001
2024-05-14,0.0724,0.6189
2024-05-15,0.07100000000000001,0.6175
2024-05-16,0.0712,0.6177
2024-05-17,0.0717,0.6182000000000001
2024-05-18,0.0712,0.6177
2024-05-19,0.0693,0.6158
2024-05-20,0.06570000000000001,0.6122000000000001
2024-05-21,0.0609,0.6074
2024-05-22,0.055900000000000005,0.6024
2024-05-23,0.051800000000000006,0.5983
2024-05-24,0.0494,0.5959
2024-05-25,0.049300000000000004,0.5958
2024-05-26,0.051500000000000004,0.598
2024-05-27,0.0557,0.6022000000000001
2024-05-28,0.060700000000000004,0.6072000000000001
2024-05-29,0.0653,0.6118
2024-05-30,0.068,0.6145
2024-05-31,0.0684,0.6149
2024-06-01,0.0674,0.6139
2024-06-02,0.06620000000000001,0.6127
2024-06-03,0.067,0.6135
2024-06-04,0.0703,0.6168
2024-06-05,0.0758,0.6223000000000001
2024-06-06,0.0824,0.6289
2024-06-07,0.0884,0.6349
2024-06-08,0.0925,0.639
2024-06-09,0.0944,0.6409
2024-06-10,0.09430000000000001,0.6408
2024-06-11,0.09340000000000001,0.6399
2024-06-12,0.09290000000000001,0.6394000000000001
2024-06-13,0.0937,0.6402
2024-06-14,0.09570000000000001,0.6422
2024-06-15,0.09770000000000001,0.6442
2024-06-16,0.0984,0.6449
2024-06-17,0.09720000000000001,0.6437
2024-06-18,0.09390000000000001,0.6404000000000001
2024-06-19,0.0896,0.6361
2024-06-20,0.0854,0.6319
2024-06-21,0.0823,0.6288
2024-06-22,0.08020000000000001,0.6267
2024-06-23,0.07830000000000001,0.6248
2024-06-24,0.07590000000000001,0.6224000000000001
2024-06-25,0.0721,0.6186
2024-06-26,0.0671,0.6136
2024-06-27,0.061900000000000004,0.6084
2024-06-28,0.0582,0.6047
2024-06-29,0.0572,0.6037
2024-06-30,0.0597,0.6062000000000001
2024-07-01,0.06430000000000001,0.6108
2024-07-02,0.0697,0.6162000000000001
2024-07-03,0.0737,0.6202000000000001
2024-07-04,0.0753,0.6218
2024-07-05,0.0743,0.6208
2024-07-06,0.07150000000000001,0.618
2024-07-07,0.0683,0.6148
2024-07-08,0.0661,0.6126
2024-07-09,0.0658,0.6123000000000001
2024-07-10,0.06770000000000001,0.6142000000000001
2024-07-11,0.07100000000000001,0.6175
2024-07-12,0.0748,0.6213000000000001
2024-07-13,0.07730000000000001,0.6238
2024-07-14,0.07740000000000001,0.6239
2024-07-15,0.07540000000000001,0.6219
2024-07-16,0.07200000000000001,0.6185
2024-07-17,0.0687,0.6152000000000001
2024-07-18,0.0665,0.613
2024-07-19,0.06570000000000001,0.6122000000000001
2024-07-20,0.0658,0.6123000000000001
2024-07-21,0.0656,0.6121
2024-07-22,0.0648,0.6113000000000001
2024-07-23,0.06280000000000001,0.6093000000000001
2024-07-24,0.0603,0.6068
2024-07-25,0.0575,0.604
2024-07-26,0.054900000000000004,0.6014
2024-07-27,0.052500000000000005,0.599
2024-07-28,0.050100000000000006,0.5966
2024-07-29,0.0476,0.5941000000000001
2024-07-30,0.044700000000000004,0.5912000000000001
2024-07-31,0.0417,0.5882000000000001
2024-08-01,0.0392,0.5857
2024-08-02,0.0374,0.5839
2024-08-03,0.0367,0.5832
2024-08-04,0.0362,0.5827
2024-08-05,0.0362,0.5827
2024-08-06,0.0361,0.5826
2024-08-07,0.0354,0.5819
2024-08-08,0.0344,0.5809000000000001
2024-08-09,0.0328,0.5793
2024-08-10,0.0302,0.5767
2024-08-11,0.026500000000000003,0.5730000000000001
2024-08-12,0.0223,0.5688
2024-08-13,0.0182,0.5647
2024-08-14,0.0146,0.5611
2024-08-15,0.012100000000000001,0.5586
2024-08-16,0.0106,0.5571
2024-08-17,0.0091,0.5556
2024-08-18,0.0078000000000000005,0.5543
2024-08-19,0.0063,0.5528000000000001
2024-08-20,0.0044,0.5509000000000001
2024-08-21,0.0018000000000000002,0.5483
2024-08-22,-0.0011,0.5454
2024-08-23,-0.0039000000000000003,0.5426
2024-08-24,-0.0059,0.5406000000000001
2024-08-25,-0.0064,0.5401
2024-08-26,-0.0055000000000000005,0.541
2024-08-27,-0.0038,0.5427000000000001
2024-08-28,-0.0021000000000000003,0.5444
2024-08-29,-0.0008,0.5457000000000001
2024-08-30,0.0002,0.5467000000000001
2024-08-31,0.0013000000000000002,0.5478000000000001
2024-09-01,0.0031000000000000003,0.5496
2024-09-02,0.0055000000000000005,0.552
2024-09-03,0.0081,0.5546
2024-09-04,0.0103,0.5568000000000001
2024-09-05,0.0118,0.5583
2024-09-06,0.013000000000000001,0.5595
2024-09-07,0.0143,0.5608000000000001
2024-09-08,0.016900000000000002,0.5634
2024-09-09,0.0206,0.5671
2024-09-10,0.0258,0.5723
2024-09-11,0.032,0.5785
2024-09-12,0.0376,0.5841000000000001
2024-09-13,0.0417,0.5882000000000001
2024-09-14,0.0429,0.5894
2024-09-15,0.040600000000000004,0.5871000000000001
2024-09-16,0.0352,0.5817
2024-09-17,0.027700000000000002,0.5742
2024-09-18,0.0206,0.5671
2024-09-19,0.0152,0.5617
2024-09-20,0.013000000000000001,0.5595
2024-09-21,0.0137,0.5602
2024-09-22,0.015700000000000002,0.5622
2024-09-23,0.0179,0.5644
2024-09-24,0.019,0.5655
2024-09-25,0.0189,0.5654
2024-09-26,0.0177,0.5642
2024-09-27,0.0167,0.5632
2024-09-28,0.0165,0.5630000000000001
2024-09-29,0.0175,0.5640000000000001
2024-09-30,0.020300000000000002,0.5668000000000001
2024-10-01,0.0246,0.5711
2024-10-02,0.0292,0.5757
2024-10-03,0.0335,0.5800000000000001
2024-10-04,0.0364,0.5829
2024-10-05,0.0378,0.5843
2024-10-06,0.038200000000000005,0.5847
2024-10-07,0.0388,0.5853
2024-10-08,0.04,0.5865
2024-10-09,0.042,0.5885
2024-10-10,0.0441,0.5906
2024-10-11,0.045700000000000005,0.5922000000000001
2024-10-12,0.0459,0.5924
2024-10-13,0.0439,0.5904
2024-10-14,0.040100000000000004,0.5866
2024-10-15,0.0349,0.5814
2024-10-16,0.0296,0.5761000000000001
2024-10-17,0.026000000000000002,0.5725
2024-10-18,0.024900000000000002,0.5714
2024-10-19,0.026600000000000002,0.5731
2024-10-20,0.0302,0.5767
2024-10-21,0.0345,0.5810000000000001
2024-10-22,0.038,0.5845
2024-10-23,0.039,0.5855
2024-10-24,0.037000000000000005,0.5835
2024-10-25,0.0324,0.5789000000000001
2024-10-26,0.0262,0.5727
2024-10-27,0.020200000000000003,0.5667
2024-10-28,0.016300000000000002,0.5628000000000001
2024-10-29,0.0154,0.5619000000000001
2024-10-30,0.0176,0.5641
2024-10-31,0.0224,0.5689000000000001
2024-11-01,0.0285,0.5750000000000001
2024-11-02,0.0346,0.5811000000000001
2024-11-03,0.039900000000000005,0.5864
2024-11-04,0.0437,0.5902000000000001
2024-11-05,0.0459,0.5924
2024-11-06,0.046900000000000004,0.5934
2024-11-07,0.0472,0.5937
2024-11-08,0.047,0.5935
2024-11-09,0.046400000000000004,0.5929
2024-11-10,0.0456,0.5921000000000001
2024-11-11,0.0446,0.5911000000000001
2024-11-12,0.0439,0.5904
2024-11-13,0.044000000000000004,0.5905
2024-11-14,0.0446,0.5911000000000001
2024-11-15,0.0459,0.5924
2024-11-16,0.0476,0.5941000000000001
2024-11-17,0.0495,0.596
2024-11-18,0.0517,0.5982000000000001
2024-11-19,0.053200000000000004,0.5997
2024-11-20,0.054400000000000004,0.6009
2024-11-21,0.0548,0.6013000000000001
2024-11-22,0.0539,0.6004
2024-11-23,0.0514,0.5979
2024-11-24,0.0476,0.5941000000000001
2024-11-25,0.043000000000000003,0.5895
2024-11-26,0.0385,0.5850000000000001
2024-11-27,0.0345,0.5810000000000001
2024-11-28,0.0318,0.5783
2024-11-29,0.030500000000000003,0.5770000000000001
2024-11-30,0.0308,0.5773
2024-12-01,0.0327,0.5792
2024-12-02,0.0363,0.5828
2024-12-03,0.0412,0.5877
2024-12-04,0.0471,0.5936
2024-12-05,0.053500000000000006,0.6
2024-12-06,0.0597,0.6062000000000001
2024-12-07,0.06520000000000001,0.6117
2024-12-08,0.0692,0.6157
2024-12-09,0.07150000000000001,0.618
2024-12-10,0.07200000000000001,0.6185
2024-12-11,0.0713,0.6178
2024-12-12,0.0708,0.6173000000000001
2024-12-13,0.0708,0.6173000000000001
2024-12-14,0.0718,0.6183000000000001
2024-12-15,0.0732,0.6197
2024-12-16,0.07440000000000001,0.6209
2024-12-17,0.0745,0.621
2024-12-18,0.0733,0.6198
2024-12-19,0.07060000000000001,0.6171
2024-12-20,0.0674,0.6139
2024-12-21,0.064,0.6105
2024-12-22,0.061500000000000006,0.608
2024-12-23,0.0604,0.6069
2024-12-24,0.0608,0.6073000000000001
2024-12-25,0.062200000000000005,0.6087
2024-12-26,0.06420000000000001,0.6107
2024-12-27,0.06570000000000001,0.6122000000000001
2024-12-28,0.06670000000000001,0.6132000000000001
2024-12-29,0.0675,0.614
2024-12-30,0.0682,0.6147
2024-12-31,0.0688,0.6153000000000001
2025-01-01,0.0688,0.6153000000000001
2025-01-02,0.0682,0.6147
2025-01-03,0.0666,0.6131
2025-01-04,0.06470000000000001,0.6112000000000001
2025-01-05,0.063,0.6095
2025-01-06,0.0614,0.6079
2025-01-07,0.0603,0.6068
2025-01-08,0.059300000000000005,0.6058
2025-01-09,0.0585,0.605
2025-01-10,0.058,0.6045
2025-01-11,0.057800000000000004,0.6043000000000001
2025-01-12,0.0579,0.6044
2025-01-13,0.0575,0.604
2025-01-14,0.056600000000000004,0.6031000000000001
2025-01-15,0.055200000000000006,0.6017
2025-01-16,0.0533,0.5998
2025-01-17,0.0514,0.5979
2025-01-18,0.049300000000000004,0.5958
2025-01-19,0.0468,0.5933
2025-01-20,0.0438,0.5903
2025-01-21,0.040600000000000004,0.5871000000000001
2025-01-22,0.0376,0.5841000000000001
2025-01-23,0.035500000000000004,0.5820000000000001
2025-01-24,0.0345,0.5810000000000001
2025-01-25,0.033800000000000004,0.5803
2025-01-26,0.033100000000000004,0.5796
2025-01-27,0.0323,0.5788
2025-01-28,0.0317,0.5782
2025-01-29,0.0317,0.5782
2025-01-30,0.032600000000000004,0.5791000000000001
2025-01-31,0.0346,0.5811000000000001
2025-02-01,0.037200000000000004,0.5837
2025-02-02,0.0402,0.5867
2025-02-03,0.042800000000000005,0.5893
2025-02-04,0.0444,0.5909
2025-02-05,0.0443,0.5908
2025-02-06,0.042800000000000005,0.5893
2025-02-07,0.040400000000000005,0.5869
2025-02-08,0.0379,0.5844
2025-02-09,0.0357,0.5822
2025-02-10,0.034300000000000004,0.5808
2025-02-11,0.0337,0.5802
2025-02-12,0.0339,0.5804
2025-02-13,0.035,0.5815
2025-02-14,0.0375,0.5840000000000001
2025-02-15,0.0414,0.5879
2025-02-16,0.0466,0.5931000000000001
2025-02-17,0.053000000000000005,0.5995
2025-02-18,0.0608,0.6073000000000001
2025-02-19,0.0698,0.6163000000000001
2025-02-20,0.0796,0.6261
2025-02-21,0.0893,0.6358
2025-02-22,0.0979,0.6444000000000001
2025-02-23,0.1044,0.6509
2025-02-24,0.1081,0.6546000000000001
2025-02-25,0.1091,0.6556000000000001
2025-02-26,0.108,0.6545000000000001
2025-02-27,0.1061,0.6526000000000001
2025-02-28,0.10450000000000001,0.651
2025-03-01,0.10400000000000001,0.6505000000000001
2025-03-02,0.1053,0.6518
2025-03-03,0.1082,0.6547000000000001
2025-03-04,0.11230000000000001,0.6588
2025-03-05,0.1173,0.6638000000000001
2025-03-06,0.12300000000000001,0.6695
2025-03-07,0.1288,0.6753
2025-03-08,0.13440000000000002,0.6809000000000001
2025-03-09,0.1388,0.6853
2025-03-10,0.14250000000000002,0.6890000000000001
2025-03-11,0.1461,0.6926
2025-03-12,0.1504,0.6969000000000001
2025-03-13,0.1562,0.7027
2025-03-14,0.1636,0.7101000000000001
2025-03-15,0.1716,0.7181000000000001
2025-03-16,0.1794,0.7259
2025-03-17,0.18560000000000001,0.7321000000000001
2025-03-18,0.19010000000000002,0.7366
2025-03-19,0.19210000000000002,0.7386
2025-03-20,0.19190000000000002,0.7384000000000001
2025-03-21,0.1898,0.7363000000000001
2025-03-22,0.18630000000000002,0.7328
2025-03-23,0.18230000000000002,0.7288
2025-03-24,0.17880000000000001,0.7253000000000001
2025-03-25,0.1766,0.7231000000000001
2025-03-26,0.1763,0.7228
2025-03-27,0.1778,0.7243
2025-03-28,0.18050000000000002,0.727
2025-03-29,0.1837,0.7302000000000001
2025-03-30,0.1865,0.733
2025-03-31,0.1882,0.7347
2025-04-01,0.18860000000000002,0.7351000000000001
2025-04-02,0.18810000000000002,0.7346
2025-04-03,0.1865,0.733
2025-04-04,0.18380000000000002,0.7303000000000001
2025-04-05,0.1801,0.7266
2025-04-06,0.1753,0.7218
2025-04-07,0.1704,0.7169
2025-04-08,0.16640000000000002,0.7129000000000001
2025-04-09,0.1643,0.7108
2025-04-10,0.1641,0.7106
2025-04-11,0.1651,0.7116
2025-04-12,0.166,0.7125
2025-04-13,0.16570000000000001,0.7122
2025-04-14,0.1625,0.7090000000000001
2025-04-15,0.1564,0.7029000000000001
2025-04-16,0.14800000000000002,0.6945
2025-04-17,0.1389,0.6854
2025-04-18,0.131,0.6775
2025-04-19,0.1255,0.672
2025-04-20,0.12300000000000001,0.6695
2025-04-21,0.1233,0.6698000000000001
2025-04-22,0.12490000000000001,0.6714
2025-04-23,0.1272,0.6737000000000001
2025-04-24,0.1291,0.6756
2025-04-25,0.1298,0.6763
2025-04-26,0.12940000000000002,0.6759000000000001
2025-04-27,0.12840000000000001,0.6749
2025-04-28,0.12710000000000002,0.6736000000000001
2025-04-29,0.12610000000000002,0.6726000000000001
2025-04-30,0.1255,0.672
2025-05-01,0.12510000000000002,0.6716000000000001
2025-05-02,0.1269,0.6734
2025-05-03,0.1305,0.677
2025-05-04,0.1355,0.682
2025-05-05,0.1414,0.6879000000000001
2025-05-06,0.1471,0.6936
2025-05-07,0.15130000000000002,0.6978000000000001
2025-05-08,0.1534,0.6999000000000001
2025-05-09,0.1531,0.6996
2025-05-10,0.15130000000000002,0.6978000000000001
2025-05-11,0.14880000000000002,0.6953
2025-05-12,0.1466,0.6931
2025-05-13,0.1452,0.6917
2025-05-14,0.1448,0.6913
2025-05-15,0.14500000000000002,0.6915
2025-05-16,0.1454,0.6919000000000001
2025-05-17,0.1457,0.6922
2025-05-18,0.14550000000000002,0.6920000000000001
2025-05-19,0.1448,0.6913
2025-05-20,0.1442,0.6907
2025-05-21,0.1443,0.6908000000000001
2025-05-22,0.14550000000000002,0.6920000000000001
2025-05-23,0.1486,0.6951
2025-05-24,0.1532,0.6997
2025-05-25,0.1588,0.7053
2025-05-26,0.1643,0.7108
2025-05-27,0.169,0.7155
2025-05-28,0.17200000000000001,0.7185
2025-05-29,0.1731,0.7196
2025-05-30,0.1719,0.7184
2025-05-31,0.16820000000000002,0.7147
2025-06-01,0.1627,0.7092
2025-06-02,0.1562,0.7027
2025-06-03,0.14930000000000002,0.6958000000000001
2025-06-04,0.14300000000000002,0.6895
2025-06-05,0.1374,0.6839000000000001
2025-06-06,0.133,0.6795
2025-06-07,0.1295,0.676
2025-06-08,0.1268,0.6733
2025-06-09,0.125,0.6715
2025-06-10,0.12380000000000001,0.6703
2025-06-11,0.1232,0.6697000000000001
2025-06-12,0.1233,0.6698000000000001
2025-06-13,0.124,0.6705
2025-06-14,0.12480000000000001,0.6713
2025-06-15,0.125,0.6715
2025-06-16,0.1237,0.6702
2025-06-17,0.1207,0.6672
2025-06-18,0.1159,0.6624
2025-06-19,0.11,0.6565000000000001
2025-06-20,0.1046,0.6511
2025-06-21,0.10070000000000001,0.6472
2025-06-22,0.09920000000000001,0.6457
2025-06-23,0.1003,0.6468
2025-06-24,0.10350000000000001,0.65
2025-06-25,0.1072,0.6537000000000001
2025-06-26,0.1097,0.6562
2025-06-27,0.10940000000000001,0.6559
2025-06-28,0.1063,0.6528
2025-06-29,0.10110000000000001,0.6476000000000001
2025-06-30,0.0951,0.6416000000000001
2025-07-01,0.09040000000000001,0.6369
2025-07-02,0.0881,0.6346
2025-07-03,0.0886,0.6351
2025-07-04,0.0913,0.6378
2025-07-05,0.09480000000000001,0.6413
2025-07-06,0.0975,0.644
2025-07-07,0.0979,0.6444000000000001
2025-07-08,0.09620000000000001,0.6427
2025-07-09,0.093,0.6395000000000001
2025-07-10,0.0901,0.6366
2025-07-11,0.08900000000000001,0.6355000000000001
2025-07-12,0.08990000000000001,0.6364000000000001
2025-07-13,0.0921,0.6386000000000001
2025-07-14,0.0936,0.6401
2025-07-15,0.09280000000000001,0.6393
2025-07-16,0.0889,0.6354000000000001
2025-07-17,0.0825,0.629
2025-07-18,0.07490000000000001,0.6214000000000001
2025-07-19,0.06760000000000001,0.6141
2025-07-20,0.0618,0.6083000000000001
2025-07-21,0.058,0.6045
2025-07-22,0.055900000000000005,0.6024
2025-07-23,0.054900000000000004,0.6014
2025-07-24,0.053700000000000005,0.6002000000000001
2025-07-25,0.0519,0.5984
2025-07-26,0.049600000000000005,0.5961000000000001
2025-07-27,0.047400000000000005,0.5939
2025-07-28,0.046200000000000005,0.5927
2025-07-29,0.0466,0.5931000000000001
2025-07-30,0.0487,0.5952000000000001
2025-07-31,0.051800000000000006,0.5983
2025-08-01,0.055,0.6015
2025-08-02,0.057300000000000004,0.6038
2025-08-03,0.058600000000000006,0.6051000000000001
2025-08-04,0.057600000000000005,0.6041000000000001
2025-08-05,0.0545,0.601
2025-08-06,0.049600000000000005,0.5961000000000001
2025-08-07,0.043300000000000005,0.5898
2025-08-08,0.0367,0.5832
2025-08-09,0.0309,0.5774
2025-08-10,0.0268,0.5733
2025-08-11,0.0245,0.5710000000000001
2025-08-12,0.0234,0.5699000000000001
2025-08-13,0.0229,0.5694
2025-08-14,0.0219,0.5684
2025-08-15,0.0199,0.5664
2025-08-16,0.0173,0.5638000000000001
2025-08-17,0.0142,0.5607
2025-08-18,0.011300000000000001,0.5578000000000001
2025-08-19,0.009000000000000001,0.5555
2025-08-20,0.0074,0.5539000000000001
2025-08-21,0.006200000000000001,0.5527000000000001
2025-08-22,0.0046,0.5511
2025-08-23,0.0021000000000000003,0.5486
2025-08-24,-0.0013000000000000002,0.5452
2025-08-25,-0.005200000000000001,0.5413
2025-08-26,-0.0088,0.5377000000000001
2025-08-27,-0.0119,0.5346000000000001
2025-08-28,-0.0137,0.5328
2025-08-29,-0.0148,0.5317000000000001
2025-08-30,-0.0148,0.5317000000000001
2025-08-31,-0.0143,0.5322
2025-09-01,-0.0132,0.5333
2025-09-02,-0.0125,0.534
2025-09-03,-0.012100000000000001,0.5344
2025-09-04,-0.012100000000000001,0.5344
2025-09-05,-0.0123,0.5342
2025-09-06,-0.012400000000000001,0.5341
2025-09-07,-0.0122,0.5343
2025-09-08,-0.012100000000000001,0.5344
2025-09-09,-0.0122,0.5343
2025-09-10,-0.012700000000000001,0.5338
2025-09-11,-0.0126,0.5339
2025-09-12,-0.0118,0.5347000000000001
2025-09-13,-0.0098,0.5367000000000001
2025-09-14,-0.006900000000000001,0.5396000000000001
2025-09-15,-0.0039000000000000003,0.5426
2025-09-16,-0.0017000000000000001,0.5448000000000001
2025-09-17,-0.0013000000000000002,0.5452
2025-09-18,-0.0028,0.5437000000000001
2025-09-19,-0.0061,0.5404
2025-09-20,-0.0103,0.5362
2025-09-21,-0.0142,0.5323
2025-09-22,-0.016800000000000002,0.5297000000000001
2025-09-23,-0.0176,0.5289
2025-09-24,-0.0172,0.5293
2025-09-25,-0.0162,0.5303
2025-09-26,-0.0154,0.5311
2025-09-27,-0.0154,0.5311
2025-09-28,-0.015700000000000002,0.5308
2025-09-29,-0.0159,0.5306000000000001
2025-09-30,-0.0151,0.5314
2025-10-01,-0.012700000000000001,0.5338
2025-10-02,-0.0092,0.5373
2025-10-03,-0.0044,0.5421
2025-10-04,0.0005,0.547
2025-10-05,0.005,0.5515
2025-10-06,0.008700000000000001,0.5552
2025-10-07,0.0108,0.5573
2025-10-08,0.0115,0.558
2025-10-09,0.010700000000000001,0.5572
2025-10-10,0.009300000000000001,0.5558000000000001
2025-10-11,0.0082,0.5547000000000001
2025-10-12,0.0083,0.5548000000000001
2025-10-13,0.010400000000000001,0.5569000000000001
2025-10-14,0.0145,0.561
2025-10-15,0.020200000000000003,0.5667
2025-10-16,0.025900000000000003,0.5724
2025-10-17,0.0297,0.5762
2025-10-18,0.0308,0.5773
2025-10-19,0.028800000000000003,0.5753
2025-10-20,0.024300000000000002,0.5708
2025-10-21,0.0189,0.5654
2025-10-22,0.0142,0.5607
2025-10-23,0.0117,0.5582
2025-10-24,0.0119,0.5584
2025-10-25,0.0148,0.5613
2025-10-26,0.019,0.5655
2025-10-27,0.023200000000000002,0.5697
2025-10-28,0.0258,0.5723
2025-10-29,0.0261,0.5726
2025-10-30,0.023700000000000002,0.5702
2025-10-31,0.0195,0.5660000000000001
2025-11-01,0.0149,0.5614
2025-11-02,0.0114,0.5579000000000001
2025-11-03,0.0102,0.5567
2025-11-04,0.0108,0.5573
2025-11-05,0.0125,0.559
2025-11-06,0.013900000000000001,0.5604
2025-11-07,0.014,0.5605
2025-11-08,0.0128,0.5593
2025-11-09,0.0112,0.5577
2025-11-10,0.0097,0.5562
2025-11-11,0.0089,0.5554
2025-11-12,0.009300000000000001,0.5558000000000001
2025-11-13,0.0108,0.5573
2025-11-14,0.0137,0.5602
2025-11-15,0.0179,0.5644
2025-11-16,0.023100000000000002,0.5696
2025-11-17,0.0287,0.5752
2025-11-18,0.0337,0.5802
2025-11-19,0.0378,0.5843
2025-11-20,0.0407,0.5872
2025-11-21,0.0427,0.5892000000000001
2025-11-22,0.0448,0.5913
2025-11-23,0.046900000000000004,0.5934
2025-11-24,0.049800000000000004,0.5963
2025-11-25,0.0528,0.5993
2025-11-26,0.055600000000000004,0.6021000000000001
2025-11-27,0.0575,0.604
2025-11-28,0.0577,0.6042000000000001
2025-11-29,0.0563,0.6028
2025-11-30,0.053500000000000006,0.6
2025-12-01,0.0497,0.5962000000000001
2025-12-02,0.0459,0.5924
2025-12-03,0.0425,0.5890000000000001
2025-12-04,0.039900000000000005,0.5864
2025-12-05,0.0383,0.5848
2025-12-06,0.0376,0.5841000000000001
2025-12-07,0.0373,0.5838
2025-12-08,0.0369,0.5834
2025-12-09,0.0357,0.5822
2025-12-10,0.0333,0.5798
2025-12-11,0.0302,0.5767
2025-12-12,0.026600000000000002,0.5731
2025-12-13,0.0234,0.5699000000000001
2025-12-14,0.0211,0.5676
2025-12-15,0.0194,0.5659000000000001
2025-12-16,0.018500000000000003,0.5650000000000001
2025-12-17,0.0183,0.5648000000000001
2025-12-18,0.018600000000000002,0.5651
2025-12-19,0.019700000000000002,0.5662
2025-12-20,0.0213,0.5678000000000001
2025-12-21,0.023200000000000002,0.5697
2025-12-22,0.024800000000000003,0.5713
2025-12-23,0.025400000000000002,0.5719000000000001
2025-12-24,0.0253,0.5718
2025-12-25,0.023700000000000002,0.5702
2025-12-26,0.0216,0.5681
2025-12-27,0.018500000000000003,0.5650000000000001
2025-12-28,0.0149,0.5614
2025-12-29,0.0109,0.5574
2025-12-30,0.0064,0.5529000000000001
2025-12-31,0.0021000000000000003,0.5486
2026-01-01,-0.0015,0.545
2026-01-02,-0.0037,0.5428000000000001
2026-01-03,-0.0036000000000000003,0.5429
2026-01-04,-0.0014,0.5451
2026-01-05,0.0031000000000000003,0.5496
2026-01-06,0.0088,0.5553
2026-01-07,0.0151,0.5616
2026-01-08,0.021400000000000002,0.5679000000000001
2026-01-09,0.0274,0.5739000000000001
2026-01-10,0.033,0.5795
2026-01-11,0.0381,0.5846
2026-01-12,0.0425,0.5890000000000001
2026-01-13,0.046700000000000005,0.5932000000000001
2026-01-14,0.0507,0.5972000000000001
2026-01-15,0.0548,0.6013000000000001
2026-01-16,0.058600000000000006,0.6051000000000001
2026-01-17,0.0712,0.6177
2026-01-18,0.0745,0.621
2026-01-19,0.0736,0.6201
2026-01-20,0.0763,0.6228
2026-01-21,0.07930000000000001,0.6258
2026-01-22,0.081,0.6275000000000001
2026-01-23,0.085,0.6315000000000001
2026-01-24,0.0869,0.6334000000000001
2026-01-25,0.0925,0.639
2026-01-26,0.0952,0.6417
2026-01-27,0.0983,0.6448
2026-01-28,0.1029,0.6494
2026-01-29,0.10880000000000001,0.6553
2026-01-30,0.1106,0.6571
2026-01-31,0.11120000000000001,0.6577000000000001
2026-02-01,0.1091,0.6556000000000001
2026-02-02,0.1101,0.6566000000000001
2026-02-03,0.11620000000000001,0.6627000000000001
2026-02-04,0.1189,0.6654
2026-02-05,0.1188,0.6653
2026-02-06,0.11750000000000001,0.664
2026-02-07,0.1174,0.6639
2026-02-08,0.1159,0.6624
2026-02-09,0.108,0.6545000000000001
2026-02-10,0.10880000000000001,0.6553
2026-02-11,0.10640000000000001,0.6529
2026-02-12,0.10600000000000001,0.6525000000000001
2026-02-13,0.1109,0.6574
2026-02-14,0.11180000000000001,0.6583
2026-02-15,0.1102,0.6567000000000001
2026-02-16,0.1139,0.6604
2026-02-17,0.1144,0.6609
2026-02-18,0.11220000000000001,0.6587000000000001
2026-02-19,0.1158,0.6623
2026-02-20,0.1179,0.6644
2026-02-21,0.12300000000000001,0.6695
2026-02-22,0.12940000000000002,0.6759000000000001
2026-02-23,0.1321,0.6786
2026-02-24,0.13970000000000002,0.6862
2026-02-25,0.1511,0.6976
2026-02-26,0.1575,0.7040000000000001
2026-02-27,0.1729,0.7194
2026-02-28,0.1625,0.7090000000000001
2026-03-01,0.168,0.7145
2026-03-02,0.1631,0.7096
2026-03-03,0.1648,0.7113
2026-03-04,0.1673,0.7138
2026-03-05,0.1668,0.7133
2026-03-06,0.1694,0.7159
2026-03-07,0.1695,0.7160000000000001
2026-03-08,0.1752,0.7217
2026-03-09,0.18100000000000002,0.7275
2026-03-10,0.1857,0.7322000000000001
2026-03-11,0.1895,0.736
2026-03-12,0.197,0.7435
2026-03-13,0.2024,0.7489
2026-03-14,0.2069,0.7534000000000001
2026-03-15,0.2046,0.7511
2026-03-16,0.2011,0.7476
2026-03-17,0.17930000000000001,0.7258
2026-03-18,0.1703,0.7168
2026-03-19,0.1621,0.7086
2026-03-20,0.16240000000000002,0.7089000000000001
2026-03-21,0.1668,0.7133
2026-03-22,0.1618,0.7083
2026-03-23,0.1714,0.7179
2026-03-24,0.1772,0.7237
2026-03-25,0.17930000000000001,0.7258
2026-03-26,0.1889,0.7354
2026-03-27,0.182,0.7285
2026-03-28,0.1811,0.7276
2026-03-29,0.1733,0.7198
2026-03-30,0.1653,0.7118
2026-03-31,0.1661,0.7126
2026-04-01,0.156,0.7025
2026-04-02,0.1595,0.7060000000000001
2026-04-03,0.159,0.7055
2026-04-04,0.1648,0.7113
2026-04-05,0.1661,0.7126
2026-04-06,0.167,0.7135
2026-04-07,0.16820000000000002,0.7147
2026-04-08,0.1612,0.7077
2026-04-09,0.1598,0.7063
2026-04-10,0.1605,0.7070000000000001
2026-04-11,0.161,0.7075
2026-04-12,0.1658,0.7123
2026-04-13,0.16720000000000002,0.7137
2026-04-14,0.1713,0.7178
2026-04-15,0.17420000000000002,0.7207
2026-04-16,0.1763,0.7228
2026-04-17,0.1772,0.7237
2026-04-18,0.1905,0.737
2026-04-19,0.1973,0.7438
2026-04-20,0.2063,0.7528
2026-04-21,0.21730000000000002,0.7638
2026-04-22,0.22030000000000002,0.7668
2026-04-23,0.2275,0.774
2026-04-24,0.23140000000000002,0.7779
2026-04-25,0.2389,0.7854
2026-04-26,0.24750000000000003,0.794
2026-04-27,0.2519,0.7984
2026-04-28,0.2549,0.8014
2026-04-29,0.2589,0.8054
2026-04-30,0.2596,0.8061
2026-05-01,0.26280000000000003,0.8093
2026-05-02,0.2606,0.8071
2026-05-03,0.2715,0.8180000000000001
2026-05-04,0.2872,0.8337
2026-05-05,0.30160000000000003,0.8481000000000001
2026-05-06,0.3156,0.8621000000000001
2026-05-07,0.32020000000000004,0.8667
2026-05-08,0.326,0.8725
2026-05-09,0.3279,0.8744000000000001
2026-05-10,0.3216,0.8681000000000001
2026-05-11,0.3175,0.864
2026-05-12,0.3124,0.8589
2026-05-13,0.3098,0.8563000000000001
2026-05-14,0.3065,0.8530000000000001
2026-05-15,0.3118,0.8583000000000001
2026-05-16,0.3134,0.8599
2026-05-17,0.3143,0.8608
2026-05-18,0.31170000000000003,0.8582000000000001
2026-05-19,0.3088,0.8553000000000001
2026-05-20,0.3059,0.8524
2026-05-21,0.30110000000000003,0.8476
2026-05-22,0.3054,0.8519
2026-05-23,0.308,0.8545
2026-05-24,0.3058,0.8523000000000001
2026-05-25,0.30920000000000003,0.8557
2026-05-26,0.3138,0.8603000000000001
2026-05-27,0.31930000000000003,0.8658
2026-05-28,0.3214,0.8679
2026-05-29,0.32180000000000003,0.8683000000000001
2026-05-30,0.3214,0.8679
2026-05-31,0.33080000000000004,0.8773000000000001
2026-06-01,0.3209,0.8674000000000001
2026-06-02,0.333,0.8795000000000001
2026-06-03,0.3282,0.8747
2026-06-04,0.3184,0.8649
2026-06-05,0.32130000000000003,0.8678
2026-06-06,0.316,0.8625
2026-06-07,0.3221,0.8686
2026-06-08,0.3251,0.8716
2026-06-09,0.3209,0.8674000000000001
2026-06-10,0.3165,0.863
2026-06-11,0.3037,0.8502000000000001
2026-06-12,0.2931,0.8396
2026-06-13,0.2833,0.8298000000000001
2026-06-14,0.2807,0.8272
2026-06-15,0.277,0.8235
2026-06-16,0.27290000000000003,0.8194
2026-06-17,0.27890000000000004,0.8254
2026-06-18,0.2797,0.8262
2026-06-19,0.2846,0.8311000000000001
2026-06-20,0.28550000000000003,0.8320000000000001
2026-06-21,0.2732,0.8197
2026-06-22,0.2742,0.8207
2026-06-23,0.2637,0.8102
2026-06-24,0.26330000000000003,0.8098000000000001
2026-06-25,0.2674,0.8139000000000001
2026-06-26,0.2701,0.8166
2026-06-27,0.26940000000000003,0.8159000000000001
2026-06-28,0.2726,0.8191
2026-06-29,0.2735,0.8200000000000001
2026-06-30,0.27080000000000004,0.8173
2026-07-01,0.2791,0.8256
2026-07-02,0.2776,0.8241
2026-07-03,0.28550000000000003,0.8320000000000001
2026-07-04,0.2893,0.8358
2026-07-05,0.2876,0.8341000000000001
2026-07-06,0.2949,0.8414
2026-07-07,0.27890000000000004,0.8254
2026-07-08,0.2766,0.8231
2026-07-09,0.2661,0.8126
2026-07-10,0.2546,0.8011
2026-07-11,0.2518,0.7983
2026-07-12,0.2469,0.7934
2026-07-13,0.2487,0.7952
2026-07-14,0.25220000000000004,0.7987000000000001
2026-07-15,0.2525,0.799
2026-07-16,0.25120000000000003,0.7977000000000001
2026-07-17,0.2416,0.7881
2026-07-18,0.24750000000000003,0.794
2026-07-19,0.24150000000000002,0.788
2026-07-20,0.23870000000000002,0.7852
2026-07-21,0.2419,0.7884
2026-07-22,0.23620000000000002,0.7827000000000001
2026-07-23,0.2424,0.7889
2026-07-24,0.24860000000000002,0.7951
2026-07-25,0.25420000000000004,0.8007000000000001
2026-07-26,0.265,0.8115
2026-07-27,0.2636,0.8101
2026-07-28,0.2677,0.8142
2026-07-29,0.2675,0.8140000000000001
2026-07-30,0.2605,0.807
2026-07-31,0.2589,0.8054
2026-08-01,0.2533,0.7998000000000001
2026-08-02,0.2506,0.7971
2026-08-03,0.2526,0.7991
2026-08-04,0.2538,0.8003
2026-08-05,0.25680000000000003,0.8033
2026-08-06,0.2662,0.8127000000000001
2026-08-07,0.27040000000000003,0.8169000000000001
2026-08-08,0.27640000000000003,0.8229000000000001
2026-08-09,0.2886,0.8351000000000001
2026-08-10,0.29400000000000004,0.8405
2026-08-11,0.30810000000000004,0.8546
2026-08-12,0.3085,0.8550000000000001
2026-08-13,0.3065,0.8530000000000001
2026-08-14,0.3068,0.8533000000000001
2026-08-15,0.3047,0.8512000000000001
2026-08-16,0.3052,0.8517
2026-08-17,0.3034,0.8499
2026-08-18,0.3025,0.8490000000000001
2026-08-19,0.2987,0.8452000000000001
2026-08-20,0.30260000000000004,0.8491000000000001
2026-08-21,0.3196,0.8661000000000001
2026-08-22,0.31880000000000003,0.8653000000000001
2026-08-23,0.3304,0.8769
2026-08-24,0.3272,0.8737
2026-08-25,0.33180000000000004,0.8783000000000001
2026-08-26,0.3408,0.8873000000000001
2026-08-27,0.3372,0.8837
2026-08-28,0.3438,0.8903000000000001
2026-08-29,0.3483,0.8948
2026-08-30,0.3552,0.9017000000000001
2026-08-31,0.3728,0.9193
2026-09-01,0.3674,0.9139
2026-09-02,0.36920000000000003,0.9157000000000001
2026-09-03,0.3688,0.9153
2026-09-04,0.3624,0.9089
2026-09-05,0.3667,0.9132
2026-09-06,0.3478,0.8943000000000001
2026-09-07,0.3516,0.8981
2026-09-08,0.3593,0.9058
2026-09-09,0.34750000000000003,0.894
2026-09-10,0.36200000000000004,0.9085000000000001
2026-09-11,0.3488,0.8953000000000001
2026-09-12,0.3443,0.8908
2026-09-13,0.3397,0.8862
2026-09-14,0.3241,0.8706
2026-09-15,0.32630000000000003,0.8728
2026-09-16,0.3145,0.861
2026-09-17,0.3141,0.8606
2026-09-18,0.3214,0.8679
2026-09-19,0.2921,0.8386
2026-09-20,0.3234,0.8699
2026-09-21,0.31470000000000004,0.8612000000000001
