date,Hs_max,Tp,MeanDir
2000-01-01,2.125,13.736183,204.36855
2000-01-02,1.8922119,13.250343,205.35158
2000-01-03,1.526123,11.874367,207.30528
2000-01-04,1.3341064,11.923683,198.4891
2000-01-05,1.2055664,10.744972,192.39949
2000-01-06,1.2080078,12.45298,203.58835
2000-01-07,1.3925781,11.544289,226.1017
2000-01-08,1.425293,12.923195,216.53624
2000-01-09,1.2941895,11.760597,210.86343
2000-01-10,1.251709,11.133156,198.98412
2000-01-11,1.0587227,11.782082,195.50374
2000-01-12,1.1876221,15.910988,189.17574
2000-01-13,1.2077637,14.2767105,186.88464
2000-01-14,1.2397461,8.4520035,185.0005
2000-01-15,1.2158203,8.290871,180.89847
2000-01-16,1.3873291,15.589699,239.39171
2000-01-20,1.2819824,12.4954605,224.3606
2000-01-21,1.3426514,12.096535,202.69722
2000-01-22,1.2352295,13.262062,202.59663
2000-01-23,1.2767334,12.375832,204.27406
2000-01-24,1.5219727,13.964699,195.32542
2000-01-25,1.6096191,13.220558,192.94589
2000-01-26,1.588623,12.445656,189.49258
2000-01-27,1.3874512,10.722511,183.49467
2000-01-28,1.5241699,17.42466,190.01651
2000-01-29,1.5930176,15.144386,194.00166
2000-01-30,1.6105394,14.369972,195.3296
2000-01-31,1.5303974,13.144875,195.71925
2000-02-01,1.4375982,12.589699,202.42592
2000-02-02,1.3974066,11.683937,226.17378
2000-02-03,1.4399891,11.486671,238.49323
2000-02-08,1.7182617,14.431007,220.0813
2000-02-09,1.845459,13.132668,198.67392
2000-02-10,1.854248,14.541847,218.27185
2000-02-11,1.8693848,14.414894,223.71992
2000-02-12,1.7290039,13.409035,237.19946
2000-02-13,1.5223475,13.024757,231.62787
2000-02-14,1.495904,12.6605,239.65637
2000-02-15,1.4191895,14.6985855,232.77531
2000-02-16,1.3823242,14.430031,239.69104
2000-02-20,2.0567627,14.693703,236.26059
2000-02-21,2.171875,15.1673355,221.98178
2000-02-22,2.1721191,15.131691,221.68236
2000-02-23,2.0221024,13.653175,234.57104
2000-02-24,1.8813477,13.980324,227.57903
2000-02-25,1.96875,13.5926285,236.85287
2000-02-28,1.7703857,14.472023,231.10907
2000-02-29,1.8409424,13.678566,231.15
2000-03-01,1.7567139,13.190285,233.33705
2000-03-02,1.8631592,15.631691,215.7345
2000-03-03,2.027832,15.323097,227.88951
2000-03-04,2.2355957,17.30552,225.15787
2000-03-05,2.251587,16.842628,223.9849
2000-03-06,2.043457,14.846535,217.6094
2000-03-07,1.9750242,14.304054,229.13586
2000-03-10,2.0683594,15.978859,228.62032
2000-03-11,2.5754395,15.400734,216.68831
2000-03-12,2.5949707,14.822121,217.26357
2000-03-13,2.395996,14.3704605,218.40874
2000-03-14,2.0600586,14.729347,210.95955
2000-03-15,2.3175468,14.597023,212.85223
2000-03-16,2.106079,13.517921,214.56418
2000-03-17,1.9013815,14.131203,219.03642
2000-03-18,1.8237867,18.686378,214.55034
2000-03-19,1.7839355,17.846535,214.92285
2000-03-20,1.7852783,14.757668,229.7747
2000-03-21,1.8359375,14.507179,239.53487
2000-03-23,1.8587646,14.3895035,239.86075
2000-03-24,1.6522217,12.787453,226.98582
2000-03-25,1.5394287,14.666847,230.4259
2000-03-26,1.6157227,14.551125,238.57962
2000-03-27,2.126587,16.530617,232.86397
2000-03-28,2.2302246,15.594582,234.05887
2000-03-29,2.145752,14.789894,234.52464
2000-03-30,1.9327383,13.113625,239.92554
2000-03-31,1.8475342,15.855812,235.7211
2000-04-01,2.0493164,16.003273,210.54134
2000-04-02,2.3087158,15.687843,207.07622
2000-04-03,2.2387695,14.75425,207.79405
2000-04-04,1.9075928,13.352394,213.767
2000-04-05,1.7658691,15.054054,206.36108
2000-04-06,1.8421526,14.168312,200.61044
2000-04-07,1.8288574,12.718117,197.19162
2000-04-08,1.7407227,12.023781,194.38264
2000-04-09,1.6862793,15.848488,198.93462
2000-04-10,1.6462402,15.01841,198.1847
2000-04-11,1.4931641,12.398781,204.47784
2000-04-12,2.1654053,12.568214,192.59378
2000-04-13,2.1634521,12.535011,192.46204
2000-04-14,1.9558783,13.132179,194.1955
2000-04-15,1.6158447,13.082863,200.80505
2000-04-16,1.5556641,15.050148,200.60866
2000-04-17,1.6343994,13.739601,207.8057
2000-04-18,1.6286621,12.971046,203.59138
2000-04-19,1.6939697,17.334328,196.76776
2000-04-20,1.8621826,16.37339,198.95352
2000-04-21,2.1350098,16.044777,202.80202
2000-04-22,2.1791773,15.710304,200.33801
2000-04-23,2.019043,14.679543,196.77966
2000-04-24,2.0947266,16.763039,199.72835
2000-04-25,2.12566,16.2313,200.32497
2000-04-26,1.8923702,14.591164,197.0764
2000-04-27,1.6062012,16.629738,189.47604
2000-04-28,2.1228027,14.815773,196.02097
2000-04-29,2.1552792,13.602882,190.82301
2000-04-30,2.1026611,13.320656,191.42195
2000-05-01,1.96875,14.837257,192.9708
2000-05-02,1.9812012,14.311867,186.32283
2000-05-03,1.9060059,13.235207,177.7674
2000-05-04,1.8716879,9.99839,175.97914
2000-05-05,1.8730469,17.523293,190.05495
2000-05-06,1.8973427,17.35337,193.2199
2000-05-07,2.0706787,15.732765,197.9071
2000-05-08,2.1990385,15.025246,201.44238
2000-05-09,2.1276855,17.622414,198.98944
2000-05-10,1.9477539,15.089699,199.70602
2000-05-11,2.1757812,19.384132,199.72754
2000-05-12,2.3050537,16.868996,203.48456
2000-05-13,2.3198242,16.43003,203.32936
2000-05-14,2.177246,15.140968,201.82121
2000-05-15,2.0568848,17.130714,183.80934
2000-05-16,2.0271864,15.313332,180.21654
2000-05-17,2.0683594,18.368996,189.02116
2000-05-18,2.3874512,16.189308,197.38382
2000-05-19,2.5648193,16.283546,197.89326
2000-05-20,2.748169,16.212746,193.04738
2000-05-21,2.7781982,16.239601,192.14912
2000-05-22,2.5158691,15.445656,195.69781
2000-05-23,2.1177979,13.77964,191.3181
2000-05-24,1.8045654,12.840187,190.01213
2000-05-25,1.631958,11.782082,184.57385
2000-05-26,1.7382812,11.528664,183.01187
2000-05-27,1.765625,12.385597,185.43895
2000-05-28,1.7131348,12.0735855,185.16388
2000-05-29,1.9918213,13.677589,197.16406
2000-05-30,2.0059814,13.374855,198.36372
2000-05-31,1.8775635,18.000832,197.85188
2000-06-01,2.3531494,15.843605,203.98967
2000-06-02,2.3742676,15.559425,204.13394
2000-06-03,2.1889648,14.606789,198.27728
2000-06-04,2.0263672,15.7923355,192.40921
2000-06-05,2.0627441,15.789894,191.30685
2000-06-06,2.0092773,15.339699,188.55377
2000-06-07,2.7333984,15.036964,187.79181
2000-06-08,2.7285156,14.990578,187.73561
2000-06-09,2.230835,13.973976,183.02832
2000-06-10,1.8438711,12.159035,173.08273
2000-06-11,1.7840099,9.138527,170.0242
2000-06-12,1.6182861,13.613625,170.75354
2000-06-13,1.548584,7.7352066,170.29163
2000-06-14,1.6315918,7.867531,171.17143
2000-06-15,1.6636963,13.271339,172.14476
2000-06-16,1.6999512,8.034035,171.68092
2000-06-17,1.8059082,16.001808,170.15823
2000-06-18,2.0993652,10.181496,170.71953
2000-06-19,2.1116943,10.189796,170.25145
2000-06-20,2.0570679,10.363136,170.16518
2000-06-21,1.8596191,10.009621,171.65436
2000-06-22,1.6817627,15.176125,176.69717
2000-06-23,1.5609131,13.5457535,194.71568
2000-06-24,1.9848633,13.227394,194.29936
2000-06-25,2.0428467,13.179054,191.45528
2000-06-26,2.2231445,19.281593,181.51256
2000-06-27,2.3846436,17.396828,188.18056
2000-06-28,2.3502197,17.21177,189.19328
2000-06-29,2.255249,15.288918,180.77441
2000-06-30,2.2488375,15.48008,183.1072
2000-07-01,2.2036133,14.655861,184.94661
2000-07-02,2.064331,13.505226,174.76627
2000-07-06,1.6088867,15.025246,174.31161
2000-07-07,1.6954346,13.8563,181.61125
2000-07-08,1.7272949,13.264992,181.7637
2000-07-09,1.7834473,12.278908,172.26994
2000-07-10,1.7607422,12.21714,172.39084
2000-07-14,2.0743952,10.298195,170.43335
2000-07-15,2.0321045,13.609718,180.74438
2000-07-16,2.0404053,13.65757,180.6892
2000-07-17,2.0064697,13.673683,184.50827
2000-07-18,1.8122559,17.026222,180.92436
2000-07-19,2.1036377,14.841652,181.63702
2000-07-20,2.1009521,14.792824,181.56459
2000-07-21,1.9338379,8.493996,174.95935
2000-07-22,1.9343262,16.008644,176.52576
2000-07-23,1.9324951,14.753761,178.7658
2000-07-24,2.0668945,15.783546,175.03177
2000-07-25,2.22937,14.336281,175.95163
2000-07-26,2.3320312,16.20005,190.78804
2000-07-27,2.3372555,16.006203,193.5374
2000-07-28,2.282959,18.406105,200.17696
2000-07-29,3.0708456,17.330421,201.26608
2000-07-30,2.9936523,16.607277,200.64992
2000-07-31,2.1523438,14.434425,195.115
2000-08-01,1.7353144,13.04966,189.53944
2000-08-02,1.55896,12.396828,181.83974
2000-08-03,1.6156006,13.596535,183.2527
2000-08-04,1.6577148,13.380714,186.58041
2000-08-05,1.6036377,11.469093,184.91307
2000-08-06,2.0020752,14.565041,184.36737
2000-08-07,2.0314941,14.163918,184.31741
2000-08-08,1.9837646,12.920265,181.54729
2000-08-09,1.8510742,16.956886,198.67259
2000-08-10,2.2692032,15.590187,204.83287
2000-08-11,2.2805176,14.7020035,202.2391
2000-08-12,2.0898438,13.463234,198.09769
2000-08-13,2.303833,15.841164,205.82314
2000-08-14,2.6034927,15.591652,205.05621
2000-08-15,2.5444336,14.885109,197.02129
2000-08-16,2.3330078,15.844093,195.43996
2000-08-17,2.3167725,15.6605,195.41261
2000-08-18,1.9088135,14.401222,193.48648
2000-08-19,1.5814209,13.053078,183.53311
2000-08-20,1.6628418,13.260597,193.16435
2000-08-21,1.9813232,16.31382,196.89452
2000-08-22,2.0633545,14.943703,195.57932
2000-08-23,1.9979248,14.277199,195.25192
2000-08-24,2.0214844,12.583351,177.59029
2000-08-25,2.0959473,12.709328,177.14589
2000-08-26,2.076416,12.782082,178.38985
2000-08-27,1.9816942,12.005714,175.35954
2000-08-28,1.7720947,8.413429,172.13853
2000-08-31,1.6859131,17.593605,175.65298
2000-09-01,1.8909912,15.666359,189.83774
2000-09-02,2.1138544,17.354836,195.58192
2000-09-03,2.2508535,16.392921,194.62593
2000-09-04,2.3465576,14.725441,185.36948
2000-09-05,2.4003525,14.7176285,184.19626
2000-09-06,2.3249512,14.840675,183.12694
2000-09-07,2.0811768,13.666359,178.60265
2000-09-08,1.7270508,12.76548,171.66452
2000-09-09,1.4846191,12.201515,178.65738
2000-09-10,1.4869785,11.651222,177.68027
2000-09-11,1.4855957,7.433449,170.3534
2000-09-12,1.7316895,14.851906,174.91536
2000-09-13,1.907959,13.514015,183.53542
2000-09-14,1.9938965,12.759132,188.87256
2000-09-15,2.1000977,13.288918,189.20341
2000-09-16,2.105835,13.121925,183.61171
2000-09-17,1.8601885,12.0735855,178.27428
2000-09-18,1.6533203,11.246437,176.72758
2000-09-19,1.4611645,11.3113785,176.22012
2000-09-20,1.6525879,7.380226,170.3053
2000-09-21,1.6495581,7.8406754,172.38196
2000-09-22,1.8007812,8.736671,170.2563
2000-09-23,1.8688965,10.352882,172.54881
2000-09-24,1.9785156,10.715187,172.35478
2000-09-25,1.8078613,10.07798,170.76949
2000-09-26,1.5911865,8.7855,172.52296
2000-09-27,1.697998,17.871437,189.48761
2000-09-28,1.7273502,17.264015,191.03912
2000-09-29,1.6454601,14.611183,193.8227
2000-09-30,1.6916504,14.019386,201.55
2000-10-01,1.7341309,13.61216,200.55763
2000-10-02,1.6071777,12.890968,198.04922
2000-10-03,1.9438477,13.414894,196.7511
2000-10-04,2.0815783,17.35923,194.3171
2000-10-05,2.0447998,16.928566,194.69063
2000-10-06,1.8060303,14.705421,199.91501
2000-10-07,2.0664062,16.534523,200.77689
2000-10-08,2.346963,14.765968,197.66939
2000-10-09,2.3190918,14.630714,197.59933
2000-10-10,2.0925293,13.459572,193.325
2000-10-11,1.8914795,12.656593,186.7826
2000-10-12,1.6800537,9.497414,175.90671
2000-10-13,1.7251663,9.602394,176.34111
2000-10-14,1.7307014,9.537453,177.5722
2000-10-15,1.7386475,13.784523,177.76009
2000-10-16,1.8140869,14.399757,178.25401
2000-10-17,1.8100586,14.378761,178.48438
2000-10-18,1.6925049,13.215187,181.32883
2000-10-19,1.6269531,12.206398,181.54004
2000-10-20,1.4718018,13.315285,184.68341
2000-10-21,1.6628971,14.798683,186.82236
2000-10-22,1.6586914,14.4207535,190.2251
2000-10-23,1.6092529,13.251808,188.32364
2000-10-24,1.7479305,13.308937,190.10564
2000-10-25,1.7062988,12.475929,189.83618
2000-10-26,1.7121582,11.527687,183.0587
2000-10-27,1.6929932,14.546242,185.00473
2000-10-28,1.7422361,17.932472,193.32864
2000-10-29,1.7365723,17.800148,194.63887
2000-10-30,1.7124023,16.011086,204.5101
2000-10-31,1.623169,13.868996,210.98167
2000-11-01,1.9873047,13.218605,207.438
2000-11-02,1.9798584,13.114113,207.79886
2000-11-03,1.8513184,15.939308,212.55486
2000-11-04,1.9465332,14.691505,214.25499
2000-11-05,1.9602098,14.584816,210.57812
2000-11-06,1.6947956,13.572609,194.44533
2000-11-07,2.0226707,16.508644,196.65024
2000-11-08,2.1989746,15.808449,196.47124
2000-11-09,2.0368652,14.555031,196.08153
2000-11-10,1.6939697,12.952492,191.14941
2000-11-11,1.6865234,16.550636,199.047
2000-11-12,1.8721924,14.854347,202.69798
2000-11-13,1.869751,14.814308,202.71898
2000-11-14,1.6166992,13.432472,201.1797
2000-11-15,1.5200195,12.980324,187.05235
2000-11-16,1.4420166,12.243996,176.81427
2000-11-17,1.4425049,8.351906,177.19365
2000-11-18,1.4886475,14.347023,184.57732
2000-11-19,1.4956055,16.067726,184.85199
2000-11-20,1.5101318,12.385109,198.71045
2000-11-21,1.484375,12.62925,207.53796
2000-11-22,1.3911943,14.6517105,228.24388
2000-11-23,1.3702393,14.488625,237.86609
2000-11-27,1.7064209,19.1605,236.08058
2000-11-28,1.8043213,17.679054,238.07864
2000-11-30,1.7540283,15.525734,239.8447
2000-12-03,1.7580566,14.158058,239.65652
2000-12-04,1.6730957,13.141457,227.48764
2000-12-05,1.542985,10.572609,238.20468
2000-12-08,1.5936279,13.306007,207.32825
2000-12-09,1.591919,13.026222,199.07108
2000-12-10,1.71352,13.891457,203.38335
2000-12-11,1.6394043,13.203468,204.13904
2000-12-12,1.5973444,11.869484,219.00838
2000-12-13,1.5708008,14.890968,191.91179
2000-12-14,1.7293701,14.249367,194.71541
2000-12-15,1.7073975,13.4520035,196.74463
2000-12-16,1.5737305,13.347023,193.68727
2000-12-17,1.6193352,13.382179,197.64246
2000-12-18,1.5352783,12.704933,199.54816
2000-12-19,1.3769531,11.922218,200.57837
2000-12-20,1.4255371,17.931984,237.93983
2000-12-23,1.4550781,14.516457,239.89346
2000-12-24,1.3748779,13.024757,216.44576
2000-12-25,1.3718262,12.505714,216.89882
2000-12-26,1.3880864,18.19175,239.70009
2000-12-30,1.8510742,13.396339,238.7906
2001-01-08,1.4023438,13.582375,228.30464
2001-01-09,1.5710449,13.093605,202.50075
2001-01-10,1.7272806,12.647804,200.61833
2001-01-11,1.7944336,13.2923355,216.25829
2001-01-12,1.7591553,12.872902,224.5299
2001-01-15,1.449707,12.760109,239.24222
2001-01-19,1.7596436,15.934914,239.33037
2001-01-20,1.7406006,14.962257,231.59683
2001-01-21,1.5963135,12.317238,223.02106
2001-01-27,1.7960205,14.091652,239.97867
2001-01-28,1.7602539,13.541847,237.15614
2001-01-29,1.6582031,13.014015,226.48294
2001-01-30,1.5775146,12.971535,236.49396
2001-01-31,1.5906982,12.9188,239.49394
2001-02-01,1.6287842,15.070168,239.68825
2001-02-02,1.6253357,14.9173355,238.7501
2001-02-03,1.7335205,13.612648,199.81567
2001-02-04,1.7386475,13.551613,199.74828
2001-02-05,1.5812988,12.784035,201.6431
2001-02-06,1.3913574,11.276222,208.12335
2001-02-07,1.3253174,17.675636,239.72707
2001-02-08,1.4195557,14.031105,238.34674
2001-02-09,1.4171143,13.74839,235.45963
2001-02-10,1.2670081,11.769875,208.82886
2001-02-11,1.366333,17.610695,194.24875
2001-02-12,1.5574093,16.085793,194.17218
2001-02-13,1.7734375,13.339699,196.98715
2001-02-14,1.7960205,13.0355,199.07355
2001-02-15,1.7703857,12.32798,200.29747
2001-02-16,1.8747559,15.431007,203.4237
2001-02-17,1.8979492,14.990089,204.48604
2001-02-18,1.7878418,14.071632,204.56892
2001-02-19,1.6325684,12.976906,202.1674
2001-02-20,1.7250977,10.839699,223.521
2001-02-21,1.7442045,15.897316,220.3438
2001-02-22,1.6573486,14.375832,215.14857
2001-02-23,1.4801025,14.299171,215.76802
2001-02-24,1.6008301,13.756691,229.67395
2001-02-25,1.6333008,13.790871,239.25899
2001-02-27,2.0390625,15.097023,223.05519
2001-02-28,2.0360107,14.52964,218.47437
2001-03-01,1.9138184,14.390968,217.87547
2001-03-02,1.9102783,16.953468,215.22675
2001-03-03,2.166193,15.855324,206.79257
2001-03-04,2.2053223,14.683449,204.08618
2001-03-05,2.006836,13.526222,208.36728
2001-03-06,1.6691895,12.224953,213.19852
2001-03-07,1.7087135,13.908546,239.93071
2001-03-08,1.8049316,13.333351,234.94168
2001-03-09,1.8018799,13.277199,231.65027
2001-03-10,1.6933908,12.288429,216.8283
2001-03-11,1.6506348,12.04966,234.24287
2001-03-14,1.748169,13.888039,233.24297
2001-03-15,1.9712734,17.67759,220.8341
2001-03-16,2.0184278,16.254738,216.3022
2001-03-17,2.0445557,14.954445,220.98471
2001-03-18,2.1790771,14.621925,215.92996
2001-03-19,2.1805716,14.580421,215.74371
2001-03-20,1.8706055,13.024269,221.53242
2001-03-21,1.7513428,13.053566,218.91808
2001-03-22,1.7211914,13.683937,207.51576
2001-03-23,1.9324951,16.542336,205.06555
2001-03-24,1.9909668,14.775246,189.77757
2001-03-25,1.9943848,14.570656,188.44661
2001-03-26,2.0949707,18.45591,202.01974
2001-03-27,2.3117676,16.074562,204.68942
2001-03-28,2.3691397,15.353371,203.94066
2001-03-29,2.5056152,18.08677,202.55179
2001-03-30,2.4316406,17.311378,203.05489
2001-03-31,2.263794,15.597023,209.9319
2001-04-01,2.1750488,14.693214,211.48755
2001-04-02,2.0101318,13.908546,206.47804
2001-04-03,1.809082,14.239601,203.47992
2001-04-04,1.6265869,13.361183,197.27449
2001-04-05,1.3745117,11.833839,185.66893
2001-04-06,1.5006104,11.112648,187.64131
2001-04-07,1.6549072,15.733742,199.99751
2001-04-08,2.113037,15.250343,208.0316
2001-04-09,2.3520508,16.779152,208.63123
2001-04-10,2.3701172,16.159523,207.86638
2001-04-11,2.2331543,14.963722,206.06975
2001-04-12,1.9538574,13.523781,203.78899
2001-04-13,1.6501465,12.118996,206.28351
2001-04-14,1.6677246,17.320168,202.28218
2001-04-15,2.1436768,16.031593,200.94272
2001-04-16,2.1989746,15.918312,200.84624
2001-04-17,1.9679136,14.694679,200.98384
2001-04-18,1.6862793,13.304543,193.16014
2001-04-19,1.973999,15.028175,189.12729
2001-04-20,1.9730225,14.775734,189.98161
2001-04-21,2.5506592,17.749367,202.76653
2001-04-22,2.727232,17.45298,202.69566
2001-04-23,2.4426842,15.211769,201.27538
2001-04-24,1.9449463,13.472023,195.62778
2001-04-25,1.7253418,10.158546,179.76773
2001-04-26,1.987793,16.593117,180.6106
2001-04-27,2.1765137,14.57798,178.04227
2001-04-28,2.2001953,14.302589,177.15881
2001-04-29,2.033081,12.035011,173.94196
2001-04-30,2.2543945,15.035011,176.0434
2001-05-01,2.2701416,14.609718,175.4082
2001-05-02,2.2507324,16.338722,181.70412
2001-05-03,2.2480469,16.277199,182.23108
2001-05-04,2.0789795,14.898537,189.30478
2001-05-05,1.8369379,13.689308,189.11172
2001-05-06,1.6729736,12.878273,184.5919
2001-05-07,1.7929688,14.692238,198.14687
2001-05-08,2.0949707,17.8563,201.97537
2001-05-09,2.2819824,16.377785,200.04218
2001-05-10,2.2044678,15.486671,198.044
2001-05-11,2.5187988,16.451027,197.83464
2001-05-12,2.5734863,16.008644,198.13347
2001-05-13,2.6984863,19.29966,193.35739
2001-05-14,3.0280094,17.57505,198.68048
2001-05-15,2.9851074,17.244972,197.4616
2001-05-16,2.5604248,15.505714,188.56537
2001-05-17,2.677002,18.120949,189.44858
2001-05-18,2.6991215,17.813332,190.02724
2001-05-19,2.3928223,16.03843,186.24731
2001-05-20,1.8929443,14.541847,183.31624
2001-05-21,1.704956,13.5613785,184.42517
2001-05-22,2.149414,16.192726,183.43687
2001-05-23,2.1662598,15.661476,184.32527
2001-05-24,2.0952148,14.304054,183.31107
2001-05-25,1.8868408,13.062355,181.73633
2001-05-26,1.9069567,14.096535,174.03583
2001-05-27,1.8769531,13.786964,174.20203
2001-05-28,1.6516113,12.719093,174.111
2001-05-29,1.3422852,12.9207535,179.7907
2001-05-30,1.5705566,12.894875,192.2969
2001-05-31,1.6517334,12.660011,192.4845
2001-06-01,1.7801514,12.050148,184.79256
2001-06-02,1.7973318,11.909523,185.306
2001-06-03,1.9863281,14.466652,175.75931
2001-06-04,2.0250425,13.117043,171.492
2001-06-05,2.32944,15.836769,171.05644
2001-06-06,2.4404087,15.1707535,170.08308
2001-06-09,1.8441162,13.493507,171.11089
2001-06-10,1.9978027,15.672218,188.26654
2001-06-11,2.1013184,14.754738,195.45174
2001-06-12,2.0321045,14.068703,197.0968
2001-06-13,2.0013428,13.463722,197.7434
2001-06-14,1.916626,13.669289,191.68423
2001-06-15,1.8791504,16.388039,192.47421
2001-06-16,2.1901855,15.616554,191.60779
2001-06-17,2.0759277,14.305031,185.41788
2001-06-18,2.0169678,14.4105,177.68053
2001-06-19,2.0684843,10.347511,170.3483
2001-06-20,2.2653809,16.08091,171.73552
2001-06-21,2.2509766,15.225441,173.84421
2001-06-22,2.20813,14.785988,184.15216
2001-06-23,2.0632324,13.649757,182.96977
2001-06-24,1.6928711,12.428078,175.12442
2001-06-27,1.890625,16.465675,170.95682
2001-06-28,2.0109863,14.5267105,179.95468
2001-06-29,2.208374,16.118996,186.36996
2001-06-30,2.1916208,15.34214,186.3408
2001-07-01,2.0512695,13.843605,185.12337
2001-07-02,2.034912,16.219093,179.49362
2001-07-03,2.0411377,16.01255,179.44162
2001-07-04,1.9373779,9.416359,174.18355
2001-07-05,1.7422495,9.306007,172.5482
2001-07-06,1.5809326,15.814308,172.75357
2001-07-07,1.6217041,15.457863,199.16173
2001-07-08,1.8793945,13.54673,192.41692
2001-07-09,1.8748779,13.490089,192.03152
2001-07-10,1.6726074,12.438332,182.09952
2001-07-11,2.0372314,16.522804,197.61954
2001-07-12,2.2512207,14.8235855,196.12477
2001-07-13,2.2268066,14.70298,195.84575
2001-07-14,1.9526901,13.135109,182.26566
2001-07-15,1.7285156,13.283058,184.17279
2001-07-16,1.6352539,13.291847,184.73177
2001-07-17,1.6247559,13.175148,185.12502
2001-07-18,1.7235107,13.021828,200.02751
2001-07-19,2.0899658,14.565285,193.22308
2001-07-20,2.3381348,15.208351,202.4078
2001-07-21,2.381836,15.137062,203.76619
2001-07-22,2.2354736,14.350441,202.03563
2001-07-23,1.9545898,12.482765,183.96269
2001-07-24,1.9057617,12.801125,180.90686
2001-07-25,1.7852774,12.300636,172.91484
2001-07-26,1.5518799,8.2801285,174.98734
2001-07-27,1.5737305,8.665382,172.45323
2001-07-29,1.8828125,15.458351,178.86424
2001-07-30,1.9064941,15.077492,180.58195
2001-07-31,1.8530273,13.300148,181.23198
2001-08-01,1.5299072,12.105324,179.00996
2001-08-02,1.6568604,15.841164,193.6254
2001-08-03,2.0284424,14.007179,190.10736
2001-08-04,2.4715576,14.156105,187.31752
2001-08-05,2.4678955,13.7298355,187.14072
2001-08-06,2.3773193,9.903664,176.20752
2001-08-07,2.1711426,9.782082,171.10301
2001-08-08,2.083374,15.618507,184.43347
2001-08-09,2.0776367,15.333839,185.05458
2001-08-10,1.8830566,13.944679,187.0623
2001-08-11,1.7480469,17.429054,189.735
2001-08-12,1.7512207,17.222023,191.54727
2001-08-13,1.8172808,8.390968,174.81438
2001-08-14,1.9885254,9.209328,170.1622
2001-08-15,2.187622,9.838722,172.97614
2001-08-16,2.1710205,9.826515,173.74371
2001-08-17,2.005005,9.315773,172.79884
2001-08-23,1.5970459,16.389015,185.38873
2001-08-24,2.5339355,16.297218,198.88004
2001-08-25,2.5770922,16.051613,198.74059
2001-08-26,2.287075,14.527687,193.79749
2001-08-27,2.119751,14.249367,183.50038
2001-08-28,2.104248,14.199074,183.78464
2001-08-29,1.9379883,13.305763,178.76187
2001-08-30,1.8963623,13.018898,175.66768
2001-08-31,1.637207,12.014992,173.01291
2001-09-01,1.3972168,8.3235855,171.26901
2001-09-02,1.4939413,8.445168,170.7672
2001-09-03,2.3382568,18.082375,177.0349
2001-09-04,2.63208,16.443703,177.4175
2001-09-05,2.465332,15.547707,176.16302
2001-09-06,2.2211914,13.815285,170.82921
2001-09-07,1.8791504,13.429054,171.55461
2001-09-08,1.5489502,8.499855,170.4283
2001-09-09,1.9042969,16.417336,179.90659
2001-09-10,1.9440918,15.227394,180.02373
2001-09-11,1.9875488,9.372414,176.20415
2001-09-12,2.161377,11.234718,177.70404
2001-09-13,2.1566162,11.381203,175.45073
2001-09-14,2.0220947,10.821144,170.46413
2001-09-15,1.7691612,9.419777,173.69728
2001-09-16,1.7843018,17.969093,188.87286
2001-09-17,1.7108154,15.60923,191.5321
2001-09-18,1.642334,17.89927,193.54723
2001-09-19,2.1049805,16.137062,190.01277
2001-09-20,2.1036377,15.959328,189.46126
2001-09-21,1.7904053,13.911964,184.24196
2001-09-22,1.7125244,13.218117,182.60617
2001-09-23,1.6853905,14.607277,188.78508
2001-09-24,1.5180273,14.122414,190.57109
2001-09-25,1.4328613,12.358742,185.16534
2001-09-26,1.5183105,11.506203,179.18765
2001-09-27,1.9136963,15.368019,180.27837
2001-09-28,2.164422,15.025246,186.37576
2001-09-29,2.2843018,14.619484,184.86519
2001-09-30,2.1647177,13.224464,181.14728
2001-10-01,2.069336,9.01255,180.96274
2001-10-02,1.9023438,14.33091,189.43576
2001-10-03,1.8669434,14.588722,186.04259
2001-10-04,1.949707,14.087257,189.05428
2001-10-05,2.0352688,13.349953,188.64195
2001-10-06,1.9384766,12.90464,186.98126
2001-10-07,1.795166,18.944191,188.69955
2001-10-08,2.277954,17.308937,197.05203
2001-10-09,2.3830566,16.107277,195.38657
2001-10-10,2.2628174,15.198097,194.8237
2001-10-11,2.2749023,15.43882,199.2279
2001-10-12,2.3447285,15.324562,198.47716
2001-10-13,2.111637,14.386574,197.57338
2001-10-14,1.9606934,13.628273,194.05705
2001-10-15,1.8341064,15.072609,194.42555
2001-10-16,1.6552734,13.708351,194.7895
2001-10-17,1.6253662,13.45005,196.96652
2001-10-18,1.8450928,13.297218,197.16634
2001-10-19,2.1069336,15.630226,200.50798
2001-10-20,2.161377,15.204445,201.48523
2001-10-21,2.053833,14.010109,203.0418
2001-10-22,1.8339844,13.006691,198.00041
2001-10-23,1.6620369,11.812355,188.36125
2001-10-24,1.5059814,13.211769,185.829
2001-10-25,1.361084,11.83091,187.04958
2001-10-26,1.1876221,10.668312,182.38431
2001-10-27,1.517334,13.134621,183.08536
2001-10-28,1.8679686,12.616066,186.54259
2001-10-29,1.8958492,12.957375,184.90413
2001-10-30,1.8686523,12.724953,184.8594
2001-10-31,1.680542,11.729347,185.17384
2001-11-01,1.4804688,11.775734,191.861
2001-11-02,1.3479004,10.819191,180.59312
2001-11-03,1.2580566,14.254738,193.88379
2001-11-04,1.4029541,12.3426285,188.283
2001-11-05,1.5996094,16.32212,191.37553
2001-11-06,1.8326674,14.7767105,198.21234
2001-11-07,1.9249268,13.085304,194.57997
2001-11-08,1.920166,13.0579605,195.50732
2001-11-09,1.8625488,12.641457,191.7296
2001-11-10,1.6550293,12.491554,178.35373
2001-11-11,1.6455078,8.443703,175.0175
2001-11-12,1.7271729,14.416847,184.69577
2001-11-13,1.8568115,19.295265,192.51091
2001-11-14,1.8488188,19.025734,194.58762
2001-11-15,2.0010986,18.931007,196.54532
2001-11-16,2.2162647,16.718117,197.56914
2001-11-17,2.0976562,15.176613,199.56578
2001-11-18,1.9399357,13.601418,196.79758
2001-11-19,1.814209,13.533058,198.96078
2001-11-20,1.6242676,12.066994,209.86052
2001-11-21,1.6126213,14.956642,215.31888
2001-11-22,1.7747803,14.263039,196.97209
2001-11-23,2.0726318,13.44175,197.35185
2001-11-24,2.0235596,13.025246,197.81459
2001-11-25,1.93396,16.277687,239.01094
2001-11-27,2.3092194,15.782814,239.32013
2001-11-28,2.1354065,14.653175,219.61232
2001-11-29,1.8433256,13.162453,202.62645
2001-11-30,1.843956,14.249367,198.50859
2001-12-01,1.8044434,14.776222,185.42207
2001-12-02,1.8908672,14.445656,185.8153
2001-12-03,1.7727051,13.410011,187.11253
2001-12-04,1.7695312,14.565773,186.61903
2001-12-05,1.8024902,13.547218,187.613
2001-12-06,1.7255859,13.165382,188.25409
2001-12-07,1.633667,16.482033,201.67818
2001-12-08,1.8870497,15.23423,212.66306
2001-12-09,1.864624,14.196144,206.5716
2001-12-10,1.7454834,12.934425,203.92924
2001-12-11,1.5996094,11.797951,191.90932
2001-12-12,1.533081,11.929543,199.35283
2001-12-13,1.5537109,11.626808,199.46182
2001-12-14,1.4663086,14.3895035,199.4734
2001-12-15,1.7248535,17.860207,209.87889
2001-12-16,1.9035645,14.800636,212.49675
2001-12-17,2.0892162,14.462746,207.49347
2001-12-18,1.950304,13.581398,206.43405
2001-12-19,1.5534668,12.035988,206.91446
2001-12-20,1.4766846,14.21714,204.17355
2001-12-21,1.5396729,13.121437,207.51111
2001-12-22,1.4678955,11.039894,196.82118
2001-12-23,1.498169,10.886574,199.78186
2001-12-24,1.4537725,14.038429,214.20349
2001-12-25,1.7084961,13.635597,221.35179
2001-12-26,1.7463379,13.812843,219.7425
2001-12-27,1.7699137,13.17466,220.0815
2001-12-28,1.6937256,14.81089,239.38428
2001-12-29,1.5455322,12.341164,235.06438
2001-12-30,1.5985107,12.510109,239.89955
2002-01-06,1.8891602,15.691261,230.8218
2002-01-07,1.8916016,15.607765,231.87834
2002-01-08,1.7160645,13.554054,227.66457
2002-01-09,1.5843506,12.955421,226.71434
2002-01-10,1.5181885,11.778664,221.82906
2002-01-11,1.5135498,11.021339,224.7763
2002-01-14,2.2840576,15.0613785,235.40372
2002-01-15,2.2791748,14.93589,232.61134
2002-01-16,2.112915,14.721046,221.49294
2002-01-17,1.9693546,14.021339,232.78954
2002-01-18,1.5670166,13.416847,228.21129
2002-01-19,1.597168,16.253761,202.50882
2002-01-20,1.8410645,14.142921,201.80324
2002-01-21,1.8430176,14.034523,202.19101
2002-01-22,1.578125,12.468605,206.33633
2002-01-23,1.5085459,12.490089,192.23787
2002-01-24,1.5086079,12.358742,192.24423
2002-01-25,1.4587402,7.6741714,171.68022
2002-01-26,1.4587402,7.6756363,171.53134
2002-01-27,1.444026,7.876808,176.64485
2002-01-28,1.3041143,14.605324,207.68022
2002-01-29,1.3742676,8.744484,203.98125
2002-01-30,1.3710938,8.656105,196.84631
2002-01-31,1.3686523,14.690285,199.98503
2002-02-01,1.4975586,13.809425,205.1509
2002-02-02,1.4729004,13.278175,202.36319
2002-02-03,1.3756838,11.767433,199.27464
2002-02-04,1.3747559,11.897804,214.28482
2002-02-05,1.4007568,10.877296,227.84756
2002-02-06,1.4317627,13.056984,219.34377
2002-02-07,1.4379883,12.7298355,218.55548
2002-02-08,1.3635254,12.269875,219.71819
2002-02-09,1.3457031,14.826027,203.509
2002-02-10,1.6573486,13.765968,208.21964
2002-02-11,1.680438,13.629738,208.08601
2002-02-12,1.6799316,16.034035,232.82285
2002-02-13,1.7334375,13.850929,228.14961
2002-02-14,1.7109375,13.255714,235.18431
2002-02-15,1.5775146,12.059914,237.2828
2002-02-16,1.4185791,11.517433,217.65024
2002-02-17,1.3553467,19.441261,239.08607
2002-02-18,1.3588867,19.357277,239.05739
2002-02-19,1.4085693,15.713722,217.12965
2002-02-20,1.6843262,16.31675,212.83633
2002-02-21,1.751133,15.937843,213.25749
2002-02-22,1.6271973,13.975929,207.42111
2002-02-23,1.4875488,13.6829605,208.20538
2002-02-24,1.6148682,13.609718,210.09375
2002-02-25,1.8187256,13.268898,221.3986
2002-02-26,1.7416992,12.624367,215.6033
2002-02-27,1.3779297,10.950539,204.14977
2002-02-28,1.2698975,11.892677,199.48546
2002-03-01,1.1800537,12.481789,231.1363
2002-03-03,1.4521484,12.84922,214.3438
2002-03-04,1.6322136,12.570168,209.16574
2002-03-05,1.5513916,12.118507,207.03252
2002-03-06,1.3564453,11.32798,216.54716
2002-03-07,1.4716797,11.718117,221.90952
2002-03-08,1.4904604,12.974709,198.8128
2002-03-09,1.4351807,12.093361,189.17593
2002-03-10,1.399292,16.786964,183.3767
2002-03-11,1.8066406,14.680031,189.21295
2002-03-12,1.8134766,14.161476,189.8736
2002-03-13,1.5655985,12.898293,190.384
2002-03-14,1.4063721,11.771339,194.1877
2002-03-15,1.3035994,10.730812,196.25014
2002-03-16,1.25,12.597511,222.92857
2002-03-17,1.3618298,17.662941,239.57265
2002-03-18,1.5454102,14.480812,234.34622
2002-03-19,1.960083,14.395851,202.4463
2002-03-20,2.091938,13.516457,204.66689
2002-03-21,2.090332,15.9988785,207.29776
2002-03-22,2.0074463,14.252785,205.94072
2002-03-23,1.4954834,12.890968,204.41805
2002-03-24,1.6097412,11.871437,207.39914
2002-03-25,1.6334229,11.650734,207.5009
2002-03-26,1.4406738,10.701515,209.01
2002-03-27,1.2181396,9.683937,188.0714
2002-03-28,1.2520752,12.866554,197.85626
2002-03-29,1.3138428,14.211281,188.2983
2002-03-30,1.4361572,12.921242,186.18556
2002-03-31,1.6677246,9.38755,179.19058
2002-04-01,1.8029785,10.01841,177.24283
2002-04-02,1.8502197,9.973732,179.52348
2002-04-03,1.779541,9.736183,180.11653
2002-04-04,1.6036215,13.984962,192.62845
2002-04-05,1.6322021,13.277687,192.38382
2002-04-06,1.6983643,13.941261,189.97318
2002-04-07,1.8334961,13.798195,188.59703
2002-04-08,1.8781738,14.9832535,193.5398
2002-04-09,1.9151611,13.348976,190.61923
2002-04-10,1.9992676,14.906105,189.29123
2002-04-11,1.8996582,13.46714,188.17485
2002-04-12,1.8487549,15.699562,181.25021
2002-04-13,1.7687988,13.469582,179.35632
2002-04-14,1.7468367,9.902687,172.99576
2002-04-15,1.5959473,9.750587,171.90262
2002-04-16,1.383647,8.858498,170.56334
2002-04-17,1.6182861,16.079933,176.95119
2002-04-18,1.8291016,15.049171,180.13918
2002-04-19,1.7851562,14.562355,179.93985
2002-04-20,1.9206543,14.930031,185.14066
2002-04-21,1.9334717,14.65464,185.79132
2002-04-22,1.6734619,12.881203,187.49248
2002-04-23,1.6855469,15.794289,188.77652
2002-04-24,1.8598633,15.172707,185.21129
2002-04-25,1.7733154,14.907082,182.0028
2002-04-26,1.7736816,13.826027,186.77592
2002-04-27,1.8720703,16.318703,189.43233
2002-04-28,1.9375,15.482765,190.23457
2002-04-29,1.8267565,12.675148,182.53954
2002-04-30,1.8674316,12.105812,182.5217
2002-05-01,1.8312988,15.917824,179.73698
2002-05-02,2.0270996,17.672707,189.38788
2002-05-03,2.3809814,16.459328,192.28564
2002-05-04,2.3258057,15.860695,190.57835
2002-05-05,2.2166157,16.035988,187.72598
2002-05-06,2.0925293,14.908546,189.78708
2002-05-07,1.8450928,13.806984,189.95688
2002-05-08,1.6003418,16.64634,191.65167
2002-05-09,1.7335205,13.120949,184.55602
2002-05-10,1.7531738,12.954445,185.95375
2002-05-11,1.8382568,16.864601,198.41624
2002-05-12,1.8514395,15.829933,200.1334
2002-05-13,1.8905029,15.020851,203.77065
2002-05-14,1.7879639,14.364601,201.75647
2002-05-15,1.8948975,13.257179,195.58049
2002-05-16,1.9935303,13.795265,186.48274
2002-05-17,2.2666016,13.598488,182.83972
2002-05-18,2.2320557,13.384621,182.68118
2002-05-19,1.8837891,12.134621,178.50908
2002-05-20,1.6074219,12.093117,171.58456
2002-05-21,1.7110596,15.059914,183.82825
2002-05-22,1.7149658,14.878273,184.94208
2002-05-23,1.6173096,13.091652,192.38327
2002-05-24,1.3465576,11.527687,195.65034
2002-05-25,1.612793,15.851906,192.8942
2002-05-26,3.1158447,15.937843,189.9765
2002-05-27,3.1635742,15.657082,182.00606
2002-05-28,3.1564941,15.621925,181.8144
2002-05-29,2.449585,13.789406,178.04008
2002-05-30,1.7647705,11.784523,170.05573
2002-05-31,1.7397461,11.88755,170.36249
2002-06-01,1.6015625,10.669777,170.96173
2002-06-03,1.2702637,16.145851,185.79398
2002-06-04,1.3962402,14.439796,201.67854
2002-06-05,1.5604248,13.153175,191.43027
2002-06-06,1.6311035,11.912453,179.3641
2002-06-07,2.1463623,13.088722,173.25056
2002-06-08,2.157548,12.6517105,173.0287
2002-06-10,1.9793701,9.971046,170.38206
2002-06-11,1.8401995,14.572121,176.4647
2002-06-12,1.6022949,9.143654,175.42891
2002-06-13,1.6634521,13.4105,191.0484
2002-06-14,1.7139893,12.991554,186.59654
2002-06-15,1.692627,8.628761,177.62065
2002-06-16,1.7626953,8.644386,180.29698
2002-06-17,1.7578125,13.911964,181.59975
2002-06-18,1.7612305,8.73716,170.52621
2002-06-21,1.5969238,9.347511,171.86784
2002-06-22,1.7063141,14.206398,180.64633
2002-06-23,1.651123,13.285011,193.20538
2002-06-24,1.4473791,11.880714,191.36748
2002-06-25,1.3063965,12.019386,179.32335
2002-06-26,1.5141602,17.195656,182.91093
2002-06-27,1.6884766,15.180519,185.09903
2002-06-28,1.7941895,14.4017105,188.33609
2002-06-29,1.9154053,13.372902,185.41092
2002-06-30,1.9161377,13.329445,184.95926
2002-07-01,1.6354952,11.924171,176.71945
2002-07-02,1.788208,8.5355,170.6981
2002-07-09,1.6773682,9.358742,170.66528
2002-07-10,1.5731201,8.993263,170.04327
2002-07-11,1.4287109,8.417824,172.92943
2002-07-12,1.5003662,7.1451187,170.0736
2002-07-13,1.4785156,7.5594254,170.57135
2002-07-14,1.4835205,12.378273,182.17804
2002-07-15,1.5305166,12.252296,183.00073
2002-07-16,1.3862305,11.4346695,185.13676
2002-07-17,1.2703857,11.045265,181.5164
2002-07-18,1.239502,6.486183,177.1986
2002-07-19,1.2906218,11.819191,184.16536
2002-07-20,1.3562012,6.704933,175.24225
2002-07-21,1.397583,7.018898,176.74232
2002-07-22,1.326868,7.263527,185.74628
2002-07-23,1.5352783,14.164406,186.92793
2002-07-24,1.604248,12.8235855,182.57901
2002-07-25,1.6044922,12.769875,182.36537
2002-07-26,2.045166,8.847023,176.07588
2002-07-27,2.385376,9.743507,174.72945
2002-07-28,2.4436035,10.297951,176.02502
2002-07-29,2.3356934,11.007668,175.67516
2002-07-30,2.0196533,13.117043,178.90585
2002-07-31,2.1117477,14.993019,199.20657
2002-08-01,2.0405273,14.159523,194.15842
2002-08-02,1.8132324,7.5696793,173.48126
2002-08-03,1.8456736,14.3392105,175.42645
2002-08-04,1.8125,14.238625,176.3976
2002-08-05,1.7767334,7.9036636,174.47931
2002-08-06,1.737793,8.559425,175.19412
2002-08-07,1.505127,8.669777,170.37564
2002-08-08,1.3571777,7.2005386,173.255
2002-08-09,1.9848633,14.67173,189.85477
2002-08-10,2.4995117,15.765724,193.91505
2002-08-11,2.3945312,15.041115,193.26617
2002-08-12,1.9454346,13.222023,186.0277
2002-08-13,1.7470703,14.146828,190.5102
2002-08-14,1.6550293,13.032082,185.75262
2002-08-15,1.576294,12.369484,181.99622
2002-08-16,1.5318604,13.3860855,178.95468
2002-08-17,1.4934082,12.990089,182.59412
2002-08-18,1.3654785,11.910988,183.59981
2002-08-19,1.331502,14.997902,177.79599
2002-08-20,1.5131836,8.10923,173.22179
2002-08-21,1.5838623,8.416847,170.27872
2002-08-22,1.9503174,14.976906,175.28163
2002-08-23,1.9699707,14.915871,175.29984
2002-08-24,1.7061768,13.09214,178.8538
2002-08-25,1.4384766,11.9017105,177.82774
2002-08-26,1.2526855,7.4434586,176.8014
2002-08-27,1.2629395,14.602394,181.07706
2002-08-28,1.657959,13.364601,182.72092
2002-08-29,1.8890381,12.926125,182.44917
2002-08-30,1.9759521,9.047218,171.71231
2002-08-31,1.9589844,9.007668,171.6492
2002-09-03,1.5981445,9.352394,170.32967
2002-09-04,1.5268555,14.68882,183.45908
2002-09-05,1.5073633,13.96714,184.07196
2002-09-06,1.6000977,19.285988,194.33667
2002-09-07,2.6488037,17.006203,203.04897
2002-09-08,2.6568108,16.473,203.60222
2002-09-09,2.1673584,14.6204605,200.80556
2002-09-10,1.6889648,13.15757,195.88284
2002-09-11,1.7928467,13.218849,192.62357
2002-09-12,1.8674316,13.51255,189.57814
2002-09-13,1.8514404,13.395119,189.26588
2002-09-14,1.72229,9.226906,173.39445
2002-09-15,1.9805813,14.656105,182.42989
2002-09-16,1.9827776,14.591164,182.4909
2002-09-17,1.7889404,12.982033,178.33751
2002-09-18,1.8946533,14.767921,183.32175
2002-09-19,2.0333252,14.609718,181.25089
2002-09-20,2.0515137,13.240578,178.22736
2002-09-21,1.8208008,12.118996,174.0724
2002-09-22,1.8461914,16.811867,184.82338
2002-09-23,2.0819092,14.8582535,199.33662
2002-09-24,2.0795898,14.7957535,199.2789
2002-09-25,1.9211426,13.093605,193.50311
2002-09-26,2.1047363,15.4485855,203.2232
2002-09-27,2.3354492,15.750343,202.68448
2002-09-28,2.1932373,14.8704605,201.41408
2002-09-29,1.8811073,13.464699,195.02814
2002-09-30,1.5318604,12.282082,192.2944
2002-10-01,1.4318562,13.954445,188.98521
2002-10-02,1.5797119,13.301125,184.57295
2002-10-03,1.5632324,13.26548,185.99606
2002-10-04,1.7473145,14.395363,188.88432
2002-10-05,1.7475586,14.338722,189.44911
2002-10-06,1.7486572,13.139015,184.25117
2002-10-07,1.6604004,12.565285,181.03937
2002-10-08,1.7336426,16.115578,184.00197
2002-10-09,1.7901611,14.611671,179.55594
2002-10-10,1.9011889,9.549171,173.06581
2002-10-11,1.9575195,17.327492,176.58794
2002-10-12,2.1775122,15.661476,180.69121
2002-10-13,2.1263428,14.443214,181.49878
2002-10-14,1.6174316,12.071632,178.55643
2002-10-15,2.0222168,16.50425,199.50986
2002-10-16,2.2268066,15.409523,200.56378
2002-10-17,1.9217749,13.223,197.19733
2002-10-18,1.7743015,12.506203,193.10974
2002-10-19,1.5413818,11.442726,187.98442
2002-10-20,1.5942383,13.2923355,195.6178
2002-10-21,1.6077881,12.727394,188.20096
2002-10-22,1.677124,12.4988785,184.54854
2002-10-23,1.7817383,19.175636,189.66591
2002-10-24,1.8252783,18.147804,188.75972
2002-10-25,1.8173141,15.736671,193.83401
2002-10-26,1.7908936,14.37632,194.84392
2002-10-27,1.7348633,13.473488,198.61336
2002-10-28,1.59729,12.175148,195.5547
2002-10-29,1.3749037,11.232765,193.4805
2002-10-30,1.2822266,7.37632,177.88348
2002-10-31,1.3105469,7.8216324,174.41411
2002-11-01,1.2944336,7.7215347,171.65665
2002-11-02,1.3642578,19.719093,188.11276
2002-11-03,1.5979004,17.363136,203.97803
2002-11-04,1.7755127,15.016457,195.43895
2002-11-05,1.8196917,14.889015,193.49268
2002-11-06,1.6206303,13.544777,186.13283
2002-11-07,1.3530273,12.68882,186.50781
2002-11-08,1.25842,11.588234,180.89154
2002-11-09,1.4328613,7.196144,171.50363
2002-11-10,1.4831543,8.039406,175.43474
2002-11-11,1.8686523,19.678566,180.3989
2002-11-12,2.3132324,18.416847,238.6566
2002-11-13,2.2576904,16.046242,239.19685
2002-11-14,2.1983643,14.42173,214.50201
2002-11-15,2.2296143,14.687843,208.3787
2002-11-16,1.8653784,14.360695,224.68484
2002-11-17,1.614624,13.514015,209.64919
2002-11-18,1.4119873,12.814796,191.34476
2002-11-19,1.6446533,11.975441,217.92192
2002-11-20,1.6400146,11.888039,219.49301
2002-11-21,1.5161133,6.8406754,192.20532
2002-11-22,1.619751,13.996925,198.59302
2002-11-23,1.6394043,13.802101,197.07895
2002-11-24,1.6337891,12.194191,215.1651
2002-11-25,1.6057129,11.412453,213.88287
2002-11-26,1.6062012,16.988625,222.88358
2002-11-27,1.6252441,15.678078,203.48576
2002-11-28,1.559248,14.7332535,202.74316
2002-11-29,1.34375,13.187355,192.6877
2002-11-30,1.6378174,21.192238,194.92409
2002-12-01,1.9997978,19.467628,218.94676
2002-12-02,2.065918,17.709328,193.2174
2002-12-03,2.1246338,8.430519,179.70322
2002-12-04,2.0864258,8.486671,179.72372
2002-12-05,1.9467773,8.398781,193.2113
2002-12-06,1.7923527,16.422218,202.73706
2002-12-07,1.6876221,14.848,198.14972
2002-12-08,1.7342529,12.368996,201.14272
2002-12-09,1.9365234,12.75425,210.77696
2002-12-10,1.9898682,15.135597,222.89864
2002-12-11,2.2736816,16.240578,218.3631
2002-12-12,2.2807617,15.725929,217.67505
2002-12-13,2.1223145,14.347023,211.02367
2002-12-14,1.9422083,13.899269,207.78377
2002-12-15,1.6950598,12.315285,197.89066
2002-12-16,1.4265137,11.459816,204.01842
2002-12-17,1.5001221,12.499855,234.8993
2002-12-23,2.0656738,14.448097,234.93779
2002-12-24,1.9536133,13.911964,225.9228
2002-12-25,1.8851318,16.218117,239.73479
2002-12-26,1.8826904,14.054543,239.7956
2002-12-27,1.7766533,12.855568,239.74248
2002-12-28,1.5493164,12.804054,239.76398
2002-12-29,1.501709,13.773781,230.789
2002-12-30,1.4866943,13.517433,203.0533
2002-12-31,1.5098877,13.446632,196.83205
2003-01-01,1.6116943,6.901222,178.99237
2003-01-02,1.6057653,7.28257,181.23016
2003-01-03,1.5157471,7.4817886,178.85526
2003-01-04,1.6303759,12.442238,184.14124
2003-01-05,1.7924986,17.472023,230.50887
2003-01-06,1.8167725,14.617531,232.2281
2003-01-07,1.8413086,14.506691,223.28203
2003-01-08,1.7861328,13.4329605,206.83731
2003-01-09,1.9027052,17.882668,237.36298
2003-01-13,1.9753418,14.4798355,239.33023
2003-01-14,1.6435547,13.194191,234.49663
2003-01-15,1.6083126,13.06089,234.58095
2003-01-18,1.7667046,14.223,223.67491
2003-01-19,1.6469727,13.075539,210.2778
2003-01-20,1.7302246,12.503761,223.42296
2003-01-21,1.6915407,12.065773,220.39986
2003-01-22,1.4638672,10.765968,191.55576
2003-01-23,1.5795889,7.088234,176.2764
2003-01-24,1.6237564,13.506691,189.08025
2003-01-25,1.7156982,12.337257,203.38716
2003-01-26,1.7751465,16.162941,204.0741
2003-01-27,1.7868652,15.7645035,221.001
2003-01-28,1.8439941,14.847511,225.80693
2003-01-29,1.8338623,14.750832,227.23439
2003-02-03,1.5738525,11.715187,218.04
2003-02-04,1.5688477,11.512062,217.58781
2003-02-05,1.4094238,16.181007,215.8601
2003-02-06,1.3433418,13.791359,197.67339
2003-02-07,1.3223982,13.611671,196.13544
2003-02-08,1.2869873,12.159035,194.42213
2003-02-09,1.3688965,14.614113,199.5881
2003-02-10,1.4748535,14.330421,199.03207
2003-02-11,1.4493656,13.098,200.0642
2003-02-12,1.463623,13.907082,216.50142
2003-02-13,1.5726318,15.658546,215.44241
2003-02-14,1.7625732,15.163918,213.12912
2003-02-15,1.9802246,14.4832535,208.94797
2003-02-16,1.9615479,13.865089,207.78578
2003-02-17,1.9069824,14.3270035,203.86713
2003-02-18,1.7612305,13.378273,199.74637
2003-02-19,1.3806152,11.3563,194.85374
2003-02-20,1.5810547,14.492043,191.19707
2003-02-21,1.6782227,13.750832,190.68954
2003-02-22,1.651123,12.932472,184.52383
2003-02-23,1.482544,12.361183,183.28333
2003-02-24,1.5836182,16.724464,181.0347
2003-02-25,1.6760254,14.760109,196.36069
2003-02-26,1.8415527,13.242531,201.26715
2003-02-27,2.105713,16.044289,204.78322
2003-02-28,2.112793,15.860695,205.61012
2003-03-01,2.1151123,14.424171,207.41887
2003-03-02,2.0893555,13.100441,204.90181
2003-03-03,1.9395752,12.111671,208.49265
2003-03-04,2.0187988,12.001808,203.85954
2003-03-05,1.7424402,9.8113785,195.17209
2003-03-06,1.7032471,13.771339,193.48816
2003-03-07,1.6754293,18.236671,213.04121
2003-03-08,1.4893799,15.741554,209.22914
2003-03-09,1.4016113,13.509621,210.43306
2003-03-10,1.5161133,14.588722,197.06561
2003-03-11,1.9747314,14.515968,200.88574
2003-03-12,1.9886017,14.289406,201.06482
2003-03-13,1.7416992,12.412453,194.15742
2003-03-14,1.5522375,11.999367,195.571
2003-03-15,1.4139404,11.20591,192.64102
2003-03-16,1.3631592,11.06382,185.15398
2003-03-17,1.4897461,10.989601,185.3564
2003-03-18,1.4746094,13.489601,187.77821
2003-03-19,1.4458008,16.320656,228.90935
2003-03-20,1.4708252,16.113625,236.09091
2003-03-21,2.0206442,14.848976,228.5822
2003-03-22,1.9927979,13.800148,227.12979
2003-03-23,1.8758545,12.595558,227.40498
2003-03-24,1.8388672,13.007912,234.0754
2003-03-25,1.7414551,11.758156,224.19923
2003-03-26,1.7233887,14.169533,221.5928
2003-03-27,1.730957,14.053078,221.03041
2003-03-28,1.5653076,12.81089,221.43878
2003-03-29,1.3695068,11.944679,216.64081
2003-03-30,1.4515381,19.798195,202.43803
2003-03-31,1.9753418,17.646828,207.47722
2003-04-01,2.481079,15.915871,225.00217
2003-04-02,2.488037,15.771828,226.97679
2003-04-03,2.175537,14.297707,230.36346
2003-04-04,1.7976074,12.429054,211.08676
2003-04-05,2.1464844,16.681496,200.28842
2003-04-06,2.2874756,15.689308,196.26834
2003-04-07,2.2038574,15.10923,194.6722
2003-04-08,1.8997593,13.977882,192.10426
2003-04-09,1.6449976,12.257179,190.0852
2003-04-10,1.5826416,13.704445,188.17267
2003-04-11,1.6593018,13.451027,187.78734
2003-04-12,1.8112793,14.98716,199.95053
2003-04-13,1.9528809,14.40464,200.7311
2003-04-14,1.9584961,13.980324,200.91351
2003-04-15,2.1282063,14.58091,202.38927
2003-04-16,2.0228262,13.443214,198.51701
2003-04-17,1.9815674,13.127296,196.79929
2003-04-18,1.855957,12.408546,198.70332
2003-04-19,1.815918,18.022804,200.33722
2003-04-20,2.1446533,15.863625,206.20847
2003-04-21,2.1853027,15.476906,206.54628
2003-04-22,2.1047363,14.874855,208.10764
2003-04-23,1.8051758,13.552101,205.58473
2003-04-24,1.6665039,12.988625,196.7055
2003-04-25,1.6185303,15.406593,191.18785
2003-04-26,1.6245117,14.284035,190.88823
2003-04-27,1.629322,12.744972,187.77353
2003-04-28,1.5892334,12.834816,186.01587
2003-04-29,1.6281738,14.814796,191.2717
2003-04-30,1.6837149,15.803566,191.64206
2003-05-01,1.699585,14.454445,199.494
2003-05-02,1.6591797,14.108742,201.81516
2003-05-03,1.598999,13.150734,197.98192
2003-05-04,1.677124,16.935402,202.84903
2003-05-05,1.8135796,15.711769,201.4469
2003-05-06,1.8549805,14.513039,196.99902
2003-05-07,2.1860352,16.179543,202.50323
2003-05-08,2.7801142,16.375832,208.86604
2003-05-09,2.6228027,15.617043,208.39825
2003-05-10,2.6392822,15.611671,206.9847
2003-05-11,2.2385254,14.272316,201.71379
2003-05-12,1.9272461,13.152687,190.14287
2003-05-13,1.854126,16.147316,196.7018
2003-05-14,2.1753721,15.118019,194.03792
2003-05-15,2.1535263,14.833351,192.17293
2003-05-16,2.0664062,9.625587,179.01064
2003-05-17,2.032959,9.463722,179.3454
2003-05-18,2.0223684,9.459816,179.44203
2003-05-19,1.7735596,9.209816,179.13953
2003-05-20,1.574707,16.061867,182.73776
2003-05-21,1.4904785,14.571632,181.01135
2003-05-22,1.3145752,13.710793,181.71869
2003-05-23,1.5220947,14.021828,188.08821
2003-05-24,1.7868652,12.275734,193.2845
2003-05-25,1.7878418,18.332863,193.45073
2003-05-26,2.0,15.848488,202.32736
2003-05-27,1.9868164,15.247414,202.00943
2003-05-28,1.7353516,16.840675,196.98819
2003-05-29,1.9331055,15.993019,200.68161
2003-05-30,1.8817139,14.802589,200.00462
2003-05-31,1.8728027,13.993996,193.29372
2003-06-01,2.1606445,14.771339,195.04886
2003-06-02,2.331543,14.815285,190.81564
2003-06-03,2.2163086,14.190773,188.75172
2003-06-04,1.84729,13.032082,184.59377
2003-06-05,1.6179199,13.560402,182.2892
2003-06-06,1.6210938,13.56382,183.35603
2003-06-07,1.6496582,17.563332,201.3991
2003-06-08,2.1029053,19.29087,206.16519
2003-06-09,2.340454,17.368996,205.82399
2003-06-10,2.3360596,17.246925,206.05638
2003-06-11,2.0117188,15.030617,206.73444
2003-06-12,1.7979736,13.280617,199.62708
2003-06-13,2.229126,19.06968,198.41136
2003-06-14,3.0633202,16.727882,202.47867
2003-06-15,2.9848633,16.051613,203.02098
2003-06-16,2.329834,14.161964,195.41605
2003-06-17,1.9125977,13.169777,185.9689
2003-06-18,1.8000488,12.841652,182.33046
2003-06-19,1.7045898,14.834816,176.04907
2003-06-20,1.7764893,14.688332,177.62682
2003-06-21,1.9628906,14.802589,188.05382
2003-06-22,2.0828857,15.047218,190.63467
2003-06-23,2.0620117,14.755226,190.65428
2003-06-24,1.7106934,13.290871,188.07132
2003-06-25,1.6936035,12.681984,193.91452
2003-06-26,1.7231445,12.730812,193.53159
2003-06-27,1.8217773,13.054054,196.85399
2003-06-28,1.9147949,12.769875,196.80779
2003-06-29,2.1021729,15.789406,196.9751
2003-06-30,2.4888916,14.8392105,202.17313
2003-07-01,2.4855957,14.418312,201.53407
2003-07-02,2.489746,14.43589,201.50119
2003-07-03,2.0726318,13.07798,194.1283
2003-07-04,1.7938232,11.9813,188.97011
2003-07-05,1.7811279,11.164406,187.87657
2003-07-06,1.7191162,14.569191,187.92981
2003-07-07,1.588623,14.569679,190.12743
2003-07-08,1.6190186,13.392921,179.26926
2003-07-09,1.6551533,13.344582,178.16037
2003-07-10,1.6333008,17.479836,188.02664
2003-07-11,1.7580566,14.788918,183.90746
2003-07-12,1.854126,14.552101,179.74455
2003-07-13,1.7923584,12.9207535,176.8083
2003-07-14,1.7263184,13.752296,175.87085
2003-07-15,1.8016357,9.297707,178.26958
2003-07-16,1.8363037,14.931007,185.7608
2003-07-17,1.8588867,14.515968,187.57043
2003-07-18,1.7906494,13.151222,184.66125
2003-07-19,1.8649902,16.098488,183.2715
2003-07-20,1.8753662,16.094093,182.66472
2003-07-21,1.8775635,13.628273,177.55394
2003-07-22,1.9492188,15.780617,181.52429
2003-07-23,1.954834,15.726418,181.52565
2003-07-24,1.9525146,10.145363,170.09026
2003-07-28,1.9400635,10.584328,170.0227
2003-07-29,1.8684082,14.835304,171.81064
2003-07-30,2.0876465,16.119972,189.20477
2003-07-31,2.4179688,15.459816,196.91779
2003-08-01,2.575718,16.070168,196.0945
2003-08-02,2.5283203,15.422218,192.11627
2003-08-03,2.4335928,14.618019,187.01622
2003-08-04,2.21875,13.470558,180.8446
2003-08-09,1.817173,16.277199,177.22195
2003-08-10,1.8291006,15.409035,180.54927
2003-08-11,1.7474365,13.499367,183.08568
2003-08-12,1.829834,14.015968,188.9956
2003-08-13,2.0712175,14.757179,192.00067
2003-08-14,2.092187,14.357765,190.71663
2003-08-15,1.8415527,12.944679,185.85248
2003-08-16,1.5441895,12.988136,183.47275
2003-08-17,1.5532227,12.618996,187.3224
2003-08-18,1.3664551,12.247902,184.2908
2003-08-19,1.2686768,13.031593,190.25359
2003-08-20,1.704956,13.593117,192.98633
2003-08-21,1.8243408,12.56089,194.5314
2003-08-22,1.8171387,12.316261,192.09755
2003-08-23,2.2764893,15.587746,175.5035
2003-08-24,2.5893555,15.882179,171.91528
2003-08-25,2.5821533,11.196632,170.46434
2003-08-29,1.4428711,9.79966,172.78972
2003-08-30,1.6186523,15.7938,185.0875
2003-08-31,2.2174158,14.756691,199.09827
2003-09-01,2.3371582,16.627296,198.74702
2003-09-02,2.4276123,16.222511,199.21797
2003-09-03,2.1342773,14.412941,196.9933
2003-09-04,1.6356201,12.406593,186.77892
2003-09-05,1.501709,12.580421,185.25932
2003-09-06,1.439209,11.9642105,183.51764
2003-09-07,1.6831055,13.851906,172.3125
2003-09-08,1.703125,13.572121,172.57292
2003-09-09,1.8798943,9.42466,170.26878
2003-09-14,1.2682619,9.052589,170.25604
2003-09-15,1.2525635,8.982277,170.95436
2003-09-16,1.1813965,13.201027,175.72711
2003-09-17,1.3076172,17.66343,178.98929
2003-09-18,2.1259766,16.050148,203.49962
2003-09-19,2.548482,14.806496,196.68834
2003-09-20,2.5168457,14.736183,198.17244
2003-09-21,2.1813965,13.774269,198.24846
2003-09-22,1.7949219,12.836281,197.68695
2003-09-23,1.482544,10.877296,193.43564
2003-09-24,1.6496582,13.431984,182.85753
2003-09-25,1.861206,13.916359,180.68256
2003-09-26,1.9221191,14.964699,180.82985
2003-09-27,1.958252,16.079933,183.04094
2003-09-28,1.883667,15.520851,184.06789
2003-09-29,1.8730469,15.169533,184.41908
2003-09-30,1.9920473,15.069435,185.6493
2003-10-01,1.7681885,13.451271,184.54648
2003-10-02,1.4064941,11.947365,183.49358
2003-10-03,1.3216553,13.266945,188.30478
2003-10-04,1.3577881,12.965187,185.25786
2003-10-05,1.6456299,14.639992,195.45319
2003-10-06,1.8044434,13.884132,196.6513
2003-10-07,1.7947998,13.093117,195.1553
2003-10-08,1.5964355,12.238625,192.85214
2003-10-09,1.6994629,14.353859,195.31102
2003-10-10,1.7888184,12.8548355,191.53177
2003-10-11,1.9412842,13.946632,198.96147
2003-10-12,1.9675293,13.072121,199.6842
2003-10-13,1.887085,12.211769,199.53583
2003-10-14,1.7228832,13.364845,197.93307
2003-10-15,1.7672119,12.381691,199.38101
2003-10-16,1.7650146,12.291359,197.81772
2003-10-17,2.217163,14.807472,198.794
2003-10-18,2.2324219,14.672218,198.97502
2003-10-19,1.9082031,12.993996,192.99493
2003-10-20,1.5622559,11.805031,187.56102
2003-10-21,1.3894882,11.792824,182.20746
2003-10-22,1.267334,17.346046,185.80687
2003-10-23,1.5081787,17.090675,204.17136
2003-10-24,1.8984375,20.882668,214.31831
2003-10-25,2.2391357,17.799171,208.45503
2003-10-26,2.277709,17.485695,206.20662
2003-10-27,2.1513672,15.626808,197.14966
2003-10-28,2.0075684,14.989601,188.77396
2003-10-29,2.1766357,14.868019,190.22101
2003-10-30,2.130127,14.410255,189.03026
2003-10-31,1.8571777,12.957863,184.67595
2003-11-01,1.6641846,16.855324,185.39581
2003-11-02,2.0039062,14.847023,191.1943
2003-11-03,1.9971924,14.702492,191.05548
2003-11-04,1.6798611,12.701027,185.05559
2003-11-05,1.6178751,11.090187,171.08078
2003-11-06,1.5576172,13.450539,176.90642
2003-11-07,1.7682762,15.619972,190.22092
2003-11-08,1.890625,14.706398,193.34138
2003-11-09,1.745718,13.377785,192.09483
2003-11-10,1.6008606,12.531593,191.3849
2003-11-11,1.3813477,11.216652,190.79536
2003-11-12,1.2553205,11.116554,195.66417
2003-11-13,1.3062744,11.331398,184.63086
2003-11-14,1.6265869,16.562843,199.60197
2003-11-15,1.9779053,15.3113785,202.32404
2003-11-16,1.979248,13.759621,198.64905
2003-11-17,1.7769775,12.152199,193.41461
2003-11-18,1.4525976,11.0457535,184.24803
2003-11-19,1.3339844,7.4627457,175.98828
2003-11-20,1.2227354,7.6478043,175.61508
2003-11-21,1.2409668,15.118263,176.48943
2003-11-22,1.3533936,13.9105,209.33835
2003-11-23,1.4567871,13.921242,202.46272
2003-11-24,1.489502,12.132668,194.0641
2003-11-25,1.3288498,14.406593,194.72113
2003-11-26,1.3049984,13.927101,197.75995
2003-11-27,1.4729128,12.99839,200.91612
2003-11-28,1.65625,12.436867,183.30168
2003-11-29,1.65625,12.413429,183.49292
2003-11-30,1.4802246,12.943703,203.65282
2003-12-01,1.6115723,12.305031,209.29701
2003-12-02,1.5014648,11.8392105,205.18143
2003-12-03,1.3664551,15.547707,208.4625
2003-12-04,1.4667969,14.2957535,235.46208
2003-12-05,1.7295818,13.51255,211.58606
2003-12-06,1.7235794,13.329445,207.66249
2003-12-07,1.5476074,6.735695,184.25175
2003-12-08,1.6369629,15.92466,188.44987
2003-12-09,1.7699766,14.15464,192.95494
2003-12-10,1.7183838,17.255226,216.77798
2003-12-11,1.8352051,15.18882,221.40753
2003-12-12,1.8295898,15.01255,220.4628
2003-12-13,1.6452637,13.793312,217.50204
2003-12-14,1.4790039,16.036476,213.5981
2003-12-15,1.5895996,14.720558,226.49745
2003-12-16,1.6851807,13.606789,215.30501
2003-12-17,1.8450928,15.579933,223.41753
2003-12-18,1.9294434,14.5110855,202.13689
2003-12-19,1.9761963,14.056007,216.28276
2003-12-20,1.8358154,12.962257,218.87236
2003-12-21,1.7310791,12.974464,227.5963
2003-12-22,1.72229,15.830421,234.6385
2003-12-23,1.7104492,15.478371,231.59401
2003-12-24,1.6395264,14.204445,223.3916
2003-12-25,1.7104492,13.002785,209.79001
2003-12-26,1.8953857,17.80893,206.91441
2003-12-27,1.7716064,17.246925,205.74669
2003-12-28,1.6428223,15.0892105,208.11751
2003-12-29,1.5566406,14.14341,213.13582
2003-12-30,1.7241211,13.542824,191.1575
2003-12-31,1.7740479,13.225441,189.10068
2004-01-01,1.7401123,11.313332,177.64076
2004-01-02,1.7147217,10.193214,176.18175
2004-01-03,1.5206299,8.924171,174.76286
2004-01-04,1.2246094,8.113625,176.43013
2004-01-05,1.3327637,17.523293,202.894
2004-01-06,1.3358154,16.240822,219.98438
2004-01-07,1.2695312,14.78672,234.516
2004-01-08,1.1795459,13.130226,208.75578
2004-01-09,1.1188965,7.6014175,197.82436
2004-01-10,1.1369493,7.601906,200.65544
2004-01-11,1.107544,7.51548,200.35992
2004-01-12,1.27771,13.4798355,190.99226
2004-01-13,1.5883789,12.499855,204.48532
2004-01-14,1.5789795,12.385597,205.70317
2004-01-15,1.4859619,21.391457,239.44637
2004-01-18,1.7167969,13.572121,239.03279
2004-01-19,1.5313721,12.95591,239.35272
2004-01-20,1.5008545,16.330421,233.09486
2004-01-25,1.5300293,16.272316,212.66428
2004-01-26,1.9395752,15.723488,194.85379
2004-01-27,1.9770508,15.181984,194.78975
2004-01-28,1.9481201,14.267433,199.90085
2004-01-29,1.7109375,13.051125,206.17241
2004-01-30,1.6801758,12.715675,201.19955
2004-01-31,1.5897217,12.128273,204.49617
2004-02-01,1.3952637,11.325539,211.3453
2004-02-02,1.3043213,12.9954605,209.39865
2004-02-03,1.3310547,15.845314,197.43886
2004-02-04,1.3452148,15.547218,198.71167
2004-02-05,1.2235107,13.95591,191.21121
2004-02-06,1.2675781,11.925148,188.23782
2004-02-07,1.3111572,10.902687,191.96925
2004-02-08,1.3026123,10.8113785,192.3445
2004-02-09,1.4440918,13.06675,224.20607
2004-02-10,1.5314932,12.901222,239.24232
2004-02-11,1.4797363,11.9988785,231.8521
2004-02-12,1.4442139,12.5457535,211.71645
2004-02-13,1.3630371,12.42173,204.42267
2004-02-14,1.230957,14.76841,199.63861
2004-02-15,1.2524414,13.469093,202.02582
2004-02-16,1.2243652,12.650246,204.18939
2004-02-17,1.3186035,14.57383,201.93768
2004-02-18,1.4993896,13.598976,207.65826
2004-02-19,1.5788937,14.45005,239.84467
2004-02-21,1.7984619,15.7142105,232.80557
2004-02-22,1.8964844,14.361671,219.75813
2004-02-23,1.932251,14.235695,218.08653
2004-02-24,2.113037,13.997902,201.03964
2004-02-25,2.039795,13.556007,204.15924
2004-02-26,1.7359619,12.1688,226.44643
2004-02-29,1.604126,13.653175,239.9303
2004-03-01,1.658081,13.7767105,239.99252
2004-03-04,1.7770996,16.526222,234.6571
2004-03-05,1.8012695,14.945168,222.86565
2004-03-06,1.7626953,14.526222,222.04439
2004-03-07,1.5546875,12.704933,215.99405
2004-03-08,1.8713379,15.230324,211.31706
2004-03-09,1.8730469,13.19175,207.60565
2004-03-10,1.8399658,10.096046,192.10333
2004-03-11,1.8219976,9.936867,189.46135
2004-03-12,1.586792,9.54673,181.39124
2004-03-13,1.4927979,9.211769,182.48718
2004-03-14,1.4973145,14.64756,194.9619
2004-03-15,1.5219727,14.412697,197.0267
2004-03-16,1.5131836,13.024757,208.26762
2004-03-17,1.5136719,15.324562,212.08365
2004-03-18,1.6210938,14.307472,210.82928
2004-03-19,2.3649902,17.224464,192.42413
2004-03-20,2.5245361,16.338722,192.28711
2004-03-21,2.2337646,14.405617,193.02637
2004-03-22,1.7727051,12.947609,191.6023
2004-03-23,2.0716553,15.605812,194.66542
2004-03-24,2.0632315,15.111671,195.76639
2004-03-25,1.684082,12.756691,199.50006
2004-03-26,1.5334473,12.036964,197.29744
2004-03-27,1.6975098,16.085793,198.244
2004-03-28,1.6850586,15.474464,198.56174
2004-03-29,1.4665012,12.610207,199.86226
2004-03-30,1.5244989,12.162941,206.29909
2004-03-31,1.6692419,12.2801285,204.96426
2004-04-01,1.7453613,11.800148,199.44171
2004-04-02,2.0532246,15.859718,194.963
2004-04-03,2.0792837,15.371925,193.55226
2004-04-04,1.8892822,13.23423,186.2704
2004-04-05,1.5509033,11.587257,180.51085
2004-04-06,1.5461426,13.625832,203.75009
2004-04-07,1.6121826,11.997902,194.99577
2004-04-08,1.845459,14.232765,195.23543
2004-04-09,1.8888779,13.587746,195.34807
2004-04-10,1.7098389,12.222023,197.78786
2004-04-11,1.5512695,12.161964,201.25177
2004-04-12,1.8791504,17.89048,230.34784
2004-04-13,2.5578613,16.10337,214.57971
2004-04-14,2.6540527,15.8079605,212.02115
2004-04-15,2.4230957,14.419777,207.12636
2004-04-16,2.3854475,14.485695,199.11101
2004-04-17,2.3682861,15.132179,197.78954
2004-04-18,1.9306641,13.368996,192.68062
2004-04-19,1.7260742,9.331398,181.28963
2004-04-20,1.8389893,9.182472,180.87955
2004-04-21,1.809082,15.205421,182.15245
2004-04-22,1.6773682,13.677589,183.41876
2004-04-23,1.6607656,15.223488,201.23517
2004-04-24,1.8604736,14.333351,198.26602
2004-04-25,2.333129,17.702492,198.81589
2004-04-26,2.5039062,16.619972,198.71158
2004-04-27,2.447894,15.643898,197.07817
2004-04-28,2.147583,14.606789,200.26672
2004-04-29,1.7789307,12.831886,187.14502
2004-04-30,1.880127,8.490578,174.68178
2004-05-01,2.0473413,15.72007,177.06715
2004-05-02,2.0285645,15.010597,177.00055
2004-05-03,1.9753418,14.343605,176.16856
2004-05-04,1.7288818,13.413918,180.50099
2004-05-05,1.5135498,12.908546,182.65067
2004-05-06,1.6618652,18.781105,199.64943
2004-05-07,2.3118896,16.648293,207.77245
2004-05-08,2.3531494,15.465675,207.25809
2004-05-09,2.223755,14.366066,205.40163
2004-05-10,1.9538574,13.146339,198.85898
2004-05-11,1.7351074,12.346046,195.66183
2004-05-12,1.6124487,13.7957535,190.01633
2004-05-13,1.5332031,12.175148,187.74037
2004-05-14,1.4337158,11.354347,180.70482
2004-05-15,1.4444323,13.398781,178.7371
2004-05-16,1.5137682,13.74839,182.151
2004-05-17,1.8242188,16.252296,197.22887
2004-05-18,2.053711,16.105812,201.48227
2004-05-19,2.3613281,15.564796,205.41582
2004-05-20,2.309082,15.097511,205.03934
2004-05-21,2.093482,14.69175,199.38364
2004-05-22,2.0859375,14.571144,198.99951
2004-05-23,1.9387207,13.324562,189.48538
2004-05-24,1.639883,11.844582,175.22809
2004-05-25,1.6088867,16.113625,184.63292
2004-05-26,1.9951172,14.892433,193.06068
2004-05-27,1.9523926,14.417824,194.2606
2004-05-28,1.9372549,14.095558,193.54002
2004-05-29,1.7132568,12.481789,190.94801
2004-05-30,1.5211182,11.624367,181.98523
2004-05-31,1.5811768,20.516945,183.52567
2004-06-01,2.6455078,17.490578,203.1171
2004-06-02,2.6704102,17.089699,203.40582
2004-06-03,2.3250551,14.791847,197.46545
2004-06-04,2.2175293,14.783546,201.19868
2004-06-05,2.2039604,14.672707,200.86273
2004-06-06,2.3388672,14.412941,194.11058
2004-06-07,2.3692627,14.4485855,192.97124
2004-06-08,2.2265625,11.271339,180.16632
2004-06-09,2.3011475,11.185402,175.59006
2004-06-10,2.2730713,11.163429,173.90205
2004-06-11,2.0507812,15.7855,175.71826
2004-06-12,1.8421631,14.192726,178.24426
2004-06-13,1.6317129,13.058205,181.14214
2004-06-14,1.5849609,12.099953,179.55809
2004-06-15,1.5326204,10.033058,173.00177
2004-06-16,1.5161476,14.209328,177.85333
2004-06-17,1.5008545,14.371681,190.31293
2004-06-18,1.7495117,13.5267105,199.86423
2004-06-19,1.7106934,12.990822,200.08847
2004-06-20,2.3569336,15.120949,198.94214
2004-06-21,2.5181885,14.885109,197.81624
2004-06-22,2.3843994,14.488136,193.6751
2004-06-23,2.170288,13.446632,186.09349
2004-06-24,2.3083496,15.961281,186.852
2004-06-25,2.3410645,15.730812,187.19228
2004-06-26,2.192749,13.812843,186.12325
2004-06-27,1.9432373,14.583351,184.88098
2004-06-28,1.7867432,13.683449,179.78238
2004-06-29,1.7590332,13.56089,175.17735
2004-06-30,1.7531738,8.376808,175.50127
2004-07-01,1.7252197,14.411476,188.24469
2004-07-02,2.5567627,13.201027,184.55042
2004-07-03,2.5517578,13.0438,182.118
2004-07-04,2.2305908,11.878761,176.30922
2004-07-05,2.0480957,10.610207,174.76714
2004-07-06,1.8554688,9.901222,172.27768
2004-07-07,1.6989746,9.149757,172.47832
2004-07-08,1.5648193,12.189796,174.08618
2004-07-09,1.3691406,10.138527,176.191
2004-07-10,1.4042969,12.277199,179.07675
2004-07-11,1.508667,12.144875,183.94203
2004-07-12,1.5300293,12.142433,183.64868
2004-07-13,1.5061035,13.413429,184.89143
2004-07-14,1.6236572,12.535011,182.21007
2004-07-15,1.6262207,12.491066,181.87036
2004-07-16,1.4411621,12.37339,184.9305
2004-07-17,1.7990723,17.644386,181.18161
2004-07-18,1.852417,15.900734,183.5782
2004-07-19,1.7463379,13.680031,183.04936
2004-07-20,1.5236816,13.228371,179.52373
2004-07-21,1.8253174,13.420265,178.57329
2004-07-22,2.3093262,14.553566,181.74619
2004-07-23,2.4921875,13.787453,181.80844
2004-07-24,2.4215088,13.321144,179.44304
2004-07-25,2.1081533,12.1846695,174.71635
2004-07-26,1.9498291,14.261574,179.96835
2004-07-27,2.5255127,14.879738,177.2943
2004-07-28,2.9053955,14.448097,177.07611
2004-07-29,2.668213,13.494972,173.21379
2004-08-01,1.642334,16.045753,172.48991
2004-08-02,1.8616943,15.131691,182.08395
2004-08-03,2.0054932,13.499367,176.82867
2004-08-04,2.00708,13.442238,176.45781
2004-08-05,1.9112549,8.913918,170.80328
2004-08-06,1.9581394,14.416847,170.41377
2004-08-07,2.1539307,13.535011,170.0093
2004-08-09,1.6722355,10.630714,170.00447
2004-08-10,1.6901188,14.5892105,178.31757
2004-08-11,1.6120605,13.759132,177.15178
2004-08-12,1.4799347,12.353859,177.34402
2004-08-13,1.3515625,19.558937,176.09027
2004-08-14,2.3450928,17.816261,187.73628
2004-08-15,2.6042671,17.394875,188.421
2004-08-16,2.5240479,16.014503,184.98154
2004-08-17,2.1068115,14.595558,181.74289
2004-08-18,1.9116211,9.319679,172.68378
2004-08-19,1.783081,8.868019,170.38356
2004-08-20,1.8236084,8.435402,170.00037
2004-08-21,1.8195419,8.585304,173.0403
2004-08-22,1.8395996,8.863625,170.63513
2004-08-25,1.4915771,9.122902,170.32532
2004-08-26,1.4824762,8.481789,170.43791
2004-08-27,1.465332,14.17466,181.93857
2004-08-28,1.4486084,12.859718,185.38799
2004-08-29,1.4733887,15.0110855,178.65134
2004-08-30,1.4752197,14.817726,178.61845
2004-08-31,1.3013916,13.048683,175.95319
2004-09-01,1.3608398,12.194679,200.5823
2004-09-02,1.4223633,12.128273,204.28256
2004-09-03,1.5362549,11.782082,183.68307
2004-09-04,1.5253592,6.545265,182.66089
2004-09-05,1.4223633,13.9813,188.67415
2004-09-06,1.8186035,12.437355,196.09314
2004-09-07,1.8621826,12.331886,195.07353
2004-09-08,1.6866455,11.878761,191.77579
2004-09-09,1.5668945,11.984962,182.49237
2004-09-10,2.0423584,15.468117,177.39851
2004-09-11,2.0827637,14.97007,178.19453
2004-09-12,2.0718222,11.359718,174.23695
2004-09-14,1.7685547,15.285988,177.8059
2004-09-15,1.7958403,14.116066,190.66359
2004-09-16,1.8562012,13.856789,200.41516
2004-09-17,1.980835,14.652687,203.96289
2004-09-18,2.567871,16.815285,204.43788
2004-09-19,2.5983524,16.39341,203.9934
2004-09-20,2.4968262,18.959816,195.1515
2004-09-21,2.795166,16.905617,191.43257
2004-09-22,2.7388906,15.820656,185.8428
2004-09-23,2.3579102,13.864113,178.08858
2004-09-24,2.0180664,10.0926285,174.02689
2004-09-26,1.6711521,10.476906,170.53975
2004-09-27,1.6368408,10.353371,171.14894
2004-09-28,1.5911016,14.527199,188.60568
2004-09-29,1.5581055,13.830421,190.66432
2004-09-30,1.4855957,12.874367,187.90637
2004-10-01,1.407959,12.531593,187.10806
2004-10-02,1.385498,12.6863785,185.85184
2004-10-03,1.607666,15.995949,195.87083
2004-10-04,1.8834562,14.68882,201.3315
2004-10-05,2.001175,17.699074,199.1155
2004-10-06,2.3842678,15.668312,199.52808
2004-10-07,2.3431396,15.058937,197.63394
2004-10-08,2.149414,9.902687,172.73941
2004-10-09,2.2753906,10.4954605,170.63687
2004-10-13,1.7909164,8.803566,170.22928
2004-10-14,1.7695312,9.023781,170.65747
2004-10-15,1.8343506,15.149757,184.5631
2004-10-16,1.8833647,15.274513,184.3215
2004-10-17,1.7498779,14.221046,184.97852
2004-10-18,1.7045832,11.963478,175.20335
2004-10-19,1.748332,7.7486343,173.59467
2004-10-20,1.6098633,14.545265,176.57079
2004-10-21,1.5196533,13.323097,174.87598
2004-10-22,1.4876118,12.770851,177.1958
2004-10-23,1.460083,14.770363,192.75893
2004-10-24,1.5714111,13.6204605,185.37308
2004-10-25,1.5629883,13.593117,186.29129
2004-10-26,1.7528076,12.013527,177.633
2004-10-27,1.8131762,10.640968,176.49129
2004-10-28,1.7641602,10.29966,171.5353
2004-10-29,1.4987793,9.089699,177.32092
2004-10-30,1.6179199,14.179543,191.33311
2004-10-31,1.6274414,13.908546,191.31386
2004-11-01,1.6016846,12.420265,186.10608
2004-11-02,1.861084,14.665382,184.20436
2004-11-03,1.8847656,14.291359,184.0475
2004-11-04,1.7243052,12.044289,186.05278
2004-11-05,1.5561523,14.811867,187.0934
2004-11-06,1.3885498,12.222267,189.7516
2004-11-07,1.477417,11.905617,216.02577
2004-11-08,1.4893799,10.841652,210.87018
2004-11-09,1.5512791,14.336769,204.26993
2004-11-10,1.590332,13.828957,204.40938
2004-11-11,1.4647217,12.482765,204.94658
2004-11-12,1.3469238,13.250832,191.24907
2004-11-13,1.4780273,13.849464,177.79927
2004-11-14,1.3917236,13.036964,176.21848
2004-11-15,1.2995605,14.683937,182.50552
2004-11-16,1.4616699,13.747414,183.12119
2004-11-17,1.5102539,13.70298,185.10518
2004-11-18,1.5870361,15.752785,197.66035
2004-11-19,1.7733154,14.50425,199.24342
2004-11-20,1.8505859,14.2454605,197.97244
2004-11-21,1.6744385,13.099464,193.37938
2004-11-22,1.6368408,12.194679,179.38869
2004-11-23,1.6182861,12.145851,179.7466
2004-11-24,1.5428467,7.2122574,178.9042
2004-11-25,1.3709717,11.800148,186.61884
2004-11-26,1.4542236,16.22422,181.64859
2004-11-27,1.4781494,16.1063,179.68102
2004-11-28,1.340332,14.316505,178.21309
2004-11-29,1.40271,13.360207,192.57115
2004-11-30,1.4632568,13.041847,191.82593
2004-12-01,1.381958,11.724464,180.72871
2004-12-02,1.3479958,12.107277,196.3796
2004-12-03,1.4388428,12.629738,191.15167
2004-12-04,1.4189453,11.841164,194.22054
2004-12-05,1.4509277,15.863136,196.3997
2004-12-06,1.4848633,15.124855,198.16461
2004-12-07,1.4060059,14.178078,201.1185
2004-12-08,1.2519531,17.51255,219.02095
2004-12-09,1.1855469,15.128273,211.41106
2004-12-10,1.2458496,14.544533,205.06392
2004-12-11,1.3724365,13.328957,214.17647
2004-12-12,1.3291016,13.041359,216.62283
2004-12-13,1.6468506,13.310402,207.96577
2004-12-14,1.8094845,16.14341,236.43886
2004-12-15,1.7858887,15.718117,238.81015
2004-12-16,1.6955261,13.06675,205.18213
2004-12-17,1.6898193,12.970558,239.37524
2004-12-18,1.6149902,12.996437,236.40773
2004-12-19,1.3862305,15.970558,239.47673
2004-12-20,1.5811138,14.6985855,238.73576
2004-12-21,1.8588867,17.232277,238.25134
2004-12-22,1.9807472,15.980324,232.60258
2004-12-23,1.9150391,15.423195,224.44669
2004-12-24,1.798584,13.832375,208.2897
2004-12-25,1.7330322,12.67173,192.29797
2004-12-26,1.484375,11.913429,192.96228
2004-12-27,1.4589844,17.169777,209.27684
2004-12-28,1.4556885,17.061378,210.70668
2004-12-29,1.510498,14.605812,239.7818
2004-12-31,1.3809814,13.104347,229.41028
2005-01-01,1.3674316,12.983742,222.82152
2005-01-02,1.2288818,14.041359,199.42056
2005-01-03,1.3068848,13.133156,205.41682
2005-01-04,1.3757324,12.385597,201.65054
2005-01-05,1.3723145,10.970558,193.23698
2005-01-06,1.3728027,10.950539,193.21907
2005-01-07,1.6851807,14.989357,200.57964
2005-01-08,1.9172363,14.145363,193.54793
2005-01-09,1.9067383,13.67588,191.29112
2005-01-10,1.6517334,12.302589,192.92064
2005-01-11,1.414917,8.501808,200.76872
2005-01-12,1.3739014,8.62339,202.30489
2005-01-13,1.4023438,16.096046,209.44507
2005-01-14,1.4620361,14.227394,204.216
2005-01-15,1.4637451,13.198097,201.96262
2005-01-16,1.4365234,11.731789,189.35843
2005-01-17,1.3459473,10.223976,196.07971
2005-01-18,1.4460449,9.757668,193.73366
2005-01-19,1.4489746,9.8235855,205.22292
2005-01-20,1.4266357,13.314796,209.00897
2005-01-21,1.4628906,11.856789,222.47108
2005-01-22,1.4537354,11.329933,228.63423
2005-01-25,1.8598671,14.038918,224.2056
2005-01-26,1.8091202,13.732765,221.60918
2005-01-27,1.5771523,12.513039,209.48904
2005-01-28,1.5676289,7.776222,175.93755
2005-01-29,1.5570345,7.747902,176.46376
2005-01-30,1.4398193,14.036476,187.36874
2005-01-31,1.6046143,16.00132,210.14229
2005-02-01,1.7269287,15.414406,205.65865
2005-02-02,1.9075918,10.9105,188.8066
2005-02-03,2.0408936,10.835793,181.90082
2005-02-04,2.046095,10.662453,184.95406
2005-02-05,2.0234375,17.400246,212.61865
2005-02-06,2.0018358,14.258644,211.05898
2005-02-07,1.9191895,13.695168,212.00441
2005-02-08,1.6682129,13.124367,209.94537
2005-02-09,1.442749,12.347023,198.93802
2005-02-10,1.460599,13.189796,199.19556
2005-02-11,1.3334961,12.175148,200.32034
2005-02-12,1.387085,16.261086,211.55565
2005-02-13,1.6782227,14.986183,220.17351
2005-02-14,1.8172607,14.565285,213.89973
2005-02-15,1.8188477,14.403664,212.95358
2005-02-16,1.6696777,13.149757,210.59032
2005-02-17,1.4645853,12.038918,201.66644
2005-02-18,1.2272949,11.352882,201.6593
2005-02-19,1.2718506,14.561867,204.35524
2005-02-20,1.5892096,13.284035,191.46466
2005-02-21,1.6030273,13.022316,192.61469
2005-02-22,1.4675837,16.093605,228.54227
2005-02-23,1.4664125,17.221535,232.62753
2005-02-24,1.387085,15.691261,230.17545
2005-02-25,1.3995361,13.239113,220.98604
2005-02-26,1.62854,13.433449,211.12895
2005-02-27,1.9676514,13.329445,207.22935
2005-02-28,1.9822998,13.204445,207.89987
2005-03-01,1.8013916,16.059914,214.07942
2005-03-02,1.755249,14.006203,209.92212
2005-03-03,1.7462158,13.518898,208.14246
2005-03-04,1.5909424,13.300636,213.35309
2005-03-05,1.8103027,13.459328,236.17387
2005-03-06,2.130371,16.488625,233.15837
2005-03-07,2.1638184,14.79673,229.72806
2005-03-08,2.0327148,13.216164,224.86172
2005-03-09,2.0322971,15.590187,211.72697
2005-03-10,1.9417725,14.224953,212.9538
2005-03-11,1.8928213,13.520851,211.60207
2005-03-12,2.2399902,16.041359,238.18839
2005-03-13,2.2739258,15.980812,239.21306
2005-03-15,1.9787598,14.444191,238.46014
2005-03-16,1.8226719,13.710793,224.22145
2005-03-17,1.8778076,14.406593,197.0241
2005-03-18,2.2244835,13.669777,198.05493
2005-03-19,2.1861572,13.448097,198.78127
2005-03-20,1.8586426,12.236427,198.21143
2005-03-21,1.6523438,11.281105,183.2118
2005-03-22,1.4448242,9.100929,181.67467
2005-03-23,1.5585938,13.749855,187.5005
2005-03-24,1.6254883,13.55381,191.00896
2005-03-25,1.5704346,12.700539,198.31975
2005-03-26,1.5256329,13.155617,225.54295
2005-03-27,1.6026611,12.4329605,207.04295
2005-03-28,1.6234131,12.236183,197.40637
2005-03-29,1.611084,13.469093,194.69691
2005-03-30,1.5662842,14.895851,198.28835
2005-03-31,1.8427982,14.6238785,199.64429
2005-04-01,1.8269043,14.3426285,199.95007
2005-04-02,1.5743408,12.544777,193.58624
2005-04-03,1.3359375,8.493019,181.34521
2005-04-04,1.7675781,9.833351,183.01657
2005-04-05,1.9327221,10.194679,179.60265
2005-04-06,1.965332,10.45591,179.82996
2005-04-07,1.9414062,16.190285,196.454
2005-04-08,2.001193,14.255226,195.29338
2005-04-09,2.0006104,13.87339,194.60988
2005-04-10,2.1531315,16.692238,190.60628
2005-04-11,2.099121,15.970558,188.7129
2005-04-12,1.906127,14.172707,191.24542
2005-04-13,1.8896484,15.547707,191.74223
2005-04-14,1.9030762,13.975929,192.86327
2005-04-15,2.222168,17.327492,202.1259
2005-04-16,2.2594233,16.673683,202.71306
2005-04-17,2.1850176,15.15464,200.8605
2005-04-18,1.8780518,13.677101,198.34203
2005-04-19,1.8905029,13.672707,202.66469
2005-04-20,2.4178467,15.886574,198.89067
2005-04-21,2.4581833,15.694679,198.59132
2005-04-22,2.3363037,14.740089,196.95021
2005-04-23,1.8543701,13.506691,195.35966
2005-04-24,1.6496677,12.974464,193.61154
2005-04-25,1.5634899,14.860207,208.89941
2005-04-26,1.3862438,13.071632,216.89632
2005-04-27,1.5639648,15.198097,223.02785
2005-04-28,1.9832764,14.271828,213.49536
2005-04-29,1.9920654,14.185402,213.22946
2005-04-30,1.7818604,12.46714,200.37263
2005-05-01,1.6099854,11.285011,191.6383
2005-05-02,1.4707031,15.930519,194.77348
2005-05-03,1.6724854,13.829445,205.37085
2005-05-04,1.7298584,13.521828,204.44028
2005-05-05,1.7871094,15.6707535,186.01689
2005-05-06,2.4052734,14.518898,178.89381
2005-05-07,2.4610596,14.17466,178.6563
2005-05-08,2.3255615,13.430031,177.33577
2005-05-09,2.1304932,10.354347,175.516
2005-05-11,1.6658936,8.471535,170.33693
2005-05-12,1.6616211,15.777199,176.22055
2005-05-13,2.194336,17.25962,185.92702
2005-05-14,2.6371813,16.81382,190.13373
2005-05-15,2.6394806,16.679543,190.05544
2005-05-16,2.258789,14.542824,186.01501
2005-05-17,1.9240723,13.028175,180.5397
2005-05-18,1.7172089,14.404152,179.54869
2005-05-19,2.0634766,16.37925,172.88391
2005-05-20,2.400671,16.122902,174.32317
2005-05-21,2.3654785,14.447609,173.14716
2005-05-22,1.9899902,12.974464,171.33934
2005-05-23,1.7980957,12.382179,173.57027
2005-05-24,1.6790771,12.023781,170.59843
2005-05-25,1.4885626,13.975441,196.45496
2005-05-26,1.7734375,13.004738,184.88374
2005-05-27,1.8317871,12.20005,185.76808
2005-05-28,1.7513428,11.813332,184.92516
2005-05-29,1.8739014,13.534523,192.35231
2005-05-30,1.927002,13.661964,189.45331
2005-05-31,1.9179688,13.719093,189.5305
2005-06-01,1.9976807,13.386574,189.71094
2005-06-02,1.9196777,13.06675,189.35196
2005-06-03,2.0721436,14.587746,188.68509
2005-06-04,2.0957031,14.483742,190.40814
2005-06-05,2.123413,14.441261,188.30797
2005-06-06,2.045044,13.804543,186.104
2005-06-07,1.8300781,13.112648,179.45358
2005-06-08,1.9221191,14.521828,180.60535
2005-06-09,2.1359863,14.562843,179.54291
2005-06-10,2.1414795,14.496437,179.10976
2005-06-11,2.0124512,13.704933,178.98508
2005-06-12,1.7402344,12.340675,180.84477
2005-06-13,1.5463543,14.499367,184.41646
2005-06-14,1.5153809,13.252296,190.52762
2005-06-15,1.5826416,12.406593,178.38635
2005-06-16,1.6276855,13.926125,179.78314
2005-06-17,1.8110352,14.381203,188.28206
2005-06-18,2.072998,13.809425,198.35503
2005-06-19,2.069458,13.836281,199.11949
2005-06-20,1.9075928,13.613625,199.58856
2005-06-21,1.8018799,13.15464,198.84619
2005-06-22,1.6478271,12.363625,197.36261
2005-06-23,1.7843018,13.3079605,201.27173
2005-06-24,1.7877197,13.066261,200.69594
2005-06-25,2.5098877,16.58091,201.0589
2005-06-26,2.803711,16.239601,202.04361
2005-06-27,2.4144287,14.512062,199.05118
2005-06-28,1.8272705,12.811867,194.76709
2005-06-29,1.4169922,11.520363,191.44441
2005-06-30,1.3342285,11.6829605,182.98041
2005-07-01,1.2557364,5.9207535,178.06868
2005-07-02,2.014038,13.435646,191.9295
2005-07-03,2.1855469,13.181007,190.1585
2005-07-04,2.2271729,13.770363,184.04259
2005-07-05,2.1802979,13.67173,183.46617
2005-07-06,1.8494873,12.923683,181.66988
2005-07-07,1.5930176,11.527931,178.44948
2005-07-08,1.4719238,10.7767105,178.85258
2005-07-09,2.2788086,15.527199,197.95874
2005-07-10,2.3554058,15.067238,199.29364
2005-07-11,2.1191406,13.685402,196.11766
2005-07-12,2.3337402,17.482765,202.99391
2005-07-13,2.6376953,16.500343,205.40956
2005-07-14,2.4664307,17.138039,194.38774
2005-07-15,2.4785156,16.328957,193.20604
2005-07-16,2.371704,14.413429,183.0281
2005-07-17,1.9890137,9.743996,170.61311
2005-07-18,2.0944824,15.9105,172.81834
2005-07-19,2.1507568,13.944191,174.17307
2005-07-20,2.1141357,13.7488785,174.53223
2005-07-21,2.147705,16.195656,181.0939
2005-07-22,2.144287,16.155128,181.81647
2005-07-23,2.1031494,14.348976,176.23615
2005-07-24,2.0341797,10.022316,171.87193
2005-07-26,1.7570801,15.485451,177.78314
2005-07-27,1.8078613,14.16758,181.27621
2005-07-28,1.6708984,12.865822,180.9602
2005-07-29,1.6875,12.067482,175.52571
2005-07-30,1.4821777,7.5477066,174.61053
2005-07-31,1.371582,13.73423,176.7708
2005-08-01,1.5043945,13.425636,194.77122
2005-08-02,1.5462646,12.563576,195.2403
2005-08-03,1.4852295,11.937843,185.71823
2005-08-04,1.3718262,7.0079117,175.95485
2005-08-05,1.3031006,7.1321793,172.84772
2005-08-06,1.4211426,7.463234,171.3362
2005-08-07,1.7349854,15.369484,177.74672
2005-08-08,1.848999,13.630714,177.99811
2005-08-09,1.8297119,13.437843,177.69046
2005-08-10,1.5875244,11.056252,171.18811
2005-08-11,1.519043,12.1673355,172.68
2005-08-12,1.4471436,11.468117,183.65636
2005-08-13,1.5457764,12.644875,197.37509
2005-08-14,2.2537842,16.06382,199.77417
2005-08-15,2.3267822,15.800148,200.33684
2005-08-16,1.9388428,13.803078,199.47926
2005-08-17,1.513794,12.172218,193.92177
2005-08-18,2.1116943,14.232765,187.78693
2005-08-19,2.246704,14.045265,185.88828
2005-08-20,2.1276855,14.087502,184.60555
2005-08-21,1.7915039,13.167824,183.48434
2005-08-22,1.9720459,13.556984,184.82996
2005-08-23,1.9631348,13.519875,185.13431
2005-08-24,1.7994385,12.390968,182.75952
2005-08-25,1.5102539,11.804543,181.26158
2005-08-26,1.7331543,16.045265,191.5456
2005-08-27,2.0338135,14.570168,199.0278
2005-08-28,1.9464111,13.660011,200.4237
2005-08-29,1.6809082,11.890968,195.27858
2005-08-30,1.6604166,8.815285,173.3666
2005-08-31,1.7261372,9.0355,170.51021
2005-09-05,1.8486328,16.370949,171.40724
2005-09-06,1.8393555,14.658546,170.01437
2005-09-07,1.692627,9.158546,170.03925
2005-09-08,1.6212158,9.028175,170.10258
2005-09-09,1.6182079,14.530617,186.9145
2005-09-10,1.8351154,14.282082,190.74124
2005-09-11,2.086792,9.917824,177.81854
2005-09-12,2.4985294,11.462257,170.0511
2005-09-14,2.8964844,19.636574,173.23615
2005-09-15,2.8535156,19.09507,175.11841
2005-09-16,2.7537842,16.236183,173.60663
2005-09-17,2.3605957,10.138039,170.57286
2005-09-18,2.3736572,15.59214,180.24516
2005-09-19,2.2713623,15.534523,185.31558
2005-09-20,2.4569092,17.509132,197.60504
2005-09-21,2.605713,16.312843,200.19531
2005-09-22,2.5631104,15.384621,198.70657
2005-09-23,2.0792236,13.896339,196.83594
2005-09-24,1.8127441,13.134132,191.25021
2005-09-25,1.670044,12.663185,179.70406
2005-09-26,1.7010498,13.285988,177.50162
2005-09-27,1.7480469,15.885353,179.38538
2005-09-28,1.8632679,14.823097,178.24673
2005-09-29,1.8446598,14.439308,178.03197
2005-09-30,1.6748047,7.9451675,173.25833
2005-10-04,1.5195312,7.742531,171.68784
2005-10-05,2.1383057,13.772316,178.77539
2005-10-06,2.3659668,17.319191,194.96303
2005-10-07,2.3835926,16.780617,197.46918
2005-10-08,2.1989746,15.443703,198.65793
2005-10-09,1.8034134,13.597023,188.48634
2005-10-10,1.6192408,12.431007,183.42311
2005-10-11,1.5069218,8.643898,183.7524
2005-10-12,1.3303223,8.314796,181.87599
2005-10-13,1.5192871,13.2610855,193.03519
2005-10-14,1.5521536,13.040382,193.78252
2005-10-15,1.4893799,11.84214,185.1482
2005-10-16,1.4710693,8.625832,178.4201
2005-10-17,1.6269102,9.130226,176.16043
2005-10-18,1.9605446,17.760597,177.48705
2005-10-19,2.2269287,15.446632,187.2702
2005-10-20,2.239746,15.106789,188.7503
2005-10-21,2.0627441,13.527687,191.02374
2005-10-22,1.7724609,12.391457,189.72728
2005-10-23,1.7739258,12.344093,196.45538
2005-10-24,1.4954834,11.744484,194.5752
2005-10-25,1.4335938,11.193214,182.3412
2005-10-26,1.6197033,10.313332,180.51141
2005-10-27,2.03125,17.750832,197.92256
2005-10-28,2.1347656,15.664406,192.17644
2005-10-29,2.1219482,15.544777,192.08679
2005-10-30,1.8746862,14.381203,187.64427
2005-10-31,1.6278076,12.940285,176.87599
2005-11-01,1.6535645,13.125832,179.27927
2005-11-02,1.7530518,14.827492,187.41075
2005-11-03,1.7349854,13.854347,190.99002
2005-11-04,1.725419,13.371925,189.78914
2005-11-05,1.6488037,12.463722,185.86137
2005-11-06,1.4238281,11.759132,184.7194
2005-11-07,1.4197998,13.465675,186.62782
2005-11-08,1.4593506,13.355812,186.76591
2005-11-09,1.4764404,12.071632,182.90237
2005-11-10,1.4544678,11.827492,182.83641
2005-11-11,1.517334,15.310402,201.01575
2005-11-12,1.6381836,14.749855,199.27347
2005-11-13,1.5500488,12.931984,197.52164
2005-11-14,1.3874931,11.200539,195.86786
2005-11-15,1.365078,12.255714,197.3677
2005-11-16,1.3095703,15.916359,211.85997
2005-11-17,1.5584717,14.601906,225.4852
2005-11-18,1.5675173,13.401222,213.51567
2005-11-19,1.7545166,13.847511,203.2426
2005-11-20,1.7789307,13.536964,201.65181
2005-11-21,1.6551514,12.115578,194.24623
2005-11-22,1.6694336,12.130714,192.35477
2005-11-23,1.6878662,14.200539,195.62341
2005-11-24,1.7336426,13.769875,196.89264
2005-11-25,1.6524658,12.843117,197.50793
2005-11-26,1.3253174,11.423683,205.52884
2005-11-27,1.3884277,15.697609,200.33914
2005-11-28,1.6101074,13.225441,194.0788
2005-11-29,1.6228342,13.083351,193.7677
2005-11-30,1.6635742,13.319679,183.56564
2005-12-01,1.7254639,13.0110855,187.17229
2005-12-02,1.5966797,12.09214,182.51573
2005-12-03,1.4263916,11.999367,185.85483
2005-12-04,1.2886963,11.182472,187.70558
2005-12-05,1.1774902,7.3567886,180.24042
2005-12-06,1.0697021,13.357277,177.59427
2005-12-07,1.0467529,12.100441,177.76508
2005-12-08,1.0267334,17.394386,175.01668
2005-12-09,0.9980469,17.150734,179.37953
2005-12-10,1.2330322,5.942238,178.61038
2005-12-11,1.3806152,16.351418,198.62514
2005-12-12,1.4689941,14.515968,197.21356
2005-12-13,1.4700928,14.2767105,201.766
2005-12-14,1.4005127,19.420265,213.57132
2005-12-15,1.3868713,17.98716,238.52484
2005-12-16,1.4713135,14.59507,230.9336
2005-12-17,1.4639893,14.456398,229.58617
2005-12-18,1.409668,12.626808,218.12772
2005-12-19,1.3023682,11.7801285,215.28912
2005-12-20,1.0404053,10.6204605,223.6305
2006-01-10,1.9564848,13.369484,228.97658
2006-01-11,1.9828987,13.290871,225.75203
2006-01-12,1.8856201,13.600441,233.38365
2006-01-13,1.6094971,12.95591,229.89597
2006-01-14,1.556262,11.535988,215.12544
2006-01-15,1.5270996,11.047218,214.94649
2006-01-16,1.6517534,13.809914,218.70378
2006-01-17,1.7906494,15.677589,216.49788
2006-01-18,1.7969971,15.385109,214.22173
2006-01-19,1.7237749,14.20591,226.77109
2006-01-20,1.7110214,13.260597,226.18808
2006-01-21,1.5949707,11.9017105,234.07082
2006-01-22,1.5906982,12.893898,210.14423
2006-01-23,1.6220703,16.173195,218.43033
2006-01-24,1.9147949,14.749855,220.24461
2006-01-25,1.8988037,13.884132,216.12747
2006-01-26,1.8248291,14.415871,218.00331
2006-01-27,1.8648682,13.747902,214.39217
2006-01-28,1.7404785,13.138039,212.72762
2006-01-29,1.4924316,11.735695,226.15685
2006-01-30,1.350708,13.118996,223.61769
2006-01-31,1.2728271,12.142433,200.3689
2006-02-01,1.3674316,12.552834,219.30553
2006-02-02,1.4106445,12.303566,218.81252
2006-02-03,1.4404297,16.098976,222.16406
2006-02-04,1.4318848,15.777199,224.68864
2006-02-05,1.507227,13.029152,214.16719
2006-02-06,1.5139008,12.933449,213.64336
2006-02-07,1.4372559,13.423195,228.44562
2006-02-08,1.5910645,12.291359,220.91438
2006-02-09,1.7691193,15.678566,232.03159
2006-02-10,1.9177713,14.84507,239.34427
2006-02-14,1.760498,13.974464,227.32861
2006-02-15,1.8105469,13.286476,231.76082
2006-02-16,1.7150879,12.218605,233.50075
2006-02-18,1.759531,14.747902,220.39847
2006-02-19,1.8127432,14.526222,217.16544
2006-02-20,1.6755371,13.223488,216.06317
2006-02-21,1.3432617,11.777687,211.55122
2006-02-22,1.3748779,13.424416,206.19086
2006-02-23,1.3809814,12.332863,205.41502
2006-02-24,1.371582,12.184425,199.12518
2006-02-25,1.2663574,12.913918,199.21994
2006-02-26,1.3374023,14.097267,192.09114
2006-02-27,1.3342285,12.527199,200.25018
2006-02-28,1.3422852,12.169777,197.00919
2006-03-01,1.4338884,11.7855,200.06285
2006-03-02,1.4331608,11.726906,198.18112
2006-03-03,1.3085938,8.770851,187.84427
2006-03-04,1.3713379,13.934914,190.42984
2006-03-05,1.5565186,15.805031,199.29387
2006-03-06,1.6635742,14.536476,204.01625
2006-03-07,1.704051,13.4051285,207.38304
2006-03-08,1.7861328,14.290871,214.11885
2006-03-09,1.8302002,13.996925,214.80678
2006-03-10,1.7912598,19.412453,193.25987
2006-03-11,2.2264404,16.467628,192.06613
2006-03-12,2.3207731,16.20591,191.93925
2006-03-13,1.9324951,14.228371,190.81711
2006-03-14,1.7379045,12.872414,193.53188
2006-03-15,1.5216064,11.508156,197.86302
2006-03-16,1.3954477,14.487648,219.80508
2006-03-17,1.9742432,14.5145035,196.02121
2006-03-18,2.0320349,14.239601,194.3573
2006-03-19,1.8518066,12.895363,193.06834
2006-03-20,1.8061523,13.477882,187.43996
2006-03-21,1.7548828,14.371437,190.49274
2006-03-22,1.6623535,13.309914,199.48119
2006-03-23,1.5418701,13.551125,198.86223
2006-03-24,1.4002686,12.678078,198.43155
2006-03-25,1.5532227,15.028175,198.05789
2006-03-26,1.6627197,13.963722,193.9266
2006-03-27,1.677002,13.09922,194.96628
2006-03-28,1.6373291,13.145363,196.397
2006-03-29,1.6689625,11.493996,182.04022
2006-03-30,1.5977783,15.081398,196.97673
2006-03-31,1.7505074,14.589699,198.3505
2006-04-01,1.8010254,16.304543,197.11935
2006-04-02,1.8858643,14.800392,196.96902
2006-04-03,1.8792725,14.455666,196.09898
2006-04-04,1.8024902,15.665382,197.63417
2006-04-05,1.8034668,15.601906,197.66527
2006-04-06,1.9780273,16.189796,197.55539
2006-04-07,2.2004395,14.92466,197.8284
2006-04-08,2.1677895,16.206398,194.70361
2006-04-09,2.1871338,15.95005,194.87596
2006-04-10,2.0756836,14.605324,194.98843
2006-04-11,1.8579102,13.117043,193.64867
2006-04-12,1.7336426,12.482765,193.179
2006-04-13,1.7808838,14.480324,194.93753
2006-04-14,1.7469482,13.972511,195.46313
2006-04-15,1.5058594,11.322121,199.22763
2006-04-16,1.5953369,10.525246,183.69646
2006-04-17,1.7945557,15.256203,192.72519
2006-04-18,1.7493896,14.525734,187.37375
2006-04-19,1.6724854,12.581398,175.63533
2006-04-20,1.4000244,8.61216,173.35835
2006-04-21,1.4235706,14.575539,176.4545
2006-04-22,1.4168701,14.428566,179.82086
2006-04-23,1.4919434,12.098488,184.5803
2006-04-24,1.4989014,11.95591,185.0498
2006-04-25,1.6965332,15.301613,206.38287
2006-04-26,1.944458,14.328468,204.84755
2006-04-27,1.8955078,13.701515,204.08694
2006-04-28,1.5939941,15.525246,199.1486
2006-04-29,1.8097172,14.335304,195.61368
2006-04-30,1.7903585,14.047218,195.23651
2006-05-01,1.5496826,14.849953,198.27437
2006-05-02,1.7081299,12.808449,200.36354
2006-05-03,2.1479492,16.75718,205.25232
2006-05-04,2.25,16.407082,204.38354
2006-05-05,2.1515226,14.87339,197.21901
2006-05-06,1.8991461,13.770851,193.68898
2006-05-07,1.8286133,13.310402,195.43909
2006-05-08,1.706543,12.336281,190.43234
2006-05-09,1.6311035,12.305031,190.11057
2006-05-10,1.3486328,11.198097,185.86386
2006-05-11,1.7229004,14.469093,198.74794
2006-05-12,1.8337402,13.804054,198.70201
2006-05-13,1.762207,12.968605,194.65749
2006-05-14,1.5887451,11.543312,188.56233
2006-05-15,2.0461426,15.652687,198.15869
2006-05-16,2.7509766,16.130226,200.48668
2006-05-17,2.6855469,15.189308,199.7089
2006-05-18,2.3416748,14.072609,193.31442
2006-05-19,2.0219727,13.161476,185.96649
2006-05-20,1.6945295,11.692238,177.15685
2006-05-21,1.7468262,13.416847,180.32063
2006-05-22,1.7454071,13.364113,180.43935
2006-05-23,1.675415,12.420265,180.27634
2006-05-24,1.5344238,11.142921,177.59543
2006-05-25,1.3442383,13.740089,181.84384
2006-05-26,1.3859863,13.544777,200.1921
2006-05-27,1.451416,12.113625,208.56415
2006-05-28,1.5687256,14.8738785,202.75107
2006-05-29,1.7116699,13.644875,191.9738
2006-05-30,2.8688965,17.317238,195.74536
2006-05-31,2.947754,16.932472,196.47337
2006-06-01,2.6653337,15.559914,195.33603
2006-06-02,2.2172852,14.897804,193.54489
2006-06-03,2.9543457,15.774757,190.69888
2006-06-04,2.9570312,15.7332535,190.53432
2006-06-05,2.5146484,14.290382,183.9863
2006-06-06,2.2109375,13.417824,177.94336
2006-06-07,1.8756094,9.985207,171.03929
2006-06-08,1.6428223,15.294289,179.8776
2006-06-09,2.3468018,16.201027,187.88506
2006-06-10,2.6026611,15.315285,187.51901
2006-06-11,2.4719105,13.988625,184.13855
2006-06-12,2.1463623,12.921242,175.60345
2006-06-13,1.8508759,12.179543,172.9136
2006-06-14,1.7028809,14.545265,189.29121
2006-06-15,1.9649658,15.911964,200.04442
2006-06-16,1.994873,15.818214,200.4078
2006-06-17,3.661377,19.311378,200.70226
2006-06-18,3.7855225,18.501808,201.29308
2006-06-19,3.2807617,16.16587,200.56416
2006-06-20,2.8518066,14.912941,196.87318
2006-06-21,2.230713,13.506203,191.11487
2006-06-22,1.946557,14.4832535,189.83606
2006-06-23,1.895874,14.19175,191.31964
2006-06-24,1.6605225,13.723976,185.12413
2006-06-25,1.7296143,13.1204605,197.04266
2006-06-26,1.6727295,12.406105,191.93216
2006-06-27,1.572998,11.906593,189.9375
2006-06-28,1.4575195,10.179054,180.23497
2006-06-29,1.7142334,14.20591,194.77469
2006-06-30,1.9628906,14.211769,201.76459
2006-07-01,1.9449463,13.584328,197.90262
2006-07-02,1.6784668,12.485695,189.76242
2006-07-03,1.583252,11.946632,188.70584
2006-07-04,1.6966553,13.546242,199.36812
2006-07-05,2.2780762,14.625343,203.29771
2006-07-06,2.1831055,14.196144,202.58925
2006-07-07,1.9536133,13.297218,192.83269
2006-07-08,2.0548096,14.27964,187.03976
2006-07-09,2.223713,13.064308,180.35088
2006-07-10,2.1210938,12.223976,177.88249
2006-07-11,1.7999268,9.461769,172.06375
2006-07-12,1.7595215,9.244972,177.77586
2006-07-13,1.8292236,15.1829605,192.02574
2006-07-14,1.7647705,14.226906,194.79552
2006-07-15,1.7164307,13.306007,193.87587
2006-07-16,1.4526367,11.889015,183.37978
2006-07-17,1.6627197,17.49253,183.02458
2006-07-18,1.6456299,17.423195,183.90121
2006-07-19,1.4748535,14.318214,187.68439
2006-07-20,1.5019531,13.023293,195.02548
2006-07-21,1.4838867,12.877052,197.26888
2006-07-22,1.4987793,11.590187,203.63263
2006-07-23,1.498169,11.544777,203.85728
2006-07-24,1.5953369,12.24839,188.66414
2006-07-25,1.9038086,14.374855,185.20532
2006-07-26,2.0251465,13.888039,185.80331
2006-07-27,1.9621582,12.993507,185.08168
2006-07-28,1.8464355,15.00425,184.4173
2006-07-29,1.9750977,13.194191,179.35956
2006-07-30,2.0253906,13.097511,179.21893
2006-07-31,1.8195801,13.172218,179.65729
2006-08-01,1.8071289,17.631203,202.62209
2006-08-02,2.027588,15.9798355,207.45117
2006-08-03,2.020752,15.716164,207.14452
2006-08-04,2.0062256,13.863625,200.67345
2006-08-05,2.2294922,15.7313,207.52342
2006-08-06,2.4296875,14.854347,204.99379
2006-08-07,2.300415,13.881691,197.66206
2006-08-08,1.7266846,12.100197,187.10281
2006-08-09,1.5455322,7.781105,170.5625
2006-08-11,2.0720215,14.759621,171.55971
2006-08-12,2.1015625,14.460793,171.37558
2006-08-15,1.7991943,14.951027,178.51341
2006-08-16,1.9052734,13.154152,173.72722
2006-08-17,1.918457,13.087257,172.92744
2006-08-20,1.5882568,9.286476,170.14885
2006-08-21,1.5297852,14.433449,174.61084
2006-08-22,1.5151081,17.250343,193.0236
2006-08-23,1.994873,14.7645035,203.2694
2006-08-24,2.0019531,14.590675,202.9816
2006-08-25,1.6728516,12.031593,196.69434
2006-08-26,1.3885498,10.337257,190.95871
2006-08-27,1.6036377,13.836037,205.16418
2006-08-28,1.6140137,13.395851,205.21259
2006-08-29,1.463623,12.311867,199.49562
2006-08-30,1.3789062,6.5352554,174.9121
2006-08-31,1.5471191,7.862648,171.77771
2006-09-01,1.656312,8.537453,171.00586
2006-09-02,1.6982565,8.7855,171.07845
2006-09-03,1.7062979,13.975929,177.11867
2006-09-04,1.5083008,12.255714,178.7599
2006-09-05,1.6953125,14.274269,192.91545
2006-09-06,1.7666016,12.323097,196.49199
2006-09-07,1.8637695,16.77671,196.55026
2006-09-08,1.8742676,15.152687,188.62134
2006-09-09,1.8893366,15.035011,187.29385
2006-09-10,1.8056641,16.29673,190.72438
2006-09-11,1.8428955,15.002785,190.84396
2006-09-12,2.225789,14.871437,197.79793
2006-09-13,2.2324266,14.581398,195.80324
2006-09-14,1.9598551,13.526222,190.3931
2006-09-15,2.231079,15.389015,180.63007
2006-09-16,2.3066025,14.790382,179.68896
2006-09-17,2.177246,11.5267105,177.94678
2006-09-18,2.159546,17.289406,183.43118
2006-09-19,2.1289062,17.295265,184.28708
2006-09-20,1.9731445,15.814796,185.31813
2006-09-21,1.871582,14.419289,185.39215
2006-09-22,1.940918,14.286964,192.9918
2006-09-23,1.9057617,13.587746,193.64168
2006-09-24,1.6954346,7.6790543,183.4133
2006-09-25,2.0288086,15.145851,200.58888
2006-09-26,2.0820312,14.366554,207.35783
2006-09-27,2.008545,13.788429,204.1963
2006-09-28,1.9556885,13.40757,186.86232
2006-09-29,1.8504639,13.138039,184.68945
2006-09-30,1.5714111,11.6204605,179.77953
2006-10-01,1.5234375,8.224464,176.79272
2006-10-02,1.6445312,15.891945,187.082
2006-10-03,1.7687988,13.918312,190.09428
2006-10-04,1.7741699,13.7923355,190.20108
2006-10-05,1.6334229,8.430031,177.95667
2006-10-06,1.742939,13.41465,176.96983
2006-10-07,1.7404518,9.092384,175.62921
2006-10-10,1.5721436,15.7176285,179.46335
2006-10-11,1.8787842,14.480812,188.44606
2006-10-12,1.8796387,14.432472,188.63304
2006-10-13,1.6291504,12.857277,187.32272
2006-10-14,1.447876,16.216652,186.75684
2006-10-15,1.9567871,14.725929,193.44533
2006-10-16,1.9592285,14.671242,193.46329
2006-10-17,1.9539795,13.48716,193.28267
2006-10-18,1.8481445,12.856789,193.96144
2006-10-19,1.7782993,19.720558,194.55649
2006-10-20,1.9156494,16.206886,203.80095
2006-10-21,2.2601986,15.794777,203.19786
2006-10-22,2.261551,15.991066,201.87672
2006-10-23,1.9837646,14.695168,201.30865
2006-10-24,2.1363525,16.489113,201.71089
2006-10-25,2.178711,16.070168,202.08063
2006-10-26,1.8824463,14.166847,201.01642
2006-10-27,1.8066406,12.336769,195.51163
2006-10-28,1.9404297,15.072121,188.54512
2006-10-29,2.0023193,14.556496,189.32568
2006-10-30,2.055664,17.14634,188.96895
2006-10-31,2.5363693,15.915382,195.85188
2006-11-01,2.5255127,14.738625,189.50662
2006-11-02,2.524414,16.655128,184.40793
2006-11-03,2.5754395,16.002296,183.37726
2006-11-04,2.3435059,14.400734,179.16698
2006-11-05,2.017456,13.4954605,177.07892
2006-11-06,1.725708,12.90049,173.27234
2006-11-07,1.5085449,12.265968,173.2937
2006-11-08,1.3848877,11.81089,173.34735
2006-11-09,1.3174362,8.309425,175.09393
2006-11-10,1.2890625,13.223488,180.85954
2006-11-11,1.5847168,13.2142105,196.4472
2006-11-12,1.668457,12.386574,199.4645
2006-11-13,1.6899681,12.328712,199.21983
2006-11-14,1.6373072,12.893898,194.51878
2006-11-15,2.0205078,13.410988,195.45465
2006-11-16,2.0235157,13.407082,195.76562
2006-11-17,1.7564697,12.415871,192.2008
2006-11-18,1.5290527,11.979347,189.04587
2006-11-19,1.5582752,13.772316,181.82718
2006-11-20,1.5955791,12.606789,176.33636
2006-11-21,1.5992432,12.569679,176.16522
2006-11-22,1.6488037,11.7645035,172.43767
2006-11-23,1.7055664,12.056496,177.43884
2006-11-24,1.6676025,11.70298,191.20638
2006-11-25,1.4599609,12.393654,189.11842
2006-11-26,1.40625,12.231789,180.77689
2006-11-27,1.4006348,12.169289,180.3954
2006-11-28,1.6818848,14.848,195.20502
2006-11-29,1.7427979,13.802101,201.16556
2006-11-30,1.8208008,14.533546,193.78214
2006-12-01,1.8278809,14.492531,193.14929
2006-12-02,1.6817627,13.118507,186.31477
2006-12-03,1.5371094,12.003761,178.83725
2006-12-04,1.3428955,11.266212,174.57967
2006-12-05,1.2644043,13.338234,176.18973
2006-12-06,1.5861816,12.349953,186.17427
2006-12-07,1.7597656,18.370949,183.64932
2006-12-08,2.1743164,15.969582,191.32468
2006-12-09,2.1676025,15.805031,191.07187
2006-12-10,1.875,13.346046,189.92303
2006-12-11,1.769412,12.538429,188.51024
2006-12-12,1.9118652,18.934425,232.16803
2006-12-18,1.8045654,12.964699,219.15825
2006-12-19,2.1762877,13.724464,203.50255
2006-12-20,2.2053223,13.35923,203.14624
2006-12-21,1.9998779,13.210793,216.54315
2006-12-22,1.6816406,12.931984,218.24504
2006-12-23,1.607544,13.359718,196.4467
2006-12-24,1.6538086,14.021828,192.01569
2006-12-25,1.4577637,12.404152,189.0487
2006-12-26,1.6137695,16.344582,222.50453
2006-12-27,1.6564941,16.074074,220.69896
2006-12-28,1.6237793,13.7957535,204.5339
2006-12-29,1.5445557,12.662453,222.40213
2006-12-30,1.4306641,16.747414,232.54868
2006-12-31,1.4866409,14.088722,220.1518
2007-01-01,1.5844727,13.447609,200.58836
2007-01-02,1.6142578,13.447609,199.70815
2007-01-03,1.5687256,12.567238,204.25171
2007-01-04,1.5781202,15.692726,193.47488
2007-01-05,1.6066895,15.019386,201.4458
2007-01-06,1.6009521,13.199074,205.98451
2007-01-07,1.5461416,11.435646,191.16757
2007-01-08,1.5024414,17.352394,203.63853
2007-01-09,1.5636034,16.934914,213.19893
2007-01-10,1.5281982,15.440773,208.93925
2007-01-11,1.7288818,13.156593,239.76854
2007-01-12,1.7236328,15.5438,239.6815
2007-01-13,1.7742805,15.0735855,230.7592
2007-01-14,1.7510986,14.355812,213.09612
2007-01-15,1.6395264,13.454933,194.46326
2007-01-16,1.4312744,12.378761,191.62231
2007-01-17,1.5286865,18.77378,182.65718
2007-01-18,1.7453613,16.585793,190.42496
2007-01-19,1.7984619,11.367531,198.59616
2007-01-20,1.6854248,14.867531,216.9066
2007-01-21,1.4708252,14.326515,199.89618
2007-01-22,1.421875,12.469093,214.39177
2007-01-23,1.3284502,11.514992,212.47406
2007-01-24,1.472168,12.261574,206.99274
2007-01-25,1.4902344,12.106789,206.51898
2007-01-26,1.4174805,13.216164,204.68196
2007-01-27,1.4519396,11.631691,208.1813
2007-01-28,1.4401474,11.335793,209.53587
2007-01-29,1.4644775,17.562355,193.38773
2007-01-30,1.5247803,15.419289,189.25273
2007-01-31,1.512207,14.962746,189.67236
2007-02-01,1.5401611,12.95591,196.36009
2007-02-02,1.5517902,12.831398,196.067
2007-02-03,1.5335693,14.53257,198.97844
2007-02-04,1.4389648,13.902687,199.02396
2007-02-05,1.4335938,16.108253,212.70601
2007-02-06,1.4320068,15.996437,220.55649
2007-02-07,1.4283447,13.008644,223.319
2007-02-08,1.3212891,11.980324,229.21954
2007-02-09,1.2835304,11.262062,227.69533
2007-02-10,1.1193848,10.489113,226.28217
2007-02-11,1.1781006,12.723,192.3445
2007-02-12,1.1992188,11.573097,196.40878
2007-02-13,1.3242188,15.8235855,206.805
2007-02-14,1.5319824,17.62925,221.79697
2007-02-15,1.6162672,17.175644,238.99309
2007-02-16,1.7081299,15.0457535,239.23697
2007-02-17,1.6392822,13.431007,232.43489
2007-02-18,1.4782715,12.153664,222.75238
2007-02-19,1.3189373,10.836281,218.84387
2007-02-20,1.309082,13.13755,238.78685
2007-02-22,1.5009756,16.964699,239.93039
2007-02-23,1.50387,14.665382,215.39308
2007-02-24,1.4788818,13.520851,197.85472
2007-02-25,1.3120117,13.2298355,202.69621
2007-02-26,1.4300537,15.753761,178.33899
2007-02-27,1.4215088,15.602394,180.60402
2007-02-28,1.4248047,14.1985855,192.54987
2007-03-01,1.3325195,13.151222,199.58644
2007-03-02,1.4511719,15.991554,220.79092
2007-03-03,1.6925049,14.230812,204.3247
2007-03-04,1.706543,10.525734,187.15804
2007-03-05,1.7745361,10.20298,185.36153
2007-03-06,1.8304443,12.480324,206.58656
2007-03-07,1.9376221,11.552101,236.01262
2007-03-08,1.9385986,15.953468,236.50699
2007-03-09,1.7292471,13.812843,210.85986
2007-03-10,1.6687012,13.186867,203.74646
2007-03-11,1.8521729,16.577003,207.53165
2007-03-12,2.0950928,15.500343,206.21538
2007-03-13,2.1782227,15.186867,205.07603
2007-03-14,1.9016628,14.340675,204.52599
2007-03-15,1.8178711,14.233742,205.32947
2007-03-16,1.708374,13.437843,205.74393
2007-03-17,1.548584,12.510109,200.00928
2007-03-18,1.3376131,11.825539,193.70363
2007-03-19,1.7963867,15.68882,211.814
2007-03-20,2.1019278,14.907082,215.65724
2007-03-21,1.9459229,14.041847,217.14925
2007-03-22,1.6951904,13.2767105,214.55386
2007-03-23,1.5303955,12.2923355,208.1525
2007-03-24,1.3006592,14.863136,204.34793
2007-03-25,1.6317139,13.630714,195.3247
2007-03-26,1.6828613,13.4017105,194.80814
2007-03-27,1.6140137,14.356789,193.79759
2007-03-28,1.5753174,13.942238,194.26299
2007-03-29,1.6740723,12.826515,186.68765
2007-03-30,1.9281006,19.219582,189.75124
2007-03-31,1.9496174,18.346535,190.50558
2007-04-01,1.9901934,14.972511,191.39848
2007-04-02,2.3099747,17.375832,196.64848
2007-04-03,2.22641,16.264992,197.9923
2007-04-04,2.1010733,15.502785,203.8838
2007-04-05,2.0227356,15.903175,203.36192
2007-04-06,1.9971924,14.918312,201.55257
2007-04-07,1.7646484,13.390968,192.87094
2007-04-08,2.8165283,17.873878,202.16702
2007-04-09,2.8927002,17.776222,202.18813
2007-04-10,2.5622559,15.590675,202.68791
2007-04-11,2.1676025,14.438332,200.9327
2007-04-12,1.6717529,12.964699,196.21326
2007-04-13,1.5397949,13.051125,194.2909
2007-04-14,1.6251221,12.109718,208.53056
2007-04-15,1.7959452,15.928566,220.03142
2007-04-16,1.7519531,15.178078,221.97676
2007-04-17,1.7410889,14.264015,198.72049
2007-04-18,2.1380615,15.981789,195.78416
2007-04-19,2.4243164,15.71714,196.2212
2007-04-20,2.319458,14.421242,197.44684
2007-04-21,1.8658447,12.667824,199.97028
2007-04-22,1.7224436,11.798195,201.86368
2007-04-23,1.742342,14.35923,195.02725
2007-04-24,1.736206,14.268898,194.61975
2007-04-25,1.6257324,13.223488,190.51656
2007-04-26,1.5834961,12.125343,185.40665
2007-04-27,1.6556396,17.713234,188.51976
2007-04-28,1.9239502,16.015968,188.98686
2007-04-29,1.9420166,14.990578,192.95349
2007-04-30,1.9450684,13.933449,201.23518
2007-05-01,1.7716064,13.33091,204.61787
2007-05-02,1.8527832,12.119972,207.36679
2007-05-03,2.0697021,16.014992,209.86719
2007-05-04,2.109497,14.240578,203.6759
2007-05-05,2.060669,13.40464,199.94926
2007-05-06,1.901001,12.455421,194.64328
2007-05-07,1.8925781,9.532082,187.53522
2007-05-08,1.8713379,14.829933,185.37758
2007-05-09,1.9746065,14.747658,183.67285
2007-05-10,1.8270264,9.305031,178.3809
2007-05-11,1.819458,9.301125,177.8155
2007-05-12,1.7881603,15.046242,189.16937
2007-05-13,1.6341553,13.230324,193.26573
2007-05-14,1.4907227,12.253273,187.63402
2007-05-15,1.4567871,12.446632,182.5175
2007-05-16,1.4296875,12.0438,180.37444
2007-05-17,1.3959951,8.260109,175.67032
2007-05-18,1.704834,15.924171,181.52882
2007-05-19,1.9152832,14.944679,181.46222
2007-05-20,1.8040771,13.991554,179.45517
2007-05-21,1.6750488,17.210304,176.78342
2007-05-22,1.7567053,16.485695,178.3113
2007-05-23,1.7098389,15.463234,180.29904
2007-05-24,1.7596436,16.3834,181.86546
2007-05-25,2.012207,10.943703,179.84021
2007-05-26,1.9169922,10.335793,177.63565
2007-05-27,2.079834,15.669777,197.00327
2007-05-28,2.0733643,15.245949,197.4465
2007-05-29,1.789917,13.492531,196.67978
2007-05-30,1.7982178,15.684914,200.00226
2007-05-31,2.0020752,15.50425,202.1052
2007-06-01,1.964076,14.496437,198.4579
2007-06-02,1.732544,13.035988,180.72531
2007-06-03,1.7404785,9.578957,171.96191
2007-06-04,1.8289795,9.993019,170.2437
2007-06-06,1.5477295,9.286232,170.1721
2007-06-07,1.6599121,14.372902,197.3309
2007-06-08,1.6542969,14.066017,198.40242
2007-06-09,1.7701416,15.824318,196.48279
2007-06-10,2.0037842,14.758644,197.5415
2007-06-11,1.9656982,14.62632,197.56343
2007-06-12,1.7701416,13.519142,194.4611
2007-06-13,1.5731201,12.869972,188.90117
2007-06-14,1.4077148,11.8738785,191.42682
2007-06-15,1.6813965,15.868019,185.82094
2007-06-16,1.8339844,13.82505,185.20987
2007-06-17,1.8265381,13.65757,185.15709
2007-06-18,1.6702881,12.733742,180.00917
2007-06-19,1.6501713,9.3704605,174.80717
2007-06-20,1.689209,9.195656,170.27568
2007-06-22,1.9548512,8.976906,170.06479
2007-06-23,2.3723145,14.7855,173.7852
2007-06-24,2.484253,14.152687,173.93095
2007-06-25,2.315918,13.762062,173.50838
2007-06-28,1.5828857,17.581886,175.90118
2007-06-29,1.9347525,15.517433,186.5008
2007-06-30,1.9295654,15.0355,186.62663
2007-07-01,1.5576172,12.679543,189.44733
2007-07-02,1.9462891,14.285011,206.93031
2007-07-03,1.9703369,13.555275,205.76372
2007-07-04,1.9449463,13.336281,203.58597
2007-07-05,1.715332,12.439308,201.68239
2007-07-06,1.4803467,13.740578,201.96964
2007-07-07,1.3913574,12.64341,199.53201
2007-07-08,1.5924072,15.9988785,182.67703
2007-07-09,1.9833679,14.59214,171.73306
2007-07-10,1.9962158,7.7684097,170.7896
2007-07-11,2.2548828,11.141457,170.73799
2007-07-18,1.3634033,8.414894,170.00601
2007-07-19,1.3145752,13.586281,180.10223
2007-07-20,1.3136787,7.9261246,179.29184
2007-07-21,1.4104004,13.45591,187.22916
2007-07-22,1.8717041,14.590187,192.95438
2007-07-23,2.0141602,13.321144,186.60297
2007-07-24,2.0772219,13.438332,185.48009
2007-07-25,1.9345703,10.620949,177.24248
2007-07-29,1.6115608,9.147804,170.20462
2007-07-30,1.5914307,12.119972,173.36275
2007-07-31,1.8094482,14.707863,183.9793
2007-08-01,1.8427734,14.200539,184.74223
2007-08-02,1.8015137,12.815285,179.48683
2007-08-03,1.626708,8.614601,177.05696
2007-08-04,1.5854492,9.056007,170.01573
2007-08-06,2.173706,10.374367,170.13455
2007-08-07,2.2301025,10.267433,170.15982
2007-08-08,2.4296875,11.711769,170.24689
2007-08-16,2.532959,17.99302,175.78964
2007-08-17,2.7828321,15.727394,174.9651
2007-08-18,2.7404785,15.094582,173.85945
2007-08-22,1.5319824,9.996925,170.00818
2007-08-23,1.6673584,15.426125,177.35286
2007-08-24,2.0639648,14.978859,178.3802
2007-08-25,2.3505487,9.2332535,174.26038
2007-08-26,2.6297607,11.12632,170.95604
2007-08-27,2.6323242,11.294289,170.04118
2007-08-30,1.8725433,10.133644,171.10046
2007-08-31,1.9744873,16.299171,189.49753
2007-09-01,2.2753906,16.338722,196.8223
2007-09-02,2.307373,15.959816,196.44676
2007-09-03,2.1610107,14.776222,196.83804
2007-09-04,2.2328997,14.681984,197.11542
2007-09-05,2.0593262,14.195656,194.19067
2007-09-06,2.0859375,14.653175,189.9873
2007-09-07,2.2520752,14.610695,190.84029
2007-09-08,2.2005615,14.321144,190.90714
2007-09-09,1.8205566,12.68589,186.14484
2007-09-10,1.7005615,13.114601,187.13069
2007-09-11,1.7364502,13.20591,180.87369
2007-09-12,1.8400879,12.759621,181.92209
2007-09-13,1.8786621,14.257668,183.60645
2007-09-14,1.9897461,17.451515,186.46515
2007-09-15,1.9394531,15.735207,185.32555
2007-09-16,1.8300781,16.298195,182.95197
2007-09-17,1.8845215,15.963722,182.25412
2007-09-18,1.8010254,14.60923,180.41422
2007-09-19,1.9414062,9.193703,171.65808
2007-09-20,2.0895996,9.297707,176.70815
2007-09-21,2.1479492,18.52134,182.35175
2007-09-22,2.534546,16.446144,185.37817
2007-09-23,2.6420898,16.250832,183.33542
2007-09-24,2.4206543,14.767433,176.69756
2007-09-28,1.7200928,9.170265,170.18077
2007-09-29,1.7751598,16.221046,176.84772
2007-09-30,1.7633047,13.8895035,182.2456
2007-10-01,1.8121338,14.872902,184.79817
2007-10-02,1.8829346,14.603371,185.11269
2007-10-03,1.7949219,13.8270035,184.02489
2007-10-04,1.7589111,16.347511,182.39532
2007-10-05,1.8928022,14.948097,190.08986
2007-10-06,1.9542913,14.461281,190.51024
2007-10-07,1.9759521,13.357765,189.24362
2007-10-08,2.0332031,15.405861,186.53813
2007-10-09,2.1348877,14.932228,185.54457
2007-10-10,1.678832,12.904152,184.51874
2007-10-11,1.4691162,15.867775,189.50854
2007-10-12,1.7144775,13.892189,189.51015
2007-10-13,1.7437735,13.311134,187.75781
2007-10-14,1.7059326,8.359718,177.85214
2007-10-15,1.6228027,8.607765,173.88924
2007-10-16,1.6375732,9.03257,174.84702
2007-10-17,1.642334,9.473,173.12065
2007-10-18,1.9018555,17.55552,182.31483
2007-10-19,2.211914,15.920265,192.16377
2007-10-20,2.158081,15.072121,193.82971
2007-10-21,1.8746338,13.458595,195.24834
2007-10-22,1.5898438,12.032082,193.8255
2007-10-23,1.5690918,12.012062,201.17203
2007-10-24,1.501831,11.233742,208.4867
2007-10-25,1.6939697,15.000343,210.06265
2007-10-26,2.28479,13.860207,209.45444
2007-10-27,2.2735596,13.694679,209.2434
2007-10-28,1.9682617,12.713722,206.96358
2007-10-29,1.5970459,11.532082,202.0094
2007-10-30,1.4257812,11.408058,196.9614
2007-10-31,1.5070801,14.374367,213.55011
2007-11-01,1.6048584,13.500343,208.91545
2007-11-02,1.6031494,17.558449,189.95596
2007-11-03,1.8657227,10.157082,182.47282
2007-11-04,2.0310059,19.259132,185.16077
2007-11-05,2.2222586,16.678566,193.72018
2007-11-06,2.210455,16.027687,191.94684
2007-11-07,1.9136963,14.221046,193.23576
2007-11-08,1.6236572,13.274269,196.72197
2007-11-09,1.482666,12.672707,190.36821
2007-11-10,1.3771973,11.6048355,186.92155
2007-11-11,1.2310791,10.838234,182.80185
2007-11-12,1.2364502,8.144875,172.98737
2007-11-13,1.248169,12.3877945,182.48239
2007-11-14,1.3602295,11.903175,178.68759
2007-11-15,1.3620605,10.40757,175.76418
2007-11-16,1.3496094,13.316505,177.92624
2007-11-17,1.3334293,12.149757,179.05568
2007-11-18,1.4570312,14.202492,192.43794
2007-11-19,1.4572573,13.616554,192.41618
2007-11-20,1.348999,12.877296,186.14206
2007-11-21,1.1689453,12.128761,180.39996
2007-11-22,1.2490807,13.340675,187.8136
2007-11-23,1.3095703,12.98716,189.15128
2007-11-24,1.389842,8.493507,181.24255
2007-11-25,1.3863983,8.576027,180.418
2007-11-26,1.4841309,9.384621,182.91434
2007-11-27,1.5238037,16.136086,191.48651
2007-11-28,1.4604492,15.055031,190.83177
2007-11-29,1.4023438,16.235695,210.6738
2007-11-30,1.440918,14.588478,220.86317
2007-12-01,1.4296875,14.266945,223.71283
2007-12-02,1.7624512,16.039894,196.94048
2007-12-03,2.0028076,14.8582535,195.10332
2007-12-04,1.8251953,13.329445,195.0825
2007-12-05,1.7937012,16.136086,196.75235
2007-12-06,1.8463192,15.195168,195.7501
2007-12-07,1.6645508,13.43882,195.55733
2007-12-08,1.637085,20.832375,219.11809
2007-12-11,1.5230713,13.659523,239.50468
2007-12-12,1.5257568,14.943214,226.23071
2007-12-13,1.4144287,13.938332,219.66464
2007-12-14,1.2739258,12.117043,216.4076
2007-12-15,1.2921143,11.508644,199.80693
2007-12-16,1.3896484,14.355324,196.39648
2007-12-17,1.5827637,13.912941,193.21918
2007-12-18,1.9300537,16.922707,195.33615
2007-12-19,2.019165,16.04087,194.83653
2007-12-20,1.9072981,14.483009,197.88872
2007-12-21,1.4975586,12.378517,196.01723
2007-12-22,1.3829346,15.981789,206.59135
2007-12-23,1.643508,14.035011,216.72627
2007-12-24,1.6627197,13.502785,217.713
2007-12-25,1.447876,12.2610855,214.23647
2007-12-26,1.3221436,11.840187,212.00784
2007-12-27,1.2489014,10.752052,222.22258
2007-12-28,1.2122803,13.556984,217.56528
2007-12-29,1.3087158,12.675392,211.14084
2007-12-30,1.4000244,14.169777,206.1738
2007-12-31,1.4978027,13.062843,198.86017
2008-01-01,1.5143423,12.315773,197.07904
2008-01-02,1.4868164,12.186867,200.74419
2008-01-03,1.5976562,14.257179,196.5402
2008-01-04,1.8214102,12.982277,228.51826
2008-01-06,1.4224854,11.960304,239.20378
2008-01-07,1.4019775,11.903664,234.20367
2008-01-08,1.1669738,10.797218,229.3919
2008-01-12,1.2662354,11.6517105,239.89812
2008-01-13,1.434082,17.163925,233.58781
2008-01-14,1.862793,15.661476,229.75455
2008-01-15,1.8771973,15.259621,230.08978
2008-01-19,1.7347412,18.247414,232.57841
2008-01-20,1.9094238,16.629738,220.6653
2008-01-21,1.9191895,16.402199,220.0917
2008-01-22,1.7869873,14.6551285,218.39343
2008-01-23,1.6381836,12.427589,223.37637
2008-01-24,1.5661621,14.786964,211.81381
2008-01-25,1.6350098,14.494484,210.65454
2008-01-26,1.8033447,14.152199,207.25192
2008-01-27,1.9206543,14.806496,205.69681
2008-01-28,1.8601484,13.961769,205.68471
2008-01-29,1.8231201,14.318703,208.50809
2008-01-30,1.666748,12.996437,208.58691
2008-01-31,1.5791016,15.957619,222.98677
2008-02-01,1.6959562,14.477882,222.46986
2008-02-02,1.6828613,13.548195,217.75893
2008-02-03,1.6883535,13.451027,217.04205
2008-02-04,1.5449219,12.483742,215.48029
2008-02-05,1.4650879,11.102394,215.79016
2008-02-06,1.4541016,14.8079605,224.93205
2008-02-07,1.3564453,13.078468,220.35547
2008-02-08,1.3874741,11.805031,207.17543
2008-02-09,1.4816895,14.629738,203.74141
2008-02-10,1.571167,13.477882,202.21945
2008-02-11,1.5042725,12.809425,203.57262
2008-02-12,1.5537109,20.983253,226.69809
2008-02-13,1.5751953,20.659523,229.85323
2008-02-14,1.4567871,17.256691,239.78938
2008-02-16,1.8269043,13.377785,225.79417
2008-02-17,1.8727484,13.243507,226.89897
2008-02-18,1.6818848,12.06675,237.07185
2008-02-22,1.4869385,12.478859,239.2226
2008-02-23,1.432251,12.009621,230.6022
2008-02-24,1.2964916,14.564796,209.41382
2008-02-25,1.5040283,17.55552,217.12694
2008-02-26,2.008545,16.598976,219.75897
2008-02-27,2.369995,15.8079605,216.0573
2008-02-28,2.248413,17.371681,234.70583
2008-02-29,2.5246582,17.24839,237.3838
2008-03-01,2.4487305,14.821144,234.65012
2008-03-02,2.5932617,15.760597,206.69525
2008-03-03,2.7818604,16.047218,205.22682
2008-03-04,2.4283724,14.709816,205.46481
2008-03-05,1.9827881,13.303078,215.24232
2008-03-06,1.6030273,12.056984,215.89235
2008-03-07,1.5953369,13.154152,215.3832
2008-03-08,1.8284912,14.830421,216.92322
2008-03-09,1.835083,14.639015,216.78145
2008-03-10,2.074463,16.167824,209.37018
2008-03-11,2.0907412,15.999855,208.41115
2008-03-12,1.8248291,14.277687,208.14427
2008-03-13,1.4827881,12.673683,210.1681
2008-03-14,1.4716787,16.019875,208.43542
2008-03-15,1.4157715,14.957863,209.86885
2008-03-16,1.5003662,12.084328,197.9066
2008-03-17,1.763916,12.94175,195.32135
2008-03-18,1.9060822,16.205421,205.3464
2008-03-19,1.8930664,15.850929,206.39647
2008-03-20,1.7860184,13.777199,205.97255
2008-03-21,1.7208252,15.624855,206.90138
2008-03-22,1.8547363,12.638527,231.88965
2008-03-23,2.040039,17.262558,219.25833
2008-03-24,2.0368652,17.155128,218.13445
2008-03-25,1.9567871,14.9798355,209.97128
2008-03-26,2.2259521,17.181007,208.67375
2008-03-27,2.2335892,16.588722,208.28517
2008-03-28,2.0473633,14.554054,206.32849
2008-03-29,1.8249512,13.525246,204.88957
2008-03-30,1.5860596,12.340675,200.01035
2008-03-31,1.5773926,15.9988785,207.3723
2008-04-01,1.9379883,15.790382,207.91533
2008-04-02,2.1723404,15.018898,203.38821
2008-04-03,2.1240234,14.591652,202.83778
2008-04-04,1.8150635,13.166847,201.02591
2008-04-05,1.6314697,11.892921,200.50012
2008-04-06,1.5577393,14.581398,201.39914
2008-04-07,1.3961182,12.886574,198.4797
2008-04-08,1.3533936,12.951515,189.99588
2008-04-09,1.5096436,16.281105,189.83955
2008-04-10,1.7902832,14.52256,192.43083
2008-04-11,1.8232584,13.888527,192.16527
2008-04-12,1.762207,13.510597,191.14986
2008-04-13,1.7269287,13.496437,190.94968
2008-04-14,1.6019287,13.114113,192.86696
2008-04-15,1.4892578,12.306984,192.96997
2008-04-16,1.5332031,15.426613,203.3392
2008-04-17,1.9385986,19.8563,193.44995
2008-04-18,2.1515245,18.118507,190.36374
2008-04-19,2.119995,17.420265,188.26282
2008-04-20,1.904419,14.937843,188.48544
2008-04-21,1.6419668,13.520851,191.11499
2008-04-22,1.6246338,15.726418,202.8986
2008-04-23,1.810297,15.822121,204.95319
2008-04-24,1.7241211,12.281593,192.54858
2008-04-25,1.7026367,12.299171,190.44339
2008-04-26,1.6868896,12.620949,190.89125
2008-04-27,1.7145996,15.471046,196.40837
2008-04-28,1.7329102,14.29673,192.41653
2008-04-29,1.6322021,13.326027,192.15923
2008-04-30,1.7390137,16.93052,197.05669
2008-05-01,1.982666,16.11216,199.68758
2008-05-02,1.9382324,15.621925,199.9361
2008-05-03,1.9610596,14.058937,188.08682
2008-05-04,1.9473877,13.954445,187.63846
2008-05-05,1.8339844,14.207375,184.67418
2008-05-06,1.7541504,13.635109,191.27824
2008-05-07,1.9803467,13.563576,194.79485
2008-05-08,2.0612793,13.8563,194.36348
2008-05-09,2.2651367,14.715187,191.90388
2008-05-10,2.2495117,15.7923355,188.79486
2008-05-11,2.069336,14.367043,185.50865
2008-05-12,1.7924805,13.051613,178.79048
2008-05-13,1.625,12.26255,175.78185
2008-05-14,1.5625,13.599953,176.53252
2008-05-15,1.4984131,12.421242,175.3175
2008-05-16,1.734375,15.394875,193.34764
2008-05-17,1.8559513,14.220558,193.61816
2008-05-18,1.7852783,13.2298355,191.59456
2008-05-19,1.6577148,12.568214,192.48833
2008-05-20,1.5279541,12.223976,193.45091
2008-05-21,1.6821289,14.050636,193.49153
2008-05-22,1.9592285,13.247902,194.28317
2008-05-23,1.9193115,12.491554,193.34448
2008-05-24,1.5939941,11.314796,193.191
2008-05-25,1.6175919,10.992043,187.86806
2008-05-26,1.767456,14.677589,189.96927
2008-05-27,1.7811279,13.978371,197.4768
2008-05-28,1.9984131,14.819191,197.4054
2008-05-29,1.9794922,14.216652,191.68433
2008-05-30,1.7889624,12.809914,177.92375
2008-05-31,1.5428467,7.9378433,172.6891
2008-06-01,1.6004076,9.166359,170.12605
2008-06-02,1.4768066,8.514015,170.97845
2008-06-03,1.7553711,14.70005,181.68896
2008-06-04,1.7666016,14.408058,182.16493
2008-06-05,1.572998,12.786476,186.40575
2008-06-06,1.6896973,13.223,188.90674
2008-06-07,2.0316162,18.951027,195.26166
2008-06-08,2.1730957,16.858742,196.77568
2008-06-09,2.3482552,14.993019,194.98967
2008-06-10,2.3824463,14.378761,189.5433
2008-06-11,2.21167,10.800148,174.73271
2008-06-13,2.1532145,9.802101,172.66954
2008-06-14,2.229846,16.695656,179.20653
2008-06-15,2.2181396,15.883644,179.53539
2008-06-16,2.0306396,14.624855,182.38188
2008-06-17,1.8945312,16.236183,191.74425
2008-06-18,1.982666,15.110695,187.17413
2008-06-19,2.1113281,14.774269,186.46423
2008-06-20,2.1955566,14.461769,181.19672
2008-06-21,1.9674072,13.662941,179.711
2008-06-22,1.8696289,13.024269,173.08218
2008-06-23,1.8966064,12.457863,173.26585
2008-06-24,1.7686768,16.974953,178.19484
2008-06-25,1.767456,15.47007,185.93759
2008-06-26,1.9522705,16.059425,182.10406
2008-06-27,2.092163,15.446144,181.29036
2008-06-28,2.1952333,13.822121,177.38402
2008-06-29,2.0511475,13.193703,177.95605
2008-06-30,1.8078613,14.509132,175.3316
2008-07-01,1.5284424,13.259132,179.98131
2008-07-02,1.501831,12.631691,195.17201
2008-07-03,1.5375538,11.918312,194.3372
2008-07-04,1.6321716,6.3880386,175.7765
2008-07-05,1.5377197,7.0071793,175.94783
2008-07-06,1.583252,11.678566,192.6461
2008-07-07,1.7679443,12.923683,191.55632
2008-07-08,1.8843994,12.9188,188.16487
2008-07-09,1.8039551,12.360695,183.33432
2008-07-10,1.692627,11.560402,178.99777
2008-07-11,1.4353027,10.691261,178.08644
2008-07-12,1.3946533,12.114357,185.17374
2008-07-13,1.588501,12.975685,186.48325
2008-07-14,1.5456543,11.578224,190.3741
2008-07-15,1.6531982,14.173439,200.21176
2008-07-16,1.7366943,13.461769,194.12552
2008-07-17,2.7687988,15.5735855,201.73174
2008-07-18,2.8301735,15.228371,201.24939
2008-07-19,2.3654785,14.114113,198.28174
2008-07-20,1.994873,13.119972,191.85391
2008-07-21,1.6578369,11.928078,182.74208
2008-07-22,2.0040283,14.260597,191.00873
2008-07-23,2.0197754,13.831398,191.41743
2008-07-24,1.8742676,15.903664,187.33043
2008-07-25,2.144287,14.041847,191.56291
2008-07-26,2.1269531,13.835793,191.44557
2008-07-27,2.3376465,14.927101,190.9072
2008-07-28,2.355957,14.685402,191.68867
2008-07-29,2.1825,13.551125,187.49886
2008-07-30,2.0297852,9.848976,171.76065
2008-07-31,2.0286865,9.87632,171.76645
2008-08-04,2.2659912,10.96714,170.00056
2008-08-05,2.0239258,10.239113,176.37535
2008-08-06,1.8487549,14.451759,183.23386
2008-08-07,1.7905273,13.769875,179.10867
2008-08-08,1.9093018,13.67466,183.44131
2008-08-09,2.0021973,15.392921,184.65114
2008-08-10,1.9921875,14.62339,184.19785
2008-08-11,1.9405375,13.489601,181.84131
2008-08-12,1.8048096,12.871437,178.71982
2008-08-13,1.3978271,11.370949,178.5197
2008-08-14,1.2324219,10.733742,179.51663
2008-08-15,1.1949463,10.08091,176.51505
2008-08-16,1.5395508,14.864601,175.19841
2008-08-17,1.6138916,13.431007,176.43875
2008-08-18,1.7404785,12.422218,178.11035
2008-08-19,1.8878174,16.206398,178.80084
2008-08-20,2.2160645,14.465187,176.28157
2008-08-21,2.2172852,14.411476,176.48569
2008-08-22,2.011963,9.179543,171.79274
2008-08-25,1.5249014,17.09922,176.49438
2008-08-26,1.9655762,14.622414,199.00055
2008-08-27,2.0490723,14.223976,198.68517
2008-08-28,2.019043,12.532082,188.07951
2008-08-29,2.3465576,16.074074,181.2284
2008-08-30,2.5821533,14.896828,179.14162
2008-08-31,2.3933105,14.062355,176.27388
2008-09-01,2.2590332,15.784523,200.9419
2008-09-02,2.3066406,15.222023,202.4936
2008-09-03,1.9958496,13.607765,199.8681
2008-09-04,1.942627,12.488625,189.18341
2008-09-05,2.3428955,10.5110855,175.85344
2008-09-06,2.358409,10.658546,176.25058
2008-09-07,2.3427734,10.458351,174.65208
2008-09-08,2.338745,15.408058,183.18498
2008-09-09,2.1600342,14.50132,184.92328
2008-09-10,1.9365234,13.781593,187.2392
2008-09-11,1.9127197,13.727882,187.82224
2008-09-12,1.7050781,13.254738,183.4314
2008-09-13,1.9163818,16.18052,180.32837
2008-09-14,1.9586182,15.383644,180.8135
2008-09-15,1.9260254,15.985695,189.18036
2008-09-16,2.074829,14.495949,197.30502
2008-09-17,2.0761719,14.4520035,197.06265
2008-09-18,1.8518066,13.234718,189.76883
2008-09-19,1.5999756,12.493019,185.04773
2008-09-20,1.668335,9.089699,173.36064
2008-09-21,1.6896391,10.584816,171.71202
2008-09-23,1.6679688,16.751808,180.03156
2008-09-24,1.8216553,15.616066,189.62779
2008-09-25,1.9000244,13.447609,189.4231
2008-09-26,1.9077148,13.368019,188.3453
2008-09-27,1.9338379,15.493019,177.90036
2008-09-28,2.3337402,14.433937,182.89261
2008-09-29,2.322754,14.379738,182.89066
2008-09-30,1.9395752,15.9363785,186.30142
2008-10-01,1.9287109,15.855812,186.76076
2008-10-02,2.350586,15.695656,200.15381
2008-10-03,2.3267822,15.290871,200.487
2008-10-04,2.1467285,13.564796,191.53549
2008-10-05,1.9776611,15.966652,186.74214
2008-10-06,1.8313961,14.688576,183.46126
2008-10-07,1.7204142,12.934914,175.75958
2008-10-08,1.7234764,12.878761,174.87032
2008-10-09,1.5922852,11.818703,173.01822
2008-10-10,1.5141602,14.382668,186.54951
2008-10-11,1.4897461,14.088722,187.33902
2008-10-12,1.607666,12.166359,199.79039
2008-10-13,1.6455603,14.837746,200.56963
2008-10-14,1.6229773,13.781105,199.1813
2008-10-15,1.8009033,14.435402,203.38031
2008-10-16,1.8045654,14.398293,203.31032
2008-10-17,1.5662842,8.415871,183.09036
2008-10-18,1.7406006,17.051125,189.50041
2008-10-19,2.023593,15.815285,198.89584
2008-10-20,2.001831,14.894386,197.80917
2008-10-21,1.9174805,18.222511,200.33446
2008-10-22,2.3061523,15.821144,199.90663
2008-10-23,2.3010254,15.7488785,199.72891
2008-10-24,1.879179,13.677589,192.89172
2008-10-25,1.9505615,9.264015,172.25963
2008-10-26,1.9296875,9.278175,172.43045
2008-10-28,1.5592022,8.369484,170.61922
2008-10-29,1.7369385,15.862648,185.57849
2008-10-30,1.9433594,16.097023,191.17282
2008-10-31,2.0003853,14.970558,194.10391
2008-11-01,2.0514545,14.6048355,192.4329
2008-11-02,1.9422827,13.348,190.82143
2008-11-03,1.8139687,15.787453,188.17813
2008-11-04,1.6741943,13.830421,190.04796
2008-11-05,1.6733398,14.336281,189.76997
2008-11-06,1.6605225,13.658058,192.57394
2008-11-07,1.5063477,12.768898,198.30533
2008-11-08,1.5161133,13.894875,210.33481
2008-11-09,1.5198975,13.270851,208.67204
2008-11-10,1.8101807,16.099464,197.70045
2008-11-11,1.9647255,14.486183,194.45956
2008-11-12,1.947876,14.179543,193.5155
2008-11-13,1.7763672,13.160988,190.32196
2008-11-14,1.6826172,17.452003,194.4792
2008-11-15,1.6882324,15.453468,196.04741
2008-11-16,1.6081543,13.702492,197.09706
2008-11-17,1.5029297,12.565285,194.20934
2008-11-18,1.6213379,12.694679,214.60876
2008-11-19,1.6918602,12.944679,219.92256
2008-11-20,1.6104736,12.616554,239.36148
2008-11-21,1.5402832,12.567726,215.69987
2008-11-22,1.6053467,14.910011,194.30849
2008-11-23,1.9869385,14.3235855,193.18866
2008-11-24,1.9775391,14.168312,192.4497
2008-11-25,1.7028809,12.369484,187.60963
2008-11-26,1.9567871,14.718605,193.46365
2008-11-27,2.0039062,14.367287,193.58818
2008-11-28,1.7978516,12.663429,192.94586
2008-11-29,1.6502686,11.70591,189.56471
2008-11-30,1.3937988,10.805519,188.07947
2008-12-01,1.8635254,13.453468,203.38359
2008-12-02,1.8659668,13.256691,202.96193
2008-12-03,1.8116407,12.395363,225.9003
2008-12-04,1.7307129,19.804543,237.03566
2008-12-05,1.7209473,14.636574,234.40018
2008-12-06,1.7218018,14.570656,233.76869
2008-12-07,1.5985832,12.593117,214.84567
2008-12-08,1.6824951,13.481789,219.8376
2008-12-09,1.7984619,14.320656,216.82907
2008-12-10,1.6697626,12.645851,208.05728
2008-12-11,1.5148926,13.003761,207.47
2008-12-12,1.4333496,15.846046,205.42561
2008-12-13,1.3496819,12.492043,213.06325
2008-12-14,1.3001524,11.886818,222.65042
2008-12-15,1.1101074,11.70298,233.1593
2008-12-16,1.1900635,11.594582,207.1739
2008-12-17,1.2763777,12.902199,200.25838
2008-12-18,1.2651367,12.437843,199.37639
2008-12-19,1.1838379,11.283546,191.70677
2008-12-20,1.0997314,10.408058,187.86893
2008-12-21,0.9995117,11.337502,191.21527
2008-12-22,0.9724121,11.991066,179.01082
2008-12-23,1.1193848,14.266945,186.026
2008-12-24,1.3679199,12.982277,191.46109
2008-12-25,1.4092999,12.122902,189.91533
2008-12-26,1.3574219,11.530617,188.97026
2008-12-27,1.3126221,10.979347,186.34286
2008-12-28,1.2194824,13.835793,188.72595
2008-12-29,1.2870092,12.726418,208.36934
2008-12-30,1.3023682,15.163429,217.14093
2008-12-31,1.2983398,12.490578,219.47014
2009-01-01,1.2868109,12.647804,226.08878
2009-01-02,1.5535288,17.145851,213.86842
2009-01-03,1.81602,16.486183,210.91774
2009-01-04,1.6553955,14.431496,205.9311
2009-01-05,1.4630127,12.680519,200.768
2009-01-06,1.4873495,11.3563,188.04713
2009-01-07,1.4188232,11.323097,191.21144
2009-01-08,1.3393555,10.867531,192.47481
2009-01-09,1.3186035,12.265968,196.97675
2009-01-10,1.321167,12.21714,196.99725
2009-01-11,1.2032471,9.093361,204.86899
2009-01-12,1.2032471,9.051857,204.77718
2009-01-13,1.2120361,8.265968,191.53915
2009-01-14,1.223999,8.007179,178.63042
2009-01-15,1.2601318,8.047707,179.19841
2009-01-16,1.3139648,11.364601,200.56314
2009-01-17,1.2832031,14.309914,197.03728
2009-01-18,1.4012098,13.177101,203.34523
2009-01-19,1.489502,12.728859,214.06297
2009-01-20,1.2993155,11.635109,212.69081
2009-01-21,1.1977539,19.237648,238.51657
2009-01-25,1.6870117,13.391945,231.48018
2009-01-26,1.6790771,13.306984,230.29948
2009-01-27,1.496459,11.781593,204.31738
2009-01-28,1.5522461,11.837013,200.52649
2009-01-29,1.4710693,11.167824,209.60692
2009-01-30,1.3044491,12.240089,227.62236
2009-01-31,1.298584,12.082375,224.79944
2009-02-01,1.1925049,9.57505,199.08218
2009-02-02,1.5273438,14.544289,208.83783
2009-02-03,1.5979004,13.787453,208.9264
2009-02-04,1.4915771,12.881691,205.64102
2009-02-05,1.1989746,11.352882,201.37575
2009-02-06,1.295166,16.101425,239.42715
2009-02-07,1.4621582,15.375832,238.53146
2009-02-08,1.6611328,14.2855,218.44968
2009-02-09,1.6547852,13.86216,213.78783
2009-02-10,1.7392578,14.234718,208.91428
2009-02-11,1.7911377,13.422218,212.1268
2009-02-12,1.713501,13.102882,215.21481
2009-02-13,1.6419678,14.173195,232.99275
2009-02-14,1.5234375,12.645363,224.94794
2009-02-15,1.4161377,12.991554,217.15585
2009-02-16,1.3546143,17.167824,220.93065
2009-02-17,1.6064453,14.982765,217.04002
2009-02-18,1.6364746,14.631691,214.03932
2009-02-19,1.4846191,13.305031,215.59523
2009-02-20,1.5296631,16.736183,224.8048
2009-02-21,1.5855703,14.603859,232.79308
2009-02-22,1.6391602,12.777199,224.84013
2009-02-23,1.7404785,11.846535,212.45474
2009-02-24,1.7341309,11.559914,210.12602
2009-02-25,1.7514648,10.135597,199.61038
2009-02-26,1.7418213,10.113136,203.50829
2009-02-27,1.7272949,15.19175,200.16135
2009-02-28,1.789917,14.793312,197.90802
2009-03-01,1.6828184,13.506691,197.91609
2009-03-02,1.8005371,16.20298,214.41287
2009-03-03,1.9505615,13.822121,229.43488
2009-03-04,1.9710693,13.596535,235.17216
2009-03-05,1.564209,11.567238,239.15665
2009-03-06,1.3879395,10.61216,188.81381
2009-03-07,1.466052,10.1063,191.11388
2009-03-08,1.6497803,15.250343,212.45464
2009-03-09,1.7498779,13.866554,214.47003
2009-03-10,1.7110596,13.3426285,213.44078
2009-03-11,1.9573374,15.980812,200.15816
2009-03-12,2.2694092,15.586769,203.05624
2009-03-13,2.2889404,15.518898,203.73889
2009-03-14,2.223877,14.883644,206.0754
2009-03-15,2.0184374,14.159767,207.82529
2009-03-16,1.6463623,12.83213,210.99416
2009-03-17,1.3082275,11.658058,210.35309
2009-03-18,1.2149658,11.291115,200.46878
2009-03-19,1.208374,10.914894,198.97873
2009-03-20,1.1977539,9.406349,188.47014
2009-03-21,1.3658447,15.069679,194.83635
2009-03-22,1.772583,14.871925,202.28604
2009-03-23,1.9472656,14.522804,204.93803
2009-03-24,1.8681641,13.539894,210.32089
2009-03-25,1.7975283,12.913429,204.26761
2009-03-26,1.608964,12.317238,196.83597
2009-03-27,1.6425781,14.424171,193.75835
2009-03-28,1.6501465,14.200539,194.14151
2009-03-29,1.4654541,12.657082,199.41745
2009-03-30,1.5731201,12.829445,206.22237
2009-03-31,1.6083984,16.286964,202.18045
2009-04-01,1.8377686,15.345558,192.94089
2009-04-02,2.0002441,14.64341,193.67305
2009-04-03,1.8896484,14.174171,195.08418
2009-04-04,1.4438477,12.110207,199.36371
2009-04-05,1.4224854,11.992531,190.31758
2009-04-06,1.5090332,15.7923355,196.22192
2009-04-07,1.8587646,14.176125,200.71236
2009-04-08,1.8769531,14.20005,200.78967
2009-04-09,1.8293457,14.676125,204.34854
2009-04-10,1.7554932,12.754738,212.89078
2009-04-11,2.022583,16.025246,214.54037
2009-04-12,1.9873047,15.009132,216.97665
2009-04-13,1.7751465,13.911476,218.25919
2009-04-14,1.8466797,14.264992,217.21074
2009-04-15,1.826416,13.088234,212.2459
2009-04-16,1.7501221,12.428566,203.23979
2009-04-17,1.6685791,12.247414,200.69374
2009-04-18,1.6029043,12.045265,195.89847
2009-04-19,1.5201416,11.1204605,184.28539
2009-04-20,1.4234619,12.079445,198.03983
2009-04-21,2.279663,17.977882,208.26549
2009-04-22,2.5549078,16.379738,209.3855
2009-04-23,2.3687744,15.485207,208.34125
2009-04-24,2.1353111,14.193703,208.60504
2009-04-25,1.7177734,12.642921,201.04767
2009-04-26,1.7580566,14.8426285,194.83961
2009-04-27,1.8758545,14.588478,194.69681
2009-04-28,1.7053223,13.189796,187.60997
2009-04-29,1.6396475,16.270363,182.96774
2009-04-30,1.5922852,14.676125,185.32745
2009-05-01,1.5411377,16.157082,185.15176
2009-05-02,1.4323673,14.417824,194.40001
2009-05-03,1.4051514,13.241066,197.0245
2009-05-04,1.4711914,12.381691,191.97742
2009-05-05,1.4777832,17.03843,191.25978
2009-05-06,1.9700928,15.525246,195.07176
2009-05-07,2.006836,14.976906,194.33795
2009-05-08,1.862793,13.259132,189.30643
2009-05-09,1.6804199,15.886574,186.66844
2009-05-10,1.7011719,14.553566,187.48985
2009-05-11,1.7052002,13.706398,194.17435
2009-05-12,1.7731934,14.388039,186.90332
2009-05-13,1.8184357,14.172707,184.34853
2009-05-14,1.7261162,7.9153824,172.52124
2009-05-15,1.6191406,9.413429,172.05722
2009-05-16,1.6188965,9.581886,172.20595
2009-05-17,1.5512695,15.822121,172.5795
2009-05-18,1.3626709,13.45298,174.32437
2009-05-19,1.3447266,15.615578,176.39969
2009-05-20,1.7720947,14.763039,182.62134
2009-05-21,1.9584961,14.125832,185.59453
2009-05-22,2.0079346,14.1707535,183.18604
2009-05-23,1.9031982,13.329445,179.70345
2009-05-24,1.6337891,12.21714,175.9024
2009-05-25,1.3566895,11.192726,172.32147
2009-05-26,1.2366943,11.902199,171.43123
2009-05-27,1.3540039,14.758156,176.41148
2009-05-28,1.7808838,13.464699,177.77597
2009-05-29,1.7755127,13.417824,177.73187
2009-05-30,1.581543,12.241066,174.92497
2009-05-31,1.576294,9.291847,175.23907
2009-06-01,1.612915,14.706886,176.64894
2009-06-02,1.8884277,13.390968,183.56339
2009-06-03,2.1326904,16.136086,191.04987
2009-06-04,2.3868408,15.737648,197.28577
2009-06-05,2.2539062,14.279152,197.59442
2009-06-06,2.0491943,13.642921,199.54413
2009-06-07,1.814331,13.449074,192.28162
2009-06-08,1.4951172,12.1377945,188.75485
2009-06-09,1.517456,15.588234,189.96184
2009-06-10,1.59375,14.722023,189.5553
2009-06-11,2.1445312,15.909523,201.70522
2009-06-12,2.4699707,14.649757,205.95384
2009-06-13,2.302124,13.759132,203.12823
2009-06-14,1.7457275,13.027687,198.27522
2009-06-15,1.5560303,12.477882,196.14423
2009-06-16,1.5223389,14.653175,182.2195
2009-06-17,1.7523193,13.526222,183.7589
2009-06-18,1.8400879,12.240089,181.49774
2009-06-19,1.7841797,15.5267105,179.77928
2009-06-20,1.6606445,13.537453,181.39676
2009-06-21,1.9914551,16.848488,181.7421
2009-06-22,2.003418,16.14878,180.30104
2009-06-23,1.8669434,14.297707,178.21173
2009-06-24,1.7713623,13.150734,174.52634
2009-06-25,1.8900146,15.714699,172.66629
2009-06-26,1.8876953,15.640236,172.98975
2009-06-27,1.741333,13.576027,176.87843
2009-06-28,1.6005859,12.564796,180.11458
2009-06-29,1.7141113,12.551125,186.80363
2009-06-30,1.8175049,12.989601,186.35936
2009-07-01,1.8043213,12.326027,179.0168
2009-07-02,1.8155441,8.666359,172.13171
2009-07-03,1.9677734,17.311867,186.06744
2009-07-04,2.2425537,16.039894,194.99074
2009-07-05,2.6027832,17.244484,196.67572
2009-07-06,2.8066406,16.167336,199.07903
2009-07-07,2.7749023,15.270363,199.6958
2009-07-08,2.4899902,14.643898,193.3292
2009-07-09,2.0845947,13.457863,184.46608
2009-07-10,1.7523193,12.744728,181.03339
2009-07-11,1.5718994,11.994484,172.52536
2009-07-13,1.7874756,9.562355,170.0042
2009-07-14,1.75459,8.868507,171.50482
2009-07-15,1.8468018,8.694679,171.22015
2009-07-16,1.9382982,9.613625,174.76756
2009-07-17,1.9484863,9.866066,173.89362
2009-07-18,1.8527832,13.355324,174.36882
2009-07-19,1.8198242,14.505226,177.45587
2009-07-20,1.7866211,13.635109,179.41733
2009-07-21,2.0037842,15.829445,190.92372
2009-07-22,2.4215088,17.925636,196.05893
2009-07-23,2.7797852,15.64341,201.12755
2009-07-24,2.776245,15.587746,201.01366
2009-07-25,2.3828125,14.245949,193.4337
2009-07-26,1.921875,9.499367,178.5076
2009-07-27,2.1170654,15.142921,182.72751
2009-07-28,2.1153564,15.0579605,183.01097
2009-07-29,1.9680176,13.432472,184.93214
2009-07-30,1.6844482,12.215675,181.4661
2009-07-31,1.6707764,13.871925,181.30237
2009-08-01,1.8363037,16.04087,178.7053
2009-08-02,1.7954102,14.973976,178.1517
2009-08-03,1.6555176,8.595558,176.07394
2009-08-04,1.5500488,8.556984,174.6191
2009-08-05,2.0040445,16.216164,186.94533
2009-08-06,1.9999247,14.659035,190.42227
2009-08-07,1.9273682,13.2298355,185.22913
2009-08-08,1.8427267,9.304543,175.29843
2009-08-09,1.8934326,9.222023,173.77196
2009-08-14,1.2645264,8.165382,170.05342
2009-08-15,1.4769287,13.257668,180.52905
2009-08-16,1.6107178,15.331398,184.83345
2009-08-17,1.6778564,14.848488,187.34215
2009-08-18,1.7991943,12.543312,181.38846
2009-08-19,1.9069824,18.975441,179.19882
2009-08-20,2.0437012,17.733253,183.12065
2009-08-21,2.053711,15.958351,182.78525
2009-08-22,2.14917,15.819191,186.30779
2009-08-23,2.35437,15.508156,187.47926
2009-08-24,2.3660889,15.433937,186.96564
2009-08-25,2.2022104,14.51841,186.3605
2009-08-26,1.8664551,13.047218,180.6758
2009-08-27,1.5010986,11.869484,176.64113
2009-08-28,1.1832275,8.01255,171.45734
2009-08-29,1.123291,11.87632,179.3466
2009-08-30,0.9534912,10.6517105,187.72061
2009-08-31,1.0802002,10.347511,186.46361
2009-09-01,1.0802002,10.351418,187.24416
2009-09-02,1.3708496,7.339699,175.50233
2009-09-03,1.6617432,7.965431,175.35197
2009-09-04,1.8687744,13.568703,172.24008
2009-09-05,1.8466797,13.409523,172.5113
2009-09-06,1.6573486,9.201515,171.09685
2009-09-07,1.5808105,8.634621,175.51648
2009-09-08,1.6797781,8.216164,176.41563
2009-09-09,1.942627,9.672707,172.29057
2009-09-10,1.9499044,10.022804,170.00075
2009-09-15,1.6820917,10.053566,170.00012
2009-09-16,1.8427734,16.898293,179.39261
2009-09-17,2.0739746,15.031593,186.34575
2009-09-18,2.6799316,18.281105,185.37677
2009-09-19,2.7113543,17.673683,184.23811
2009-09-20,2.6088867,16.190285,180.23346
2009-09-21,2.164463,14.885597,176.36281
2009-09-22,1.8817778,13.4188,174.58322
2009-09-23,1.6499023,11.715187,174.67976
2009-09-24,1.9173584,13.224953,184.8817
2009-09-25,2.0001183,16.274757,180.6588
2009-09-26,1.9644804,16.07505,180.66866
2009-09-27,1.8883648,13.815773,175.83955
2009-09-28,2.0269775,9.666847,174.23877
2009-09-29,2.388794,11.312843,171.35347
2009-09-30,2.4708252,11.796242,170.21361
2009-10-01,2.145194,10.750832,170.36766
2009-10-02,2.1226807,10.480324,172.59468
2009-10-03,2.0012207,15.15464,182.03134
2009-10-04,1.8246956,13.238625,186.36806
2009-10-05,1.8498535,14.905617,192.97742
2009-10-06,1.7375488,13.766457,192.68968
2009-10-07,1.6838379,12.786476,188.65654
2009-10-08,1.6384277,13.211769,187.89906
2009-10-09,1.4224854,11.300636,181.73468
2009-10-10,1.4656982,13.243019,182.3128
2009-10-11,1.3623047,11.7957535,183.91403
2009-10-12,1.7768555,17.683937,190.09183
2009-10-13,2.1480446,15.42173,189.39148
2009-10-14,2.1157303,14.9642105,189.77368
2009-10-15,1.9306669,13.335793,183.43564
2009-10-16,1.7894287,13.32798,183.3385
2009-10-17,1.7193604,17.339699,178.57042
2009-10-18,1.8092041,13.599464,181.18515
2009-10-19,2.0281982,15.868996,187.47853
2009-10-20,2.0134277,15.098,190.32875
2009-10-21,1.861084,13.371925,193.74619
2009-10-22,1.7633991,12.804543,195.8605
2009-10-23,1.5063477,12.223,187.47948
2009-10-24,1.3967285,12.031593,175.79811
2009-10-25,1.3625488,11.981056,176.89888
2009-10-26,1.3618164,12.943214,183.1577
2009-10-27,1.5339355,14.584816,190.65892
2009-10-28,1.5749512,14.395363,189.99329
2009-10-29,1.5244141,13.170265,187.25838
2009-10-30,1.4470215,12.315773,184.71922
2009-10-31,1.2003174,10.87925,188.69731
2009-11-01,1.050293,12.6605,200.79623
2009-11-02,1.163208,12.101418,220.73773
2009-11-03,1.2264404,10.8113785,204.25015
2009-11-04,1.3171387,11.5892105,186.37332
2009-11-05,1.5663805,8.504738,180.90736
2009-11-06,1.7202263,18.516457,184.83669
2009-11-07,1.6960449,17.988625,184.32007
2009-11-08,1.6762695,14.7298355,178.43661
2009-11-09,1.84021,13.847511,177.71338
2009-11-10,1.8806152,13.397316,177.59084
2009-11-11,1.9436035,17.761574,184.1506
2009-11-12,1.9595947,16.863136,195.58372
2009-11-13,1.9912109,14.683937,209.83356
2009-11-14,2.0491943,14.338722,199.885
2009-11-15,1.8854198,12.61216,185.11212
2009-11-16,1.6079102,11.709328,184.33157
2009-11-17,1.4443359,9.898781,176.24597
2009-11-18,1.283081,8.553078,180.61128
2009-11-19,1.2698069,11.959816,170.14915
2009-11-20,1.3189697,7.263527,170.33029
2009-11-21,1.2147217,6.9988785,174.5591
2009-11-22,1.1116583,7.336281,183.13292
2009-11-23,1.267334,14.953468,198.02464
2009-11-24,1.5812988,13.638527,194.75114
2009-11-25,1.5767279,12.959816,194.8208
2009-11-26,1.5312481,12.437355,198.60371
2009-11-27,1.519043,11.98423,199.40715
2009-11-28,1.5338182,17.525734,204.89905
2009-11-29,1.5081787,16.45298,211.94632
2009-11-30,1.6588135,17.152695,211.40703
2009-12-01,1.6934814,16.02964,237.836
2009-12-02,1.6616211,15.20298,239.11037
2009-12-03,1.5091553,13.51255,200.7506
2009-12-04,1.5684814,13.226418,204.96199
2009-12-05,1.8186035,16.348495,198.26747
2009-12-06,1.8843365,16.01207,199.97412
2009-12-07,1.6154785,13.847023,202.54013
2009-12-08,1.59478,12.787941,200.66823
2009-12-09,1.6580801,15.77964,205.72299
2009-12-10,1.5050049,12.391945,187.58646
2009-12-11,1.5102539,21.52671,190.10226
2009-12-12,2.079712,19.715187,219.76575
2009-12-13,2.095581,19.022804,221.52406
2009-12-14,2.0777588,16.885597,237.58794
2009-12-15,1.8847656,15.126808,230.76569
2009-12-16,1.7919922,14.219093,231.21104
2009-12-17,1.510376,13.294289,221.2046
2009-12-18,1.6137695,13.468117,198.34583
2009-12-19,1.6708355,13.28257,196.98627
2009-12-20,1.6273193,13.185402,198.46297
2009-12-21,1.74646,15.76548,215.19586
2009-12-22,1.9654541,14.648781,214.7165
2009-12-23,1.9232178,13.113625,202.29054
2009-12-24,1.8499756,12.571632,197.90427
2009-12-25,1.8051758,13.897316,190.15974
2009-12-26,1.9874268,14.182472,194.2444
2009-12-27,1.9709568,13.930519,194.96252
2009-12-28,1.8115225,12.54673,192.2314
2009-12-29,1.8408203,15.82505,200.1725
2009-12-30,2.1018066,13.73716,217.2707
2009-12-31,2.1662598,13.422218,235.20143
2010-01-03,1.5638189,12.562355,193.1491
2010-01-04,1.5777588,11.607765,204.14113
2010-01-05,1.4926548,13.45298,193.12639
2010-01-06,1.4307861,13.251808,189.53984
2010-01-07,1.7097168,14.259621,196.78906
2010-01-08,1.7638187,13.161476,208.54707
2010-01-09,1.6316481,12.308449,201.7737
2010-01-10,1.6939535,12.241066,187.80559
2010-01-11,1.7854004,14.344582,211.5785
2010-01-12,2.017212,14.931984,233.72043
2010-01-13,1.9888916,14.53257,239.88776
2010-01-14,2.0322266,15.954445,234.11963
2010-01-15,2.2248535,14.595558,216.40663
2010-01-16,2.1744385,13.525734,203.50919
2010-01-17,1.9208927,18.520851,239.3125
2010-01-18,2.1671143,16.105324,236.75557
2010-01-19,2.072754,15.047707,225.1263
2010-01-20,1.7384033,12.960793,197.04944
2010-01-21,1.5931396,14.270363,226.58638
2010-01-22,1.7740507,19.225441,239.45392
2010-01-29,1.8789062,13.018898,234.11058
2010-01-30,1.8139648,12.316261,221.32285
2010-01-31,1.6539307,10.933937,223.4302
2010-02-01,1.408081,13.307472,222.99728
2010-02-02,1.5477295,17.08677,209.06853
2010-02-03,1.6697388,15.98423,208.7394
2010-02-04,1.6503906,14.989113,205.91873
2010-02-05,1.5661621,13.56675,203.22672
2010-02-06,1.5063477,12.466164,196.46341
2010-02-07,1.685669,12.083351,190.56273
2010-02-08,1.7590332,11.896339,190.15656
2010-02-09,1.6035156,11.4676285,192.10225
2010-02-10,1.5162354,11.706886,188.5263
2010-02-11,1.6676025,18.087257,228.16673
2010-02-12,1.8070068,16.137543,230.22281
2010-02-13,1.763794,15.734718,230.1465
2010-02-14,1.7378721,13.840675,226.69319
2010-02-15,1.4694824,12.212746,218.0001
2010-02-16,1.7244873,19.283546,235.61325
2010-02-17,1.776001,18.793793,239.07965
2010-02-21,1.736723,13.224953,238.40945
2010-02-22,1.6677246,11.306984,191.84544
2010-02-23,1.6791992,11.130226,192.73468
2010-02-24,1.5303955,9.800636,198.86264
2010-02-25,1.6237793,13.31382,218.13757
2010-02-26,1.6160679,13.12925,222.98529
2010-02-27,1.6325684,11.335793,216.74492
2010-02-28,1.7504883,18.508644,230.17287
2010-03-01,1.7145996,17.653175,231.18248
2010-03-02,1.7574463,13.396339,203.22044
2010-03-03,1.748313,13.320656,203.09491
2010-03-04,1.9740763,15.223976,223.09459
2010-03-05,2.0266695,14.561867,224.4812
2010-03-06,1.9801235,13.361671,227.25037
2010-03-07,1.9912109,15.7332535,239.26913
2010-03-08,1.980957,15.625343,238.15564
2010-03-09,2.0761719,13.431007,210.80615
2010-03-10,2.076538,13.273781,210.98994
2010-03-11,1.8721924,12.346291,206.25952
2010-03-12,1.6956787,11.788185,207.44981
2010-03-13,1.5194092,10.947121,219.46735
2010-03-14,1.5439453,14.177345,205.82388
2010-03-15,1.7335205,15.094582,216.90686
2010-03-16,1.7814941,14.213722,230.8201
2010-03-17,1.8273926,13.611183,220.10318
2010-03-18,1.9643555,13.7923355,213.00162
2010-03-19,1.7871094,12.982765,198.72227
2010-03-20,1.6459961,11.008156,212.065
2010-03-21,2.1109924,18.227402,225.962
2010-03-22,2.3785467,16.68541,223.73492
2010-03-23,2.3447266,15.993019,221.8519
2010-03-24,1.9666748,13.2313,207.58096
2010-03-25,1.8312988,11.410011,199.64691
2010-03-26,1.7027588,14.852394,194.09546
2010-03-27,1.6518555,14.027687,195.38283
2010-03-28,1.606945,12.610695,196.39433
2010-03-29,1.6776123,14.787941,193.61107
2010-03-30,1.7424316,14.615578,189.59146
2010-03-31,1.9743652,15.806984,198.52565
2010-04-01,1.9431152,14.949562,198.97786
2010-04-02,1.963623,13.630714,207.36981
2010-04-03,1.9870605,13.227394,201.1066
2010-04-04,2.213379,17.639015,224.48738
2010-04-05,2.1676025,16.543312,236.47256
2010-04-06,2.1938477,14.804543,229.08769
2010-04-07,1.9781494,13.150246,208.33864
2010-04-08,2.2070312,14.962746,207.679
2010-04-09,2.285142,14.840675,206.7787
2010-04-10,2.2889404,13.49839,194.74898
2010-04-11,2.7177734,15.794777,199.43437
2010-04-12,2.734497,15.617531,199.43192
2010-04-13,2.230835,13.567238,202.97855
2010-04-14,1.7905273,12.324562,200.20549
2010-04-15,1.7038574,15.834816,206.59077
2010-04-16,1.8414307,14.8860855,207.38164
2010-04-17,1.9304199,15.5301285,195.52534
2010-04-18,1.963623,14.76255,193.02052
2010-04-19,1.8795166,13.54966,188.11497
2010-04-20,2.074707,15.685402,186.78693
2010-04-21,2.1640625,14.22007,182.21187
2010-04-22,2.1134033,13.395851,175.6154
2010-04-23,1.888794,12.56382,173.13841
2010-04-24,2.0020752,10.624855,175.77493
2010-04-25,2.178588,11.326027,176.07819
2010-04-26,1.9663086,10.638039,179.51805
2010-04-27,1.9332275,18.739601,210.8335
2010-04-28,2.013794,18.202003,214.07202
2010-04-29,2.0617676,15.015968,205.09721
2010-04-30,1.9384766,14.319191,203.25288
2010-05-01,1.8532715,12.991066,192.42834
2010-05-02,1.8947611,15.633156,191.46902
2010-05-03,1.8637686,15.39341,198.29074
2010-05-04,2.322772,15.707863,207.79726
2010-05-05,2.358039,14.929054,207.17282
2010-05-06,2.06958,13.662941,207.82655
2010-05-07,1.6934814,11.957863,209.35378
2010-05-08,1.7314453,14.336769,182.32397
2010-05-09,1.6988525,13.615089,177.38829
2010-05-10,1.5965576,13.734718,176.37914
2010-05-11,1.5964355,17.933449,180.69469
2010-05-12,2.3098145,17.41587,199.62239
2010-05-13,2.3239746,15.985695,202.73323
2010-05-14,2.1306152,14.734718,202.68503
2010-05-15,2.1691895,14.736183,197.17058
2010-05-16,2.0327148,13.892921,192.73055
2010-05-17,1.7162962,8.854347,170.46533
2010-05-18,2.0335693,9.6360855,172.03471
2010-05-19,2.0986328,15.17466,180.44576
2010-05-20,2.8961182,18.2855,199.08333
2010-05-21,3.319458,17.50132,201.52614
2010-05-22,3.081252,16.178566,198.44797
2010-05-23,2.408081,15.487648,183.42513
2010-05-24,2.4138184,14.965675,182.22542
2010-05-25,2.5529785,15.944679,177.01627
2010-05-26,2.4204102,14.716164,174.01004
2010-05-27,1.8781738,10.183937,170.12221
2010-05-28,1.6744137,14.602394,174.1634
2010-05-29,1.5437012,12.422218,183.77266
2010-05-30,2.2108154,12.747902,185.00954
2010-05-31,2.3440037,13.118019,183.46254
2010-06-01,2.16687,12.425148,187.25041
2010-06-02,2.233471,15.0355,196.7982
2010-06-03,1.9379883,13.650734,193.73674
2010-06-04,2.1324463,16.52037,179.20197
2010-06-05,2.8499756,16.761574,186.55016
2010-06-06,2.854004,16.625832,186.51677
2010-06-07,2.5339355,14.787941,180.89139
2010-06-08,2.1505127,13.771828,176.33612
2010-06-09,1.7960205,14.338722,179.48901
2010-06-10,1.5554199,12.989601,185.09091
2010-06-11,1.7263184,18.116066,188.43451
2010-06-12,2.5985107,16.301125,192.96938
2010-06-13,2.697998,15.79966,192.52158
2010-06-14,2.4050293,14.356789,191.6386
2010-06-15,2.05188,13.278175,189.35095
2010-06-16,2.2911377,16.213234,175.91579
2010-06-17,2.6240234,15.528175,175.76186
2010-06-18,2.4702148,14.51548,175.9255
2010-06-19,1.9820557,13.70005,176.35576
2010-06-20,1.6639404,13.031105,174.57228
2010-06-21,1.5529785,11.965675,176.59074
2010-06-22,1.8867188,9.680519,176.45207
2010-06-23,2.0892258,10.8582535,177.64436
2010-06-24,2.1904297,16.816261,191.95564
2010-06-25,2.2242432,16.281593,192.94547
2010-06-26,2.0474854,14.489601,190.8718
2010-06-27,2.2802734,17.79966,175.845
2010-06-28,2.854126,15.131203,173.71254
2010-06-29,2.9987793,14.968117,173.33543
2010-07-01,2.2148438,16.446632,170.292
2010-07-02,2.8747559,17.70884,198.28522
2010-07-03,2.9082031,17.581886,198.6162
2010-07-04,2.5804443,15.833839,197.71037
2010-07-05,2.3040771,14.53257,190.85687
2010-07-06,2.423462,14.006203,185.37766
2010-07-07,2.4776611,14.216652,179.57867
2010-07-08,2.4121094,13.7488785,178.1166
2010-07-09,2.0667725,14.270851,173.03235
2010-07-10,2.1219482,11.415871,173.72487
2010-07-11,2.0859375,11.198097,174.28232
2010-07-12,1.9815674,14.527199,177.29921
2010-07-13,1.7657471,13.176125,177.39072
2010-07-14,1.7770996,15.973488,184.04704
2010-07-15,1.8013916,14.322121,184.65918
2010-07-16,1.8255615,11.354347,171.51773
2010-07-17,1.8359594,10.703468,170.9384
2010-07-18,2.411255,17.74009,189.5748
2010-07-19,2.470337,17.039894,192.76845
2010-07-20,2.2547607,14.9207535,191.99284
2010-07-21,1.9300537,13.769386,186.39337
2010-07-22,2.163208,9.741066,176.00162
2010-07-23,2.5267334,11.252296,170.58742
2010-07-24,2.508667,11.343117,170.0256
2010-07-29,1.8706055,10.844093,170.02841
2010-07-30,1.8426514,15.926125,187.23802
2010-07-31,2.0402832,14.247902,183.722
2010-08-01,2.1271744,15.628761,180.73006
2010-08-02,2.1588135,15.088722,177.76274
2010-08-03,2.0292969,13.420265,172.71346
2010-08-04,1.8450823,11.319679,171.84949
2010-08-05,1.708374,17.46128,179.42271
2010-08-06,1.7114258,15.582375,192.4163
2010-08-07,1.6335449,14.068703,190.64204
2010-08-08,1.6567383,13.215675,187.43065
2010-08-09,1.5732613,12.759132,186.72484
2010-08-10,1.6608887,13.183937,187.99283
2010-08-11,2.107544,17.317726,189.20702
2010-08-12,2.4383545,14.755714,188.3719
2010-08-13,2.3792725,14.444191,187.9108
2010-08-14,1.8787842,12.557472,184.33006
2010-08-15,1.5479736,15.766945,182.37457
2010-08-16,1.5598888,13.5770035,187.11224
2010-08-17,2.121704,14.697609,195.53308
2010-08-18,2.6776123,17.040382,194.39459
2010-08-19,3.1014404,17.070656,194.99391
2010-08-20,3.2675743,16.998878,195.8378
2010-08-21,2.8599854,15.381691,194.49959
2010-08-22,2.1430664,17.388039,200.61752
2010-08-23,2.4832764,16.246437,203.11755
2010-08-24,2.440403,14.9173355,198.51953
2010-08-25,2.4812012,15.766945,190.69557
2010-08-26,2.340332,14.81382,188.11784
2010-08-27,1.9233398,13.346535,177.6661
2010-08-28,2.241455,16.082863,180.2252
2010-08-29,2.3223572,15.586769,180.52605
2010-08-30,2.2609863,14.294533,179.99571
2010-08-31,2.1645508,14.528175,178.49083
2010-09-01,2.0752563,13.720558,175.76741
2010-09-07,1.5324707,9.195656,170.35164
2010-09-08,1.7006836,13.859718,187.10468
2010-09-09,1.9134073,13.302101,188.97275
2010-09-10,1.8934326,13.20298,188.99945
2010-09-11,1.6025391,12.37925,186.50125
2010-09-12,1.5640869,9.20591,174.10457
2010-09-13,1.8939209,16.690285,178.00098
2010-09-14,2.071167,13.783546,179.40686
2010-09-15,2.3570557,17.076027,184.86864
2010-09-16,2.5068665,16.152199,198.70766
2010-09-17,2.472412,15.878273,199.82906
2010-09-18,2.103775,14.368996,199.43958
2010-09-19,1.8720703,13.4832535,196.45679
2010-09-20,1.6497259,12.661476,193.80672
2010-09-21,1.2653809,10.721535,189.90141
2010-09-22,1.3991699,15.933449,189.32883
2010-09-23,1.6723633,14.481789,189.93567
2010-09-24,1.6855927,14.346535,190.40451
2010-09-25,1.5842285,13.069679,190.99286
2010-09-26,1.6025391,13.371437,194.02406
2010-09-27,1.604248,14.930031,191.0203
2010-09-28,1.7236099,8.440773,181.14038
2010-09-29,1.815918,8.464699,177.16574
2010-09-30,1.9547119,15.946144,185.6718
2010-10-01,1.9530029,15.813332,196.5276
2010-10-02,2.2143555,14.919289,203.6327
2010-10-03,2.3116455,15.813332,199.85222
2010-10-04,2.3645515,15.159035,196.59996
2010-10-05,2.2410889,14.31089,194.07915
2010-10-06,2.043335,12.79966,186.97282
2010-10-07,1.784668,11.943703,188.02794
2010-10-08,1.7822266,15.910988,187.90536
2010-10-09,2.0335474,14.743507,188.31119
2010-10-10,2.2086182,15.690285,190.71407
2010-10-11,2.381507,15.646828,194.5228
2010-10-12,2.3640137,15.125832,194.21158
2010-10-13,2.109497,14.0613785,190.6523
2010-10-14,2.0842018,14.911964,186.64697
2010-10-15,2.0772705,14.805031,186.46027
2010-10-16,1.8092041,13.43589,181.38606
2010-10-17,1.6225586,12.0355,178.96407
2010-10-18,1.6022949,8.646339,180.76407
2010-10-19,1.5993652,17.545753,184.57385
2010-10-20,1.7545166,16.597023,195.49364
2010-10-21,2.2723389,15.803078,198.2103
2010-10-22,2.687378,16.652687,195.5407
2010-10-23,2.6922607,16.564308,195.55556
2010-10-24,2.4326172,15.000343,195.48468
2010-10-25,2.2357178,14.522316,192.73462
2010-10-26,1.8410645,13.286476,193.10133
2010-10-27,1.6187744,12.26548,191.08989
2010-10-28,1.5866699,13.183205,183.6145
2010-10-29,1.6947966,12.59214,186.90363
2010-10-30,1.6553955,12.35923,187.82196
2010-10-31,1.5568848,14.175148,188.3077
2010-11-01,1.6730957,12.855812,181.58072
2010-11-02,1.5997314,11.636574,186.08057
2010-11-03,1.6031494,11.516945,186.18967
2010-11-04,1.5111084,14.4813,193.53403
2010-11-05,1.4951172,21.52134,194.78241
2010-11-06,1.9119873,20.132668,237.89555
2010-11-09,1.942627,14.496437,239.03697
2010-11-10,1.8892822,14.461769,224.82999
2010-11-11,1.8404531,13.553566,201.82137
2010-11-12,1.664917,12.014992,194.73613
2010-11-13,1.6041574,11.06675,185.96991
2010-11-14,1.5743408,16.344582,199.59436
2010-11-15,1.7097168,14.801613,207.07898
2010-11-16,1.7467852,13.846535,204.01788
2010-11-17,1.7612829,12.640968,193.78859
2010-11-18,1.7493181,12.305031,188.88069
2010-11-19,1.5914307,13.141457,187.58585
2010-11-20,1.6032715,14.733742,198.49007
2010-11-21,1.6115723,14.594093,200.66937
2010-11-22,1.5041504,14.557472,201.64871
2010-11-23,1.5493164,13.527931,194.98967
2010-11-24,1.5491943,13.4813,194.90102
2010-11-25,1.3830566,12.348732,199.0412
2010-11-26,1.3044434,11.96006,194.3128
2010-11-27,1.2539062,11.40757,191.784
2010-11-28,1.2264404,11.811867,188.11267
2010-11-29,1.327735,7.008644,173.1954
2010-11-30,1.3314209,7.111183,173.44968
2010-12-01,1.3249512,8.45005,178.61067
2010-12-02,1.4873047,16.279152,179.00209
2010-12-03,1.5664062,14.454933,190.09422
2010-12-04,1.5819092,14.308449,192.34433
2010-12-05,1.3808594,12.762306,189.88661
2010-12-06,1.3648682,12.622902,186.46255
2010-12-07,1.4630127,13.698097,177.72682
2010-12-08,1.4603806,12.666359,180.23602
2010-12-09,1.4591208,12.417824,183.43356
2010-12-10,1.3532715,11.996437,186.71242
2010-12-11,1.4511719,17.13218,203.69923
2010-12-12,1.6782227,15.151222,207.85596
2010-12-13,1.9213867,15.808449,227.2266
2010-12-14,1.9614258,15.730324,227.23499
2010-12-15,1.9129639,14.222023,210.95807
2010-12-16,1.8891602,11.227882,173.24623
2010-12-17,1.8682861,11.114113,171.4693
2010-12-18,1.4920654,10.160011,171.66754
2010-12-19,1.2736816,8.2767105,175.68887
2010-12-20,1.1772461,7.4256363,175.4534
2010-12-21,1.1787109,13.460793,181.07053
2010-12-22,1.341919,12.037209,179.50919
2010-12-23,1.4168959,10.810158,178.56479
2010-12-24,1.3491211,9.860451,178.4622
2010-12-25,1.2670898,12.570168,177.09657
2010-12-26,1.1643066,13.2332535,190.23631
2010-12-27,1.213623,12.960793,203.13489
2010-12-28,1.4050293,12.223,203.79227
2010-12-29,1.489502,12.034523,214.65056
2010-12-30,1.4482422,12.178566,210.62167
2010-12-31,1.3579102,11.867531,205.82346
2011-01-01,1.3356934,12.646828,219.79843
2011-01-02,1.4870605,13.894386,215.51659
2011-01-03,1.8443604,20.762062,209.47148
2011-01-04,2.1418457,17.446632,205.84453
2011-01-05,2.2001953,15.947121,204.70325
2011-01-06,2.1657858,15.5355,204.28835
2011-01-07,1.6499023,13.298195,206.82051
2011-01-08,1.6855469,12.824074,207.76576
2011-01-09,1.7497559,15.960793,212.11548
2011-01-10,1.72229,15.769386,212.22827
2011-01-11,1.4779053,13.215187,215.92639
2011-01-12,1.4263935,12.227394,224.49239
2011-01-13,1.4098749,15.317726,211.04012
2011-01-14,1.6916504,13.396828,208.20523
2011-01-15,1.9107666,14.45591,210.6329
2011-01-16,1.9644775,13.804054,209.39563
2011-01-17,1.5499268,12.115578,209.2559
2011-01-18,1.3554688,11.147316,206.6806
2011-01-19,1.5037832,13.468117,200.77638
2011-01-20,1.5253906,13.124367,198.85202
2011-01-21,1.4765625,19.869484,218.41466
2011-01-22,1.756958,16.660988,226.59796
2011-01-23,1.9377441,14.570656,218.34525
2011-01-24,1.9296875,14.396339,217.80858
2011-01-25,2.094757,18.689308,222.57878
2011-01-26,2.2946777,16.573586,229.43886
2011-01-27,2.288086,16.121437,232.46953
2011-01-28,2.0737305,14.644386,236.7267
2011-01-29,1.7355957,13.4105,235.9002
2011-01-30,1.5408936,12.880714,239.57039
2011-01-31,1.645752,12.262062,216.48512
2011-02-01,1.8703613,17.174171,209.57953
2011-02-02,2.1018066,15.9105,206.44127
2011-02-03,2.0670166,15.096535,205.72446
2011-02-04,1.9321289,13.49839,201.45665
2011-02-05,1.6172104,12.169777,203.20312
2011-02-06,1.4836426,11.397316,201.52422
2011-02-07,1.394165,11.583351,207.63548
2011-02-08,1.5610352,13.821632,233.75862
2011-02-09,1.6340332,17.41343,225.35452
2011-02-10,1.8521557,15.679543,220.50967
2011-02-11,1.8463135,15.240089,220.13863
2011-02-12,1.71875,13.766945,216.98737
2011-02-13,1.6577148,16.503761,213.69896
2011-02-14,1.9499512,14.578468,217.78165
2011-02-15,2.069912,14.4329605,219.1581
2011-02-16,1.8498535,12.927589,224.00342
2011-02-17,1.8820801,15.480324,202.49251
2011-02-18,1.7764893,14.291359,200.26564
2011-02-19,1.4794922,12.855324,198.34444
2011-02-20,1.563818,12.894875,195.93802
2011-02-21,1.5640869,16.104836,211.08011
2011-02-22,1.7028809,14.190041,223.78296
2011-02-23,1.7685547,13.42466,215.16576
2011-02-24,1.7665539,13.188332,211.10185
2011-02-25,1.7237549,14.100441,204.05524
2011-02-26,1.7421875,13.153664,214.46776
2011-02-27,1.733736,14.4173355,205.96803
2011-02-28,1.6900415,13.993507,205.13512
2011-03-01,1.6021585,12.300148,195.19843
2011-03-02,1.5932617,12.297707,195.41554
2011-03-03,1.422327,11.930275,199.76228
2011-03-04,1.4897461,13.767433,204.93126
2011-03-05,1.6488037,12.610695,202.17769
2011-03-06,1.6322021,12.491554,202.90651
2011-03-07,1.8597412,17.750343,196.48497
2011-03-08,1.7746582,16.36509,195.21901
2011-03-09,1.5993652,13.743996,192.06224
2011-03-10,1.5455322,12.891212,200.50006
2011-03-11,1.4289551,12.100441,205.28593
2011-03-12,1.6469727,14.650246,203.65828
2011-03-13,1.9348145,14.152199,204.97726
2011-03-14,1.9621916,14.178566,202.96529
2011-03-15,1.7576904,13.036476,200.31233
2011-03-16,1.5831318,12.578468,196.67198
2011-03-17,1.6276855,14.6082535,211.89398
2011-03-18,1.7476807,14.177101,205.03522
2011-03-19,1.7512207,12.758644,216.53137
2011-03-20,2.0284414,15.431984,235.19962
2011-03-21,2.2098389,16.518906,235.56262
2011-03-22,2.557704,16.048683,218.89024
2011-03-23,2.5480957,15.863625,216.31638
2011-03-24,2.229126,14.480324,206.42531
2011-03-25,1.9564209,12.149757,208.2126
2011-03-26,2.135254,11.723976,202.55815
2011-03-27,2.0234604,10.984718,197.7352
2011-03-28,2.0249023,10.370949,189.27367
2011-03-29,2.090332,14.6204605,192.11945
2011-03-30,2.277832,14.677101,192.36139
2011-03-31,2.0738525,13.258156,197.76782
2011-04-01,1.8175049,12.018898,200.09679
2011-04-02,1.9538574,14.901222,203.86502
2011-04-03,2.0371094,14.552101,204.60811
2011-04-04,1.9779053,13.648781,201.5667
2011-04-05,2.081787,17.755226,206.12503
2011-04-06,2.315796,16.136574,216.5164
2011-04-07,2.31604,15.960304,217.77347
2011-04-08,2.0732422,14.352882,219.34525
2011-04-09,1.8675537,13.596535,217.41652
2011-04-10,1.5477295,12.296242,213.04716
2011-04-11,1.5483398,14.4051285,208.74033
2011-04-12,1.7929525,13.505226,205.6618
2011-04-13,1.7612305,12.871437,200.74365
2011-04-14,1.7597656,13.730324,192.22487
2011-04-15,1.7644043,13.65464,192.28934
2011-04-16,1.5577393,11.954933,197.29918
2011-04-17,1.8587646,15.52964,204.6759
2011-04-18,1.8590088,15.256203,204.51521
2011-04-19,1.9589844,14.158546,201.52884
2011-04-20,1.8034668,14.285988,201.96028
2011-04-21,2.0021973,17.556496,201.63718
2011-04-22,2.1192627,16.467628,200.9847
2011-04-23,2.0536146,15.59214,199.51996
2011-04-24,2.0432243,14.784035,196.6952
2011-04-25,2.2467346,15.7298355,184.20898
2011-04-26,2.203003,14.70298,182.5004
2011-04-27,1.9763184,13.408546,180.57182
2011-04-28,1.7392578,12.815773,181.52425
2011-04-29,1.6099854,13.286964,180.05156
2011-04-30,1.4038086,12.239601,176.11258
2011-05-01,1.5964355,12.743996,188.30894
2011-05-02,1.7253418,12.080421,188.37477
2011-05-03,1.9206543,16.169289,184.4481
2011-05-04,1.9458008,15.669289,182.57831
2011-05-05,1.9800415,14.499367,178.50945
2011-05-06,1.745079,13.173683,178.64835
2011-05-07,1.7071657,9.782082,180.45906
2011-05-08,1.7893066,14.06675,179.16698
2011-05-09,1.7398682,14.743507,175.9208
2011-05-10,1.8088379,13.194191,172.32822
2011-05-11,1.8169355,8.253761,172.16019
2011-05-12,1.7557364,9.074562,176.69438
2011-05-13,1.6466064,13.189308,177.44733
2011-05-14,1.4315186,11.867043,175.42918
2011-05-15,1.4189453,6.5965347,172.41425
2011-05-16,2.3516846,18.732765,187.03577
2011-05-17,3.0232162,17.42466,197.55093
2011-05-18,2.9060059,16.488625,197.6506
2011-05-19,2.4267578,14.908546,197.16135
2011-05-20,1.9996338,13.769875,193.6194
2011-05-21,2.0465088,15.194191,191.53217
2011-05-22,2.0297852,14.92466,191.40067
2011-05-23,1.9893799,12.895363,172.94504
2011-05-24,1.9820557,12.638039,172.11887
2011-05-25,2.0214844,9.105324,173.969
2011-05-26,1.9691162,8.7488785,173.85818
2011-05-27,2.032837,15.243507,190.97282
2011-05-28,2.3189697,16.761093,196.07564
2011-05-29,3.3583984,17.167824,201.02187
2011-05-30,3.4110107,16.925636,201.0264
2011-05-31,3.0527344,15.985207,199.80518
2011-06-01,2.3134766,14.357277,198.978
2011-06-02,1.8286648,12.743019,200.83083
2011-06-03,1.7243652,13.59214,202.29002
2011-06-04,1.7468166,13.528664,202.21443
2011-06-05,1.6934814,11.857277,198.04092
2011-06-06,1.8583984,16.514992,201.76393
2011-06-07,2.16333,14.529152,193.4661
2011-06-08,2.1862793,14.288429,190.8915
2011-06-09,1.976881,12.712257,176.90668
2011-06-10,1.9156494,14.223,184.94328
2011-06-11,2.010007,13.415382,185.58887
2011-06-12,2.0527344,13.913918,189.73225
2011-06-13,2.6080322,16.084328,198.11467
2011-06-14,2.670166,15.220558,197.1179
2011-06-15,2.314331,14.434425,194.46411
2011-06-16,1.9093018,12.899269,188.19638
2011-06-17,1.8815918,16.093117,190.76248
2011-06-18,1.932806,13.307472,184.60979
2011-06-19,2.067871,16.634132,184.54237
2011-06-20,2.8891602,15.447121,184.03487
2011-06-21,2.942871,15.238136,183.84555
2011-06-22,2.6000977,13.9988785,180.81891
2011-06-23,2.2773438,13.111183,175.02582
2011-06-24,2.2635498,15.764015,185.59189
2011-06-25,2.2083082,15.455421,186.44023
2011-06-26,2.3050919,14.383156,183.79213
2011-06-27,2.258545,14.162941,181.26279
2011-06-28,1.8183594,9.335304,175.01636
2011-07-04,2.031372,15.125343,170.26595
2011-07-07,1.9830322,16.341164,180.8013
2011-07-08,2.0495605,16.10923,180.3673
2011-07-09,2.2763672,16.49253,198.63986
2011-07-10,2.37146,15.199074,204.33154
2011-07-11,2.5080566,16.247902,200.564
2011-07-12,2.4925537,16.133156,200.08641
2011-07-13,2.3206787,14.50425,194.30629
2011-07-14,2.0819092,13.451027,190.75882
2011-07-15,1.7563477,12.483742,186.27556
2011-07-16,1.815918,12.555031,177.31317
2011-07-17,2.0361328,13.816261,177.93304
2011-07-18,2.1394043,13.787941,176.58727
2011-07-19,2.0150146,12.40464,172.4612
2011-07-20,1.9688721,12.160988,171.8512
2011-07-21,1.7736816,11.724709,170.35419
2011-07-22,1.696044,9.4520035,170.76105
2011-07-23,1.74646,9.418312,170.16417
2011-07-24,1.6748047,9.633644,173.47693
2011-07-25,1.7369385,14.275246,182.33029
2011-07-26,2.6522217,16.218605,198.7116
2011-07-27,2.6967773,15.844582,198.85287
2011-07-28,2.3601074,14.091164,193.89075
2011-07-29,1.9121094,15.971046,189.33951
2011-07-30,2.025879,14.669289,194.70665
2011-07-31,1.9597168,13.6985855,191.85909
2011-08-01,1.6219482,12.032082,181.96332
2011-08-04,2.2961426,10.287453,170.0658
2011-08-05,2.0152588,9.926125,173.35207
2011-08-06,2.0080566,16.304054,181.2774
2011-08-07,1.9282227,14.26841,183.02455
2011-08-08,1.7459717,14.681007,194.21317
2011-08-09,1.8244562,14.284035,198.0553
2011-08-10,1.6656494,12.617043,194.7069
2011-08-11,2.9958496,16.57798,198.73477
2011-08-12,3.09375,16.264992,199.19783
2011-08-13,2.9107666,15.525246,197.02634
2011-08-14,2.7386475,15.73423,194.60693
2011-08-15,2.3149414,14.491554,190.25883
2011-08-16,1.894165,12.993019,178.97853
2011-08-17,1.7176514,8.852882,170.01207
2011-08-24,2.0302734,9.514992,170.44289
2011-08-25,2.0983887,9.580421,173.73418
2011-08-26,2.0324707,15.669289,179.1726
2011-08-27,1.782959,13.7645035,179.25508
2011-08-28,1.362793,12.264015,176.42484
2011-08-29,1.4238281,16.2855,183.14871
2011-08-30,2.359253,20.914894,200.2675
2011-08-31,2.8831787,18.178566,203.23985
2011-09-01,2.8844328,17.628761,202.27481
2011-09-02,2.6418457,15.926125,196.37622
2011-09-03,2.4875832,15.169289,198.48894
2011-09-04,2.4973211,14.632668,193.72913
2011-09-05,2.6884766,14.663918,189.40929
2011-09-06,2.5908203,14.172218,185.37343
2011-09-07,2.1691895,11.392921,173.0235
2011-09-11,2.1260986,10.655617,170.0425
2011-09-12,2.0223389,16.20005,178.48842
2011-09-13,1.8122559,14.45005,185.54012
2011-09-14,1.6015863,13.317726,186.08452
2011-09-15,1.473999,12.974953,197.93036
2011-09-16,1.6181641,12.875343,192.19789
2011-09-17,1.8508301,16.57505,192.94603
2011-09-18,2.078744,16.32212,195.90433
2011-09-19,1.9499512,14.2488785,192.55838
2011-09-20,1.7259521,12.504982,183.87202
2011-09-21,1.5601807,11.48008,177.38214
2011-09-22,1.3621826,9.014992,170.66676
2011-09-23,1.4008627,12.45005,176.88449
2011-09-24,1.7694092,18.561378,187.3959
2011-09-25,2.1044626,16.07798,197.07303
2011-09-26,2.0849123,14.659523,201.62138
2011-09-27,2.0443258,13.162453,200.41466
2011-09-28,1.6938477,12.5267105,214.43814
2011-09-29,1.5926514,12.8860855,191.06252
2011-09-30,1.6207275,12.593117,190.0637
2011-10-01,1.4979248,11.3079605,188.69095
2011-10-02,1.3796387,11.252296,188.56352
2011-10-03,1.3586426,9.985207,188.55571
2011-10-04,1.6313524,19.77671,204.06535
2011-10-05,1.9888916,17.446632,204.54968
2011-10-06,2.0130615,16.301613,202.06909
2011-10-07,1.857666,15.164894,200.05289
2011-10-08,1.8151855,14.833839,198.05519
2011-10-09,1.7731934,14.082375,185.04042
2011-10-10,1.777852,12.6517105,174.28197
2011-10-11,1.7833252,16.405128,176.56293
2011-10-12,2.303833,15.9329605,187.64148
2011-10-13,2.3819485,15.591652,189.26639
2011-10-14,2.119873,14.169289,186.12749
2011-10-15,1.9245605,12.977882,178.4929
2011-10-16,1.9362793,8.518898,172.93312
2011-10-17,1.8251953,15.6360855,188.86188
2011-10-18,1.8345175,14.909523,187.61382
2011-10-19,1.7252197,13.79673,188.51659
2011-10-20,1.4450684,12.555031,183.21329
2011-10-21,1.2337646,11.826515,183.76476
2011-10-22,1.5574951,15.910988,196.90698
2011-10-23,2.0609121,15.64048,199.62837
2011-10-24,2.0324707,15.103371,199.6529
2011-10-25,2.025879,14.20298,192.01048
2011-10-26,1.9084473,14.103127,191.67458
2011-10-27,1.5427246,12.578712,189.40834
2011-10-28,1.2944336,10.686867,186.82486
2011-10-29,1.3266602,12.837746,178.25362
2011-10-30,1.5636511,17.99546,188.96489
2011-10-31,2.3608599,17.27134,197.49695
2011-11-01,2.4138794,16.679543,198.50214
2011-11-02,2.2714844,15.418312,197.77975
2011-11-03,1.8764648,14.033058,195.47818
2011-11-04,1.8286562,15.343117,197.73785
2011-11-05,1.8820801,14.647804,197.311
2011-11-06,1.8250732,14.050636,197.63383
2011-11-07,1.8818359,13.932472,196.1188
2011-11-08,2.0003662,14.894875,189.87296
2011-11-09,2.2101517,14.676125,195.78285
2011-11-10,2.1779785,14.461769,196.71274
2011-11-11,1.8009462,14.33091,192.78934
2011-11-12,1.859066,13.828957,191.66684
2011-11-13,1.7188721,12.382179,189.8731
2011-11-14,1.4364014,10.844582,189.06494
2011-11-15,1.338501,16.974464,190.4358
2011-11-16,1.4798584,14.703957,224.87248
2011-11-17,1.4927788,14.473976,222.52467
2011-11-18,1.3730469,13.423195,212.25012
2011-11-19,1.4156494,12.195168,194.10327
2011-11-20,1.4331055,13.261574,191.62926
2011-11-21,1.4926758,13.075539,191.55782
2011-11-22,1.5162354,12.141945,183.09003
2011-11-23,1.5283203,12.009621,181.53148
2011-11-24,1.4803467,11.145851,175.98369
2011-11-25,1.369937,13.257668,189.08376
2011-11-26,1.4241781,12.036476,191.00957
2011-11-27,1.3482447,11.283546,191.03639
2011-11-28,1.6357422,17.566757,207.75923
2011-11-29,1.891798,16.44371,209.28476
2011-11-30,1.9142113,13.4051285,229.6137
2011-12-01,1.8677979,12.979591,230.9689
2011-12-02,1.6920166,12.087013,230.23204
2011-12-03,1.388794,10.874367,223.67453
2011-12-04,1.6066895,14.519386,217.83795
2011-12-05,1.6187744,13.598488,204.34395
2011-12-06,1.5437164,12.904152,197.23111
2011-12-07,1.4416504,16.122414,204.63768
2011-12-08,1.782959,15.400734,200.15883
2011-12-09,1.9283447,15.186867,199.35747
2011-12-10,1.8759766,14.540871,198.71964
2011-12-11,1.6611328,13.126808,200.2754
2011-12-12,1.6396484,12.958839,195.5706
2011-12-13,1.7419434,14.583839,204.21281
2011-12-14,1.6516113,13.751808,206.35054
2011-12-15,1.6151209,12.502785,203.24393
2011-12-16,1.6081543,13.272316,208.50333
2011-12-17,1.4138422,13.684914,207.4908
2011-12-18,1.3996582,13.226418,203.00644
2011-12-19,1.4644775,12.378273,201.20816
2011-12-20,1.5727539,17.225441,205.92981
2011-12-21,2.1966553,16.108742,204.86009
2011-12-22,2.2492676,16.896828,203.81253
2011-12-23,2.4018555,16.306007,205.1805
2011-12-24,2.220581,14.639992,204.64156
2011-12-25,1.8417969,13.090187,206.5688
2011-12-26,1.4689941,11.703957,199.5249
2011-12-27,1.4331055,19.58091,191.12059
2011-12-28,1.7302246,15.9485855,207.1513
2011-12-29,1.8280029,14.272804,205.61172
2011-12-30,1.7329102,13.285988,204.00475
2011-12-31,1.6000977,12.082863,216.89145
2012-01-01,1.4957275,14.5355,221.76204
2012-01-02,1.3432617,12.581398,208.3457
2012-01-03,1.3596191,17.96714,233.81158
2012-01-04,1.3618164,17.744484,236.32347
2012-01-07,1.5009766,15.965675,239.12675
2012-01-08,1.8442383,13.661476,227.00198
2012-01-09,1.8494873,13.535988,225.67303
2012-01-10,1.6801758,11.5423355,237.82086
2012-01-13,1.6866455,11.996925,216.79207
2012-01-14,1.7089844,17.493996,220.25287
2012-01-15,1.6688232,15.76841,219.16806
2012-01-16,1.5272217,13.445168,218.00111
2012-01-17,1.461792,15.903664,213.91687
2012-01-18,1.6365967,13.463966,209.39098
2012-01-19,1.6351318,13.402687,210.03365
2012-01-20,1.3652344,12.157082,217.58159
2012-01-21,1.144165,11.1204605,208.74545
2012-01-22,1.0227051,10.442726,200.32262
2012-01-23,1.0686035,6.3929214,187.21594
2012-01-24,1.0717773,6.383644,187.08664
2012-01-25,0.9633789,14.280617,201.48988
2012-01-26,1.2977295,15.9832535,223.66075
2012-01-27,1.3609619,13.368507,227.72896
2012-01-28,1.395874,12.581886,219.00215
2012-01-29,1.2921143,11.720558,216.54266
2012-01-30,1.3162842,17.80503,238.69218
2012-02-01,1.4571486,12.433937,214.56479
2012-02-02,1.5770264,14.455421,200.7274
2012-02-03,1.6347656,13.07505,199.52414
2012-02-04,1.638916,13.0355,199.46954
2012-02-05,1.6306105,18.327492,231.61975
2012-02-06,1.6463623,16.085793,231.938
2012-02-07,1.6651611,16.068703,231.75237
2012-02-08,1.6403475,13.440285,203.56616
2012-02-09,1.8791504,15.582863,211.03593
2012-02-10,1.8928394,15.0110855,212.73698
2012-02-11,1.8043213,13.361183,220.23415
2012-02-12,1.8043213,16.171242,231.29837
2012-02-13,1.8106642,16.026222,238.43762
2012-02-16,1.9204102,14.700539,237.97781
2012-02-17,1.9023438,14.244484,233.81606
2012-02-25,1.4658203,13.571632,235.5027
2012-02-26,1.4171143,12.4813,230.05737
2012-02-27,1.2835693,11.063332,210.51738
2012-02-28,1.2681885,11.210793,207.07823
2012-02-29,1.3675537,13.369484,215.62563
2012-03-01,1.4106741,13.01841,213.88506
2012-03-02,1.5332031,13.12339,196.7434
2012-03-03,1.635498,10.095558,189.54968
2012-03-04,1.5377197,9.568703,189.23837
2012-03-05,1.4433594,17.416359,196.85196
2012-03-06,1.7304688,14.50132,211.84639
2012-03-07,2.0720215,14.259132,204.68216
2012-03-08,2.090332,14.118019,202.70918
2012-03-09,2.055542,13.460793,197.22675
2012-03-10,1.7254639,12.415871,191.32745
2012-03-11,1.5056152,11.798195,189.04648
2012-03-12,1.9287109,17.213722,196.1026
2012-03-13,1.9675293,15.9832535,197.78244
2012-03-14,1.9245605,14.615089,198.57658
2012-03-15,1.5682373,12.944191,197.45361
2012-03-16,1.4234619,13.930519,204.04318
2012-03-17,2.0212402,15.322121,208.7874
2012-03-18,2.1807842,15.064308,210.22095
2012-03-19,1.8326406,13.364113,215.3229
2012-03-20,1.7069092,11.888527,197.23485
2012-03-21,2.3596191,14.871193,183.90907
2012-03-22,2.6094522,14.921242,183.04254
2012-03-23,2.2567139,13.447609,184.46146
2012-03-24,1.9616699,12.368507,195.62863
2012-03-25,1.8138428,15.594093,210.04236
2012-03-26,1.5596924,13.4051285,212.1882
2012-03-27,1.3637695,11.26548,201.91907
2012-03-28,1.6040039,18.31675,205.39026
2012-03-29,2.2179785,16.306984,212.16336
2012-03-30,2.4206543,16.235695,213.27438
2012-03-31,2.1807861,14.355812,213.6918
2012-04-01,2.1030931,13.986183,201.76427
2012-04-02,1.868042,13.468605,201.41747
2012-04-03,1.7194824,13.68589,219.0069
2012-04-04,1.8964548,12.760597,225.95757
2012-04-05,1.9050112,12.220558,219.6516
2012-04-06,2.0725098,14.639992,223.21385
2012-04-07,2.1103516,14.382179,226.21951
2012-04-08,2.112671,14.328957,225.48189
2012-04-09,1.9908447,14.041847,216.20464
2012-04-10,1.7125835,17.822609,207.61118
2012-04-11,1.7230225,15.337746,206.30867
2012-04-12,1.7236309,15.224953,206.25435
2012-04-13,1.7253418,14.5735855,208.82854
2012-04-14,1.6345215,14.144386,211.6357
2012-04-15,1.6748047,14.672707,206.57835
2012-04-16,1.894165,13.848,198.23659
2012-04-17,2.034912,17.715187,193.28586
2012-04-18,2.3995361,15.920265,194.87668
2012-04-19,2.393921,15.8113785,195.4333
2012-04-20,2.253662,14.383644,193.89978
2012-04-21,2.0664015,13.7957535,197.10304
2012-04-22,2.0299072,13.995949,198.33948
2012-04-23,1.7672119,14.111183,198.65031
2012-04-24,1.8522949,13.979347,199.49455
2012-04-25,1.8515453,13.867043,199.54245
2012-04-26,1.7441406,12.277199,197.14961
2012-04-27,1.8487549,14.862648,201.57085
2012-04-28,2.039795,16.771828,204.33205
2012-04-29,2.0949707,15.708351,199.07541
2012-04-30,2.0333252,14.64341,193.50305
2012-05-01,1.9014893,15.50425,190.58139
2012-05-02,2.0576172,14.530617,193.40062
2012-05-03,2.3167725,15.079445,197.60242
2012-05-04,2.3159456,14.884621,198.0395
2012-05-05,2.112587,13.462746,198.71329
2012-05-06,2.154419,16.005226,192.91524
2012-05-07,1.9086914,14.335793,191.4363
2012-05-08,1.9471436,12.84214,187.96309
2012-05-09,1.9460449,12.768898,187.95456
2012-05-10,1.8949928,13.655617,181.43121
2012-05-11,1.8510742,13.275734,178.49565
2012-05-12,2.0708008,17.620949,191.6956
2012-05-13,2.2666016,17.52378,193.18163
2012-05-14,2.0775146,15.610695,193.25307
2012-05-15,2.0133057,16.588722,196.08739
2012-05-16,2.059204,15.794289,195.00722
2012-05-17,2.0605469,15.459328,192.73193
2012-05-18,2.3305664,15.097023,190.21161
2012-05-19,2.3304443,15.038429,189.98238
2012-05-20,2.1264648,13.712257,186.62878
2012-05-21,1.7827148,12.778664,184.7824
2012-05-22,1.5352783,11.977394,179.456
2012-05-23,1.4772949,13.396339,178.81403
2012-05-24,1.6380653,12.993019,181.88582
2012-05-25,1.6706543,14.97422,186.31133
2012-05-26,1.8051748,14.456398,192.30672
2012-05-27,1.8027344,13.265968,193.49315
2012-05-28,1.628418,12.167824,196.53728
2012-05-29,1.4865608,12.165871,187.81122
2012-05-30,1.5980225,11.988625,191.16066
2012-05-31,1.6636963,11.786964,192.55573
2012-06-01,1.7543945,16.289894,203.7836
2012-06-02,2.1409912,14.744972,211.01459
2012-06-03,2.1453857,14.709328,210.6681
2012-06-04,1.9958496,13.287453,195.08134
2012-06-05,1.791748,12.491554,191.53828
2012-06-06,1.684082,9.584816,183.45644
2012-06-07,1.8935547,10.285011,176.66817
2012-06-08,1.9581299,10.867531,177.53975
2012-06-09,1.9257812,15.506203,179.20589
2012-06-10,1.9562988,14.455421,177.99045
2012-06-11,1.939311,13.846046,178.38408
2012-06-12,1.6752996,12.022316,181.55562
2012-06-13,1.5784454,10.944679,183.4845
2012-06-14,1.7312012,16.113625,188.31454
2012-06-15,1.8146839,14.317726,185.47002
2012-06-16,1.7435303,13.710793,186.21211
2012-06-17,1.7336426,13.849464,180.3233
2012-06-18,2.123413,12.961281,177.91742
2012-06-19,2.1010742,12.863136,177.77731
2012-06-20,1.8637695,11.233742,174.56337
2012-06-21,1.9958277,9.335793,170.31372
2012-06-22,1.9974365,9.537941,170.28777
2012-06-23,2.064209,9.417824,170.21046
2012-06-24,1.9602051,16.442726,172.69931
2012-06-25,1.7900457,14.776222,175.90721
2012-06-26,1.6218615,13.445412,185.97719
2012-06-27,1.6254883,13.630226,188.02202
2012-06-28,1.4703369,12.9485855,181.32108
2012-06-29,1.730957,13.6985855,181.69994
2012-06-30,2.092617,14.363625,183.50801
2012-07-01,2.0997639,13.711281,181.99442
2012-07-02,2.1973877,18.19175,178.53261
2012-07-03,2.5223389,17.019386,179.37674
2012-07-04,2.4006348,15.310402,177.94661
2012-07-11,1.670764,12.981789,170.03796
2012-07-12,1.4437256,13.428566,172.05809
2012-07-13,1.8947754,12.587257,177.8698
2012-07-14,1.8779297,12.420265,178.27573
2012-07-15,1.8723145,11.344582,175.07271
2012-07-16,1.8638916,15.291847,174.50568
2012-07-17,1.8977051,8.8563,171.7614
2012-07-19,1.7537842,13.117531,189.00436
2012-07-20,2.1661377,17.889992,197.80699
2012-07-21,2.1673584,17.823586,197.79102
2012-07-22,2.0965576,14.558937,202.5554
2012-07-23,2.027954,13.969093,200.923
2012-07-24,1.7399902,13.00132,196.87059
2012-07-25,1.7094727,15.126808,185.92183
2012-07-26,2.2175293,15.811867,182.76363
2012-07-27,2.302576,14.956886,182.14178
2012-07-28,2.3000355,14.227394,176.79013
2012-07-31,1.751709,17.610207,171.8924
2012-08-01,1.9438477,15.827492,178.49301
2012-08-02,2.3457031,19.781593,175.53383
2012-08-03,3.0379639,16.514992,180.0804
2012-08-04,3.1030273,16.083351,178.87553
2012-08-05,2.7687988,14.616066,177.93225
2012-08-06,2.2871094,13.212257,171.62546
2012-08-07,1.8729248,9.377296,170.04715
2012-08-08,1.9007568,16.525246,173.79695
2012-08-09,1.9770508,15.6082535,181.16942
2012-08-10,1.9763184,15.507668,181.0668
2012-08-11,1.9593506,14.473488,184.22421
2012-08-12,2.0004883,13.75425,182.57495
2012-08-13,2.2561035,14.580421,183.65633
2012-08-14,3.0750732,18.50962,186.2371
2012-08-15,3.1478395,17.766945,186.26443
2012-08-16,2.798462,16.082863,184.03989
2012-08-17,2.0478516,13.848976,180.39716
2012-08-18,2.3149414,14.929543,175.05646
2012-08-19,2.4222803,13.927101,172.79665
2012-08-20,2.3553467,13.650246,173.05319
2012-08-21,1.987915,12.410988,170.25038
2012-08-22,2.0023193,14.787941,173.61855
2012-08-23,1.9838867,14.673683,173.89328
2012-08-24,2.2572021,9.86216,171.20091
2012-08-25,2.4874268,11.252785,170.10234
2012-08-29,1.8586426,19.675636,182.73125
2012-08-30,2.7528076,17.360207,202.45143
2012-08-31,2.796997,16.889015,202.61433
2012-09-01,2.4678955,15.521828,199.22552
2012-09-02,2.4195328,15.259621,199.45485
2012-09-03,2.1629639,14.460793,196.48038
2012-09-04,1.9061279,13.584816,187.89279
2012-09-05,1.7436523,13.196877,186.3406
2012-09-06,1.4812002,12.129494,185.65596
2012-09-07,1.5579834,10.911964,174.65977
2012-09-08,1.581213,9.8426285,171.41109
2012-09-09,1.6405029,8.630226,170.3531
2012-09-10,2.1970215,17.706398,180.22037
2012-09-11,2.364502,16.346046,183.55293
2012-09-12,2.2373047,14.912453,183.39526
2012-09-13,2.196289,16.17759,196.25433
2012-09-14,2.2056885,15.840675,197.72856
2012-09-15,2.0526123,14.419289,198.7603
2012-09-16,2.2956543,14.7176285,200.46277
2012-09-17,2.3010254,14.677101,199.96341
2012-09-18,2.053711,13.525246,190.80333
2012-09-19,1.7385254,12.259132,184.10838
2012-09-20,1.8605957,10.305031,170.27837
2012-09-23,1.6229029,9.307472,170.20346
2012-09-24,1.5097656,12.95298,188.2738
2012-09-25,1.6783447,15.728859,196.24373
2012-09-26,1.895649,14.781593,197.8775
2012-09-27,1.8752441,14.528664,196.17445
2012-09-28,1.8366699,17.806984,198.11157
2012-09-29,2.0422363,16.348488,198.94179
2012-09-30,2.0568848,14.93589,196.53345
2012-10-01,2.0166016,17.417824,187.34601
2012-10-02,2.3300772,15.333595,193.47849
2012-10-03,2.3223267,15.157326,193.25723
2012-10-04,2.0550537,13.897316,185.08653
2012-10-05,2.0526123,14.965675,183.70741
2012-10-06,2.1436768,16.434914,187.32272
2012-10-07,2.3666992,15.138527,185.42816
2012-10-08,2.358716,15.018898,185.27557
2012-10-09,2.0344238,13.752296,182.3594
2012-10-10,1.8599854,9.582375,174.72076
2012-10-12,1.6669922,9.906593,170.11305
2012-10-13,1.6652832,14.491554,178.85657
2012-10-14,1.6917725,17.97007,184.2868
2012-10-15,1.7063799,17.376808,188.25201
2012-10-16,1.630127,14.763039,193.20415
2012-10-17,1.6044922,14.533058,195.03485
2012-10-18,1.5411377,13.21714,203.06627
2012-10-19,1.513382,12.505226,204.60966
2012-10-20,1.4035645,11.832375,202.78989
2012-10-21,1.2828369,10.962257,200.44678
2012-10-22,1.2681885,13.302589,201.37584
2012-10-23,1.4720135,17.688332,199.73087
2012-10-24,1.6477051,15.814308,201.77003
2012-10-25,1.6552639,15.586769,201.79007
2012-10-26,1.5510254,13.84507,197.1576
2012-10-27,1.3815918,13.01255,192.633
2012-10-28,1.2365723,12.159523,185.64876
2012-10-29,1.1505127,13.280617,187.65736
2012-10-30,1.2009277,12.141212,192.5583
2012-10-31,1.3154297,14.607765,195.24876
2012-11-01,1.3878632,13.621193,191.43448
2012-11-02,1.4934158,13.117287,184.66481
2012-11-03,1.480835,13.460304,188.28008
2012-11-04,1.543457,13.296242,189.1331
2012-11-05,1.5235596,13.891945,193.21199
2012-11-06,1.9387207,14.17466,201.00795
2012-11-07,2.4219494,17.2855,204.85403
2012-11-08,2.3952637,16.116554,204.39072
2012-11-09,2.1358643,14.290382,200.62592
2012-11-10,1.8363352,13.014992,198.0999
2012-11-11,1.6834717,12.42466,194.85097
2012-11-12,1.5804443,12.02964,189.82065
2012-11-13,1.496582,11.391457,184.0477
2012-11-14,1.3619385,13.27964,180.3584
2012-11-15,1.4066162,14.857277,196.84377
2012-11-16,1.8244629,14.027199,204.35928
2012-11-17,1.8375244,13.950539,204.69719
2012-11-18,1.7750244,13.2176285,207.2365
2012-11-19,1.4885244,11.989113,198.16103
2012-11-20,1.6673584,15.786964,206.7188
2012-11-21,1.6983643,15.608742,207.16432
2012-11-22,1.8282471,13.981789,201.63306
2012-11-23,1.8204346,13.840187,201.86012
2012-11-24,1.6656494,13.192238,204.67374
2012-11-25,1.5073242,12.754738,181.06294
2012-11-26,1.7924805,10.925636,178.68903
2012-11-27,1.8225098,10.5145035,187.11377
2012-11-28,1.6646729,14.185402,190.00616
2012-11-29,1.5172119,12.398293,177.48752
2012-11-30,1.3864746,7.5997086,172.27484
2012-12-01,1.2275391,7.1397476,176.85167
2012-12-02,1.1573486,12.809914,198.71436
2012-12-03,1.1811523,13.102394,204.24306
2012-12-04,1.3723145,12.482765,226.62218
2012-12-05,1.5274658,12.565773,237.66512
2012-12-07,1.7282715,13.803566,239.72725
2012-12-08,1.4997559,12.460304,212.66586
2012-12-09,1.5134277,11.661232,192.89996
2012-12-10,1.4686279,13.649757,192.07494
2012-12-11,1.4498291,8.587746,183.40411
2012-12-12,1.37854,14.778175,185.42719
2012-12-13,1.3840332,13.562355,193.16678
2012-12-14,1.3483887,12.154396,193.90067
2012-12-15,1.3305664,12.017921,192.54182
2012-12-16,1.3321533,15.006935,202.41466
2012-12-17,1.6248779,13.759621,195.72766
2012-12-18,1.6258545,13.6238785,195.9404
2012-12-19,1.512085,12.372902,196.59392
2012-12-20,1.4356995,16.102638,198.07913
2012-12-21,1.5986328,14.888527,195.70262
2012-12-22,1.7751465,14.2332535,191.79077
2012-12-23,2.0823975,12.919289,202.71223
2012-12-24,2.104126,12.626808,203.98717
2012-12-25,1.9984131,14.398293,205.4788
2012-12-26,1.8676758,13.242531,216.93835
2012-12-27,1.831543,15.994484,237.44618
2012-12-28,1.8387451,14.473976,203.22812
2012-12-29,1.8320312,13.619484,195.30586
2012-12-30,1.7553711,12.999855,187.84756
2012-12-31,1.6434231,10.409523,180.14226
2013-01-01,1.5852051,10.09507,208.06538
2013-01-02,1.6230469,17.387062,239.65297
2013-01-03,1.7212648,16.033546,219.55376
2013-01-04,1.7407227,15.4798355,212.05801
2013-01-05,1.784668,13.697609,217.9942
2013-01-06,1.8496094,15.789894,225.05055
2013-01-07,1.8493652,15.750343,225.11855
2013-01-08,1.7596436,14.70005,214.48605
2013-01-09,1.5837402,14.404152,198.94669
2013-01-10,1.5072021,13.482765,201.86075
2013-01-11,1.4375,12.27256,197.53242
2013-01-12,1.4416504,12.304298,198.809
2013-01-13,1.3864737,13.277443,211.04736
2013-01-14,1.4362793,13.298683,208.27577
2013-01-15,1.4633789,13.293312,206.59735
2013-01-16,1.4694824,12.644386,205.81184
2013-01-17,1.27246,11.068214,202.00108
2013-01-18,1.3292475,11.824074,206.47266
2013-01-19,1.414917,12.1517105,209.57532
2013-01-21,1.4560976,11.03257,233.75069
2013-01-22,1.520874,22.77671,215.32088
2013-01-23,1.7178955,19.931007,232.30478
2013-01-24,1.7888184,17.883644,234.80432
2013-01-25,1.7987309,17.46128,235.21219
2013-01-30,1.5488281,13.7142105,239.90979
2013-01-31,1.6040039,14.425636,221.00856
2013-02-01,1.5970564,14.2142105,217.66312
2013-02-02,1.4681864,12.39341,206.43753
2013-02-03,1.4416504,10.935402,223.07045
2013-02-04,1.4125977,10.582375,235.37544
2013-02-05,1.2685547,14.974953,238.68979
2013-02-06,1.300415,19.324074,238.93379
2013-02-08,1.5080566,15.008156,237.11778
2013-02-09,1.5466309,14.509132,223.43884
2013-02-10,1.5479736,14.470558,223.32033
2013-02-11,1.4592285,13.071144,222.1021
2013-02-12,1.3206787,11.519875,220.87236
2013-02-13,1.3254395,14.579445,227.2628
2013-02-14,1.4807129,13.12339,230.34772
2013-02-15,1.7104492,13.733742,231.20367
2013-02-16,1.7623291,13.103371,234.7354
2013-02-17,1.6890869,14.53257,237.27094
2013-02-18,1.5323486,13.2957535,235.49405
2013-02-19,1.3543701,11.962257,239.95096
2013-02-20,1.4266357,11.431007,239.86534
2013-02-21,1.5423584,9.01548,187.43948
2013-02-22,1.7030029,9.451027,184.71101
2013-02-23,1.7104492,14.024269,191.89668
2013-02-24,1.675293,17.725441,200.24306
2013-02-25,1.5535889,15.815285,205.04701
2013-02-26,1.5703125,13.962746,218.28207
2013-02-27,1.8479004,17.131203,213.61513
2013-02-28,2.0263672,15.978371,215.0942
2013-03-01,1.8944092,14.553566,215.01285
2013-03-02,1.824707,13.046242,214.02171
2013-03-03,1.7856445,12.349464,222.8331
2013-03-06,1.8438721,13.266945,239.89983
2013-03-07,1.8652344,15.638527,217.47319
2013-03-08,1.9650879,14.966164,213.2278
2013-03-09,1.9658203,14.857765,213.28683
2013-03-10,1.8684082,13.541359,219.85942
2013-03-11,1.6417236,12.371437,228.60414
2013-03-12,1.722168,14.647804,207.26573
2013-03-13,1.7887144,13.522316,203.49152
2013-03-14,1.7685547,13.260109,202.877
2013-03-15,1.7485352,13.636574,211.38545
2013-03-16,1.9440918,14.647804,217.236
2013-03-17,1.8686523,14.278664,215.42221
2013-03-18,1.7409668,13.289894,213.50818
2013-03-19,1.793457,17.820168,211.43062
2013-03-20,1.9793701,16.611671,209.40327
2013-03-21,2.0982122,18.954445,206.62573
2013-03-22,2.170044,17.295753,205.29585
2013-03-23,2.0515137,15.875343,203.12932
2013-03-24,1.8145752,14.136574,200.64275
2013-03-25,1.6713867,13.181007,195.90015
2013-03-26,1.5366211,12.302589,188.86444
2013-03-27,1.5153809,9.147804,183.79018
2013-03-28,1.6008301,14.982765,201.4901
2013-03-29,1.6799316,14.430519,203.44612
2013-03-30,1.6781006,13.409523,203.9464
2013-03-31,1.7675781,12.838722,198.19255
2013-04-01,1.8277588,13.249367,191.40005
2013-04-02,1.8170166,13.825539,191.05098
2013-04-03,1.8435059,17.625832,193.12805
2013-04-04,2.050415,16.028664,198.46904
2013-04-05,2.1531982,14.882179,199.01904
2013-04-06,2.1281738,14.659035,200.71516
2013-04-07,2.1217804,14.737648,199.3986
2013-04-08,2.1170654,14.596535,199.9299
2013-04-09,2.0340576,13.496925,201.31131
2013-04-10,2.336792,18.189796,191.2937
2013-04-11,2.4884758,16.641457,190.48515
2013-04-12,2.2197266,15.51255,193.37257
2013-04-13,2.6367188,17.458351,192.51198
2013-04-14,2.6937256,16.42173,192.45815
2013-04-15,2.4835205,14.634132,191.90828
2013-04-16,1.9775791,12.858742,192.48364
2013-04-17,2.454956,16.11802,197.22433
2013-04-18,2.4544668,16.02964,197.24547
2013-04-19,2.003992,13.427101,197.1957
2013-04-20,2.4282227,14.961281,205.64124
2013-04-21,2.4652357,14.777199,206.73495
2013-04-22,2.0910645,13.041847,193.7803
2013-04-23,2.1447754,12.711769,183.73409
2013-04-24,2.02771,15.2142105,179.85956
2013-04-25,2.151001,14.530617,184.80551
2013-04-26,2.0257015,13.507179,183.1338
2013-04-27,1.6491699,12.283058,177.66853
2013-04-28,1.7507324,17.363625,192.75288
2013-04-29,1.989502,15.867043,198.33386
2013-04-30,2.34375,15.650246,197.27507
2013-05-01,2.3388672,15.569679,197.35423
2013-05-02,2.0996094,14.433937,185.21973
2013-05-03,2.218628,14.158058,182.44116
2013-05-04,2.1030273,13.519386,179.7941
2013-05-05,1.7290039,12.286476,174.6643
2013-05-06,1.65979,12.155861,172.41818
2013-05-07,1.5042725,8.101418,170.20659
2013-05-08,1.4395752,16.271828,174.01541
2013-05-09,1.3378906,13.618019,186.68478
2013-05-10,1.6530762,14.921242,198.05482
2013-05-11,1.855835,14.402199,201.0631
2013-05-12,1.7585335,13.407082,201.54921
2013-05-13,1.7592773,14.535011,186.36313
2013-05-14,1.848877,15.031105,186.3388
2013-05-15,1.7977753,14.403175,187.02492
2013-05-16,1.8352051,15.2767105,188.2933
2013-05-17,1.8569336,14.502785,188.94914
2013-05-18,2.0952148,16.435402,190.71365
2013-05-19,2.41687,15.326515,189.51021
2013-05-20,2.4215088,15.266457,189.25044
2013-05-21,2.3162842,14.481789,186.65228
2013-05-22,2.3078613,16.719093,198.78017
2013-05-23,2.5234375,15.393898,192.04678
2013-05-24,2.526245,15.286476,191.12364
2013-05-25,2.4179363,16.0709,192.10744
2013-05-26,2.2595215,15.399269,192.30537
2013-05-27,1.8192139,13.720314,187.40675
2013-05-28,1.7714844,13.593849,191.83025
2013-05-29,1.9918213,14.571877,196.69563
2013-05-30,1.9804688,14.453957,196.44702
2013-05-31,1.7998047,13.333351,192.0879
2013-06-01,1.4664307,14.410988,183.8204
2013-06-02,1.6520996,13.207863,186.68054
2013-06-03,1.918457,13.328957,181.07112
2013-06-04,1.9746094,20.442726,189.28725
2013-06-05,3.0664062,18.514992,211.55225
2013-06-06,3.1362305,17.97007,212.61766
2013-06-07,2.7003174,16.36216,210.78789
2013-06-08,1.9543457,14.028664,206.39796
2013-06-09,1.7458496,13.451027,203.43033
2013-06-10,1.8223877,13.914406,201.6691
2013-06-11,1.9530029,14.928078,199.49597
2013-06-12,1.8297119,13.910988,197.07224
2013-06-13,1.5593262,13.00132,190.44005
2013-06-14,1.5267334,15.173195,189.04266
2013-06-15,1.5930176,13.629738,185.24152
2013-06-16,1.8985596,14.691261,190.57167
2013-06-17,1.9268999,14.462257,191.75066
2013-06-18,1.7668457,13.347511,191.18097
2013-06-19,2.0263672,16.173195,183.50536
2013-06-20,2.2113037,15.284035,179.51782
2013-06-21,2.5187988,11.093117,172.49309
2013-06-22,2.5062256,11.107277,171.93745
2013-06-24,1.9180908,16.363625,171.87854
2013-06-25,2.0374756,14.65464,180.21263
2013-06-26,2.020874,14.566261,180.60835
2013-06-27,1.8231201,13.728371,176.03505
2013-06-28,1.7779541,8.534523,171.09763
2013-06-29,1.5803223,8.259621,170.23532
2013-06-30,1.661499,14.274757,187.04695
2013-07-01,1.8579102,13.680031,187.49004
2013-07-02,1.8153305,13.397804,186.61679
2013-07-03,1.7800293,21.124367,189.85687
2013-07-04,2.703125,17.596535,201.74113
2013-07-05,2.7381706,16.635109,201.44002
2013-07-06,2.536621,15.260109,199.53479
2013-07-07,2.3391113,14.469582,196.23776
2013-07-08,2.793335,16.351906,195.88487
2013-07-09,2.8966064,15.965187,196.68013
2013-07-10,2.6333008,14.509132,195.50034
2013-07-11,1.9973145,12.671242,194.62555
2013-07-12,2.0880127,14.725929,198.32756
2013-07-13,2.1015625,14.632668,197.7133
2013-07-14,1.9412842,13.004738,190.14597
2013-07-15,1.8633347,14.1673355,181.48772
2013-07-16,1.8424072,13.528664,173.94356
2013-07-17,2.0372314,16.463722,191.32907
2013-07-18,2.2211905,15.261574,200.34398
2013-07-19,2.204834,15.096046,200.54831
2013-07-20,1.8198242,13.7454605,198.88899
2013-07-21,1.7318115,13.741066,197.2448
2013-07-22,1.6408691,13.133644,189.14188
2013-07-23,2.1713867,11.528664,170.80714
2013-07-25,2.3398438,11.304543,170.0838
2013-07-26,2.2199707,13.363625,171.35286
2013-07-27,2.165039,16.049171,184.26611
2013-07-28,2.709961,17.753273,193.51285
2013-07-29,2.8215332,17.23716,194.59201
2013-07-30,2.4492188,15.23423,190.89165
2013-07-31,2.001587,13.660011,185.02692
2013-08-01,1.9433594,12.897316,180.5193
2013-08-02,1.7893066,12.181496,178.00502
2013-08-03,1.8110352,16.100441,182.2235
2013-08-04,1.8118114,14.895363,180.85594
2013-08-05,1.895874,14.289894,175.22925
2013-08-06,1.980835,13.914406,174.22269
2013-08-07,1.8770752,12.930031,170.98167
2013-08-08,1.5981445,9.37632,170.92747
2013-08-09,1.5736084,13.06089,176.42409
2013-08-10,1.5849609,9.380226,173.2704
2013-08-11,1.5609131,9.439796,171.58867
2013-08-14,1.6652832,10.197853,170.34412
2013-08-15,1.699707,10.610695,170.37508
2013-08-17,1.4927979,12.221535,170.16132
2013-08-18,1.470459,11.883644,173.28416
2013-08-19,1.6518555,14.662941,187.53583
2013-08-20,1.7456055,13.977394,185.51364
2013-08-21,1.7220459,13.2176285,181.07422
2013-08-22,1.7940674,13.813332,180.32384
2013-08-23,1.8042011,13.411964,181.0264
2013-08-24,1.713623,12.1707535,179.12244
2013-08-25,1.984375,9.482277,174.98175
2013-08-26,2.1397705,9.81089,170.53017
2013-08-27,2.170288,10.137062,170.05545
2013-08-30,1.5352783,9.75425,170.21222
2013-08-31,1.4407959,9.354347,174.68591
2013-09-01,1.4481201,13.006691,184.46176
2013-09-02,1.4504395,12.980812,184.34032
2013-09-03,1.3892822,12.315285,184.53107
2013-09-04,1.2701292,11.488136,181.73463
2013-09-05,1.1188791,15.607765,176.94385
2013-09-06,1.2176514,14.135109,191.70346
2013-09-07,1.2710104,11.312843,195.40659
2013-09-08,1.2529297,11.056984,195.58301
2013-09-09,1.2653809,14.035011,200.81944
2013-09-10,1.4156494,13.355812,203.23553
2013-09-11,1.9620361,13.959816,212.65872
2013-09-12,1.9820166,13.709816,213.53387
2013-09-13,1.8012695,13.095558,212.78539
2013-09-14,1.6835938,14.17466,192.13094
2013-09-15,1.6478271,9.889015,175.40825
2013-09-16,1.6357422,9.819679,175.27664
2013-09-17,1.7492676,10.272072,170.30202
2013-09-19,1.8959961,10.207863,175.61742
2013-09-20,1.9316406,15.109718,188.47386
2013-09-21,1.9559326,14.374855,190.19571
2013-09-22,2.2419434,16.326515,183.15189
2013-09-23,2.2851562,15.413918,181.74538
2013-09-24,2.2590332,14.457375,177.42767
2013-09-25,2.0587158,10.6063,171.7753
2013-09-26,1.8012695,10.0438,173.19547
2013-09-27,1.7348633,16.048683,189.76653
2013-09-28,1.7856445,15.727638,190.60394
2013-09-29,1.7427473,14.673683,188.74232
2013-09-30,1.6644287,12.971535,182.07701
2013-10-01,1.7368164,12.2176285,185.93074
2013-10-02,2.2678223,16.395363,195.8603
2013-10-03,2.35437,15.912453,195.00266
2013-10-04,2.286377,14.8426285,190.42683
2013-10-05,1.9273443,13.394875,183.6506
2013-10-06,1.7609863,9.158546,170.38187
2013-10-07,1.7819414,8.760109,170.25873
2013-10-08,1.8532715,14.305031,188.66426
2013-10-09,2.0447998,17.909523,194.10991
2013-10-10,2.201229,16.423195,197.72664
2013-10-11,2.1386719,15.451027,196.55826
2013-10-12,1.7938232,13.767433,189.62634
2013-10-13,1.7351074,13.324562,183.44916
2013-10-14,1.7126465,12.847267,180.62831
2013-10-15,1.5879469,12.931496,179.47884
2013-10-16,1.4833984,12.582375,179.19214
2013-10-17,1.359375,13.849953,186.64851
2013-10-18,1.3591995,13.789894,187.01073
2013-10-19,1.7178955,14.505714,195.26385
2013-10-20,1.7991943,13.170265,197.90901
2013-10-21,1.6861572,12.441261,198.84901
2013-10-22,1.4464188,11.475929,193.92513
2013-10-23,1.369688,12.199562,197.6933
2013-10-24,1.3962402,13.336769,195.24936
2013-10-25,1.5046282,13.267921,199.51117
2013-10-26,1.5664062,17.288918,195.78638
2013-10-27,1.595459,16.58384,194.1268
2013-10-28,1.6064453,13.870949,193.66063
2013-10-29,1.619318,13.422218,193.60304
2013-10-30,1.6501465,14.435402,194.57426
2013-10-31,1.6421871,13.944679,195.01845
2013-11-01,1.6734619,13.469093,192.75005
2013-11-02,1.9295654,12.95298,194.57208
2013-11-03,1.9362793,12.823097,194.2206
2013-11-04,1.6326904,12.360695,191.85164
2013-11-05,1.6258545,14.4520035,197.44638
2013-11-06,1.6425781,14.334328,197.33745
2013-11-07,1.490799,12.470558,196.83096
2013-11-08,1.592041,12.922951,184.8454
2013-11-09,1.6376953,12.210304,182.29845
2013-11-10,1.6533203,10.922218,183.3139
2013-11-11,1.660759,10.360695,183.23555
2013-11-12,1.543457,9.650246,180.00893
2013-11-13,1.4122314,12.393898,177.84174
2013-11-14,1.4267578,11.371681,183.66086
2013-11-15,1.454834,11.730568,182.26088
2013-11-16,1.5493164,14.689308,192.22751
2013-11-17,1.8267822,13.413429,184.68301
2013-11-18,1.8297119,13.2855,184.10582
2013-11-19,1.736084,12.348,183.01291
2013-11-20,1.5458984,11.059914,186.13284
2013-11-21,1.4857178,13.076027,189.2457
2013-11-22,1.4876709,12.531105,187.27853
2013-11-23,1.4226074,12.06089,186.02753
2013-11-24,1.4066162,13.036964,187.76437
2013-11-25,1.4376221,12.804054,186.21614
2013-11-26,1.3195801,11.95591,185.9634
2013-11-27,1.4315186,14.835304,184.01642
2013-11-28,1.5709229,13.326515,180.82861
2013-11-29,1.7365723,12.240578,180.09532
2013-11-30,1.730835,12.083839,183.31383
2013-12-01,1.4975586,10.513039,176.8511
2013-12-02,1.4172363,15.094093,204.07938
2013-12-03,1.4122314,13.401466,216.53258
2013-12-04,1.4124756,13.36338,216.83623
2013-12-05,1.340332,12.551857,227.27321
2013-12-06,1.1777344,11.850685,232.38197
2013-12-07,1.1719971,11.0926285,201.29852
2013-12-08,1.192627,11.150734,173.79167
2013-12-09,1.295044,10.6707535,174.86942
2013-12-10,1.3344727,15.756691,200.30244
2013-12-11,1.6002197,14.686134,198.89536
2013-12-12,1.6105957,13.643166,191.71393
2013-12-13,1.9807129,14.692726,195.7067
2013-12-14,1.9973145,14.496437,195.54622
2013-12-15,1.9342041,15.814308,196.79486
2013-12-16,1.9038086,14.806007,197.85959
2013-12-17,1.7557373,13.568214,198.63565
2013-12-18,1.6491699,13.406105,198.53969
2013-12-19,1.5028076,12.226418,208.05763
2013-12-20,1.4438477,15.936867,227.2816
2013-12-21,1.4274044,15.822121,231.08333
2013-12-22,1.2722168,13.7298355,224.53969
2013-12-23,1.029541,11.848,214.42467
2013-12-24,1.0095215,11.069679,195.30653
2013-12-25,1.1843262,12.312843,222.22102
2013-12-26,1.3036945,12.057472,239.97725
2013-12-27,1.659668,15.697609,211.5983
2013-12-28,1.6351318,12.135597,208.91765
2013-12-29,1.5048828,14.482765,194.40846
2013-12-30,1.546875,21.039406,193.29036
2013-12-31,1.4577637,19.20298,205.649
2014-01-01,1.3941765,16.69468,223.31274
2014-01-02,1.3643799,14.350441,238.5402
2014-01-03,1.473877,12.305519,225.18831
2014-01-04,1.5020752,16.854347,217.74338
2014-01-05,1.5334473,13.565285,229.2985
2014-01-06,1.534668,13.509621,229.71513
2014-01-07,1.4176025,13.147804,222.31252
2014-01-08,1.3643799,12.2020035,193.28247
2014-01-09,1.517334,10.8079605,207.26399
2014-01-10,1.4946289,10.48423,207.59064
2014-01-11,1.2961426,10.191261,212.27144
2014-01-12,1.1816406,15.966164,202.93875
2014-01-13,1.4171143,14.405617,194.65819
2014-01-14,1.413208,13.616066,195.36017
2014-01-15,1.4468994,14.862404,207.39764
2014-01-16,1.5782471,13.466164,220.04074
2014-01-17,1.6345215,12.661964,230.61816
2014-01-18,1.6124783,12.338234,238.80916
2014-01-19,1.4174805,12.015968,239.25032
2014-01-20,1.4034939,11.75425,217.16725
2014-01-21,1.3561974,10.641945,215.5322
2014-01-22,1.4484863,17.55552,223.2815
2014-01-23,1.6065674,15.272316,220.36232
2014-01-24,1.725708,14.6204605,238.04193
2014-01-26,1.8469238,14.451027,233.4378
2014-01-27,1.8278809,14.390968,232.92732
2014-02-01,1.5419922,12.930031,232.4168
2014-02-02,1.6707163,13.634132,214.22147
2014-02-03,1.779541,14.375832,214.76682
2014-02-04,1.6772461,13.624855,222.1023
2014-02-05,1.4914551,12.494484,224.91331
2014-02-06,1.3830566,12.216164,213.36002
2014-02-07,1.4047852,12.144875,191.2686
2014-02-08,1.3969727,12.060402,192.10408
2014-02-09,1.3782501,7.6585464,180.70512
2014-02-10,1.3701172,7.630226,181.6008
2014-02-11,1.3916016,15.625343,186.9549
2014-02-12,1.4830322,14.330666,184.85284
2014-02-13,1.5166187,13.598,185.36272
2014-02-14,1.3121338,12.278175,187.58687
2014-02-15,1.1838379,13.215187,189.69081
2014-02-16,1.2584229,12.184914,185.258
2014-02-17,1.3933105,11.024269,180.44447
2014-02-18,1.5384521,14.721535,184.47995
2014-02-19,1.722168,14.588234,190.55605
2014-02-20,1.7272949,14.522316,190.43887
2014-02-21,1.59021,13.313332,189.57164
2014-02-22,1.4578857,12.993996,191.68785
2014-02-23,1.4382324,12.540871,216.84428
2014-02-24,1.4378662,12.600929,216.71123
2014-02-25,1.4299316,11.766457,211.80595
2014-02-26,1.3841553,10.046974,202.78966
2014-02-27,1.3339834,9.54673,203.63356
2014-02-28,1.3250732,15.956886,204.0637
2014-03-01,1.4396973,14.392921,205.91833
2014-03-02,1.4396973,14.175636,206.433
2014-03-03,1.4172363,12.534035,215.16173
2014-03-04,1.4733887,13.153175,229.46205
2014-03-05,1.6506348,16.431007,238.4166
2014-03-10,1.719286,13.569679,217.3367
2014-03-11,1.7568359,13.211281,213.43858
2014-03-12,1.6845703,13.540382,214.68385
2014-03-13,1.7419434,14.468117,198.82475
2014-03-14,1.7355957,14.383156,198.08232
2014-03-15,1.7781963,14.668312,207.5417
2014-03-16,1.6947021,13.452492,203.14514
2014-03-17,1.7027588,9.028175,215.87532
2014-03-18,1.7044678,9.633644,191.6179
2014-03-19,1.5500488,9.278175,190.85503
2014-03-20,1.585083,15.048683,214.33147
2014-03-21,1.8052979,16.017921,215.82088
2014-03-22,1.7138672,14.118019,228.9613
2014-03-23,1.6094971,15.908058,218.72867
2014-03-24,1.5998535,15.414406,218.38145
2014-03-25,1.5646954,13.224953,208.76949
2014-03-26,1.5356445,13.161476,206.79788
2014-03-27,1.4060059,11.903664,194.5695
2014-03-28,1.2864552,14.67466,200.01439
2014-03-29,1.3424072,13.297218,203.98094
2014-03-30,1.6696777,13.871925,205.89851
2014-03-31,1.756774,13.648293,209.83473
2014-04-01,1.7315674,13.148293,207.87697
2014-04-02,1.6264753,12.473488,200.47133
2014-04-03,1.7493896,11.98423,180.98347
2014-04-04,1.7089844,11.778664,180.22154
2014-04-05,1.8900146,13.909035,188.34103
2014-04-06,1.7538805,8.679543,183.60484
2014-04-07,1.7884521,9.097511,183.86179
2014-04-08,1.7279053,8.897316,183.09682
2014-04-09,1.7458496,9.271828,182.2933
2014-04-10,1.8259277,9.268898,177.94855
2014-04-11,1.925415,9.079445,177.21364
2014-04-12,2.1513672,15.805031,186.6334
2014-04-13,2.4073057,13.245949,176.53185
2014-04-14,2.3763428,11.780617,174.20816
2014-04-15,2.0557861,10.85923,170.37529
2014-04-16,1.8356934,10.381691,175.86778
2014-04-17,1.8814697,16.249367,191.62668
2014-04-18,2.00708,14.559914,192.48448
2014-04-19,2.3809814,15.652199,192.10178
2014-04-20,1.9887695,14.822609,189.2355
2014-04-21,2.0367432,14.875343,189.25067
2014-04-22,1.7832031,13.158058,189.35727
2014-04-23,1.5313721,12.028664,191.13695
2014-04-24,2.4383545,19.047707,205.42253
2014-04-25,2.8475218,16.696632,204.93184
2014-04-26,2.8276443,16.358742,204.82233
2014-04-27,2.5882568,14.994484,203.33664
2014-04-28,2.224121,14.190285,203.54475
2014-04-29,1.9487305,13.607277,195.04724
2014-04-30,2.006958,14.019386,188.72018
2014-05-01,1.9658203,12.4173355,181.1053
2014-05-02,1.9143066,9.82505,176.5549
2014-05-03,1.7459707,9.391945,170.31233
2014-05-04,1.5727539,8.859474,172.26282
2014-05-05,1.6479454,13.058937,176.45335
2014-05-06,1.7352295,15.8860855,186.55656
2014-05-07,2.3891602,15.697609,190.62633
2014-05-08,2.409912,15.168312,190.79834
2014-05-09,2.2614746,14.256203,189.77922
2014-05-10,2.141119,14.362648,184.97028
2014-05-11,1.8670654,15.8582535,194.51103
2014-05-12,2.331421,14.598,196.42427
2014-05-13,2.348877,14.595558,196.08644
2014-05-14,2.0549316,13.57798,187.43967
2014-05-15,2.0084229,15.869972,181.0638
2014-05-16,1.9869385,15.690285,181.57043
2014-05-17,1.8474121,17.380714,190.36983
2014-05-18,2.1159668,15.325539,197.38393
2014-05-19,2.1188965,15.14048,196.82901
2014-05-20,1.7841787,13.311867,191.41753
2014-05-21,1.7203188,14.429543,192.77348
2014-05-22,2.022705,15.736671,185.79214
2014-05-23,1.9829102,15.672707,187.17104
2014-05-24,1.8317871,13.537941,182.18752
2014-05-25,1.9713545,20.80259,183.24377
2014-05-26,2.2388687,17.933449,191.27411
2014-05-27,2.183426,17.539406,193.4153
2014-05-28,2.0842285,13.889015,196.22119
2014-05-29,2.1489258,13.441261,189.32335
2014-05-30,2.3754883,14.329933,187.09633
2014-05-31,2.5307589,14.17466,186.1021
2014-06-01,2.5324707,14.39341,185.79259
2014-06-02,2.4508057,14.002296,186.08905
2014-06-03,2.4798584,15.131691,183.35254
2014-06-04,2.473755,15.065285,183.13324
2014-06-05,1.9873047,13.699074,186.60535
2014-06-06,1.7807617,12.8548355,187.15411
2014-06-07,2.0319824,10.152687,174.46176
2014-06-08,2.3111572,10.142921,172.18665
2014-06-09,2.4299316,10.352882,171.81912
2014-06-11,1.9890137,9.992043,170.38133
2014-06-12,1.9399414,9.8860855,170.32257
2014-06-13,1.8156738,8.869484,171.38301
2014-06-14,2.1966553,14.800636,177.39568
2014-06-15,2.3846827,13.421242,175.45476
2014-06-16,2.2977724,13.247414,175.19495
2014-06-17,1.6652832,10.812355,172.34361
2014-06-18,1.4110107,9.155617,176.07893
2014-06-19,1.401123,9.015968,177.61885
2014-06-20,2.036621,14.489113,201.40674
2014-06-21,2.1828613,14.309425,201.4205
2014-06-22,2.098877,13.406105,199.07895
2014-06-23,1.7449951,12.221046,192.01112
2014-06-24,1.7939453,17.141457,187.38562
2014-06-25,1.791626,16.031593,188.71239
2014-06-26,1.730835,12.305519,178.28699
2014-06-27,1.8869629,18.260597,180.75137
2014-06-28,2.6397705,16.108742,173.66594
2014-06-29,2.70813,15.892921,172.97469
2014-07-01,2.024292,16.099464,187.93053
2014-07-02,2.4538574,15.790871,193.54137
2014-07-03,3.3208008,19.37632,192.99324
2014-07-04,3.657959,18.258644,192.76184
2014-07-05,3.3043213,16.531593,187.84836
2014-07-06,2.5145264,14.394875,181.31186
2014-07-11,1.4743652,14.381447,173.8037
2014-07-12,1.6134033,13.978859,181.89621
2014-07-13,1.6141357,13.94175,182.2475
2014-07-14,1.6003418,12.695656,183.99847
2014-07-15,1.675293,15.407082,198.64249
2014-07-16,2.0291748,13.579933,193.86021
2014-07-17,2.0899658,13.6395035,193.34224
2014-07-18,1.9304199,12.059425,183.78159
2014-07-19,1.8756104,10.010109,180.11125
2014-07-20,1.7329102,12.9954605,181.21165
2014-07-21,1.6104736,11.789406,183.53168
2014-07-22,1.5861816,14.422707,178.36064
2014-07-23,1.9957294,8.851906,173.73492
2014-07-24,2.23215,10.677589,170.06247
2014-07-30,1.4729004,9.447609,170.25136
2014-07-31,1.5302734,13.46714,176.93665
2014-08-01,1.6011963,13.277199,187.70491
2014-08-02,1.697876,14.46714,191.20337
2014-08-03,1.81604,13.106789,197.1035
2014-08-04,2.3310547,15.404152,211.18568
2014-08-05,2.376709,15.015968,211.38289
2014-08-06,2.1524658,13.934914,208.73048
2014-08-07,1.8227539,14.746437,191.87505
2014-08-08,2.0466309,14.440285,192.38606
2014-08-09,2.0229492,13.416847,189.04057
2014-08-10,1.9013672,10.925148,175.42963
2014-08-11,1.8354492,14.804054,183.01761
2014-08-12,1.9337158,13.928566,185.64272
2014-08-13,1.9049072,13.486671,185.39445
2014-08-14,1.866333,18.222511,188.61911
2014-08-15,1.8502197,16.73619,189.62323
2014-08-16,1.8746338,14.859718,183.27386
2014-08-17,1.8122559,13.994972,182.77686
2014-08-18,1.6772461,13.117043,185.7145
2014-08-19,1.3848877,12.531105,190.63559
2014-08-20,1.4875488,13.302101,203.58607
2014-08-21,2.0893555,13.642921,201.07108
2014-08-22,2.1223145,13.429543,199.67554
2014-08-23,1.9675293,12.288918,192.46039
2014-08-24,1.8599854,11.759132,188.62851
2014-08-25,1.8204346,8.90464,187.71138
2014-08-26,1.7685547,15.852394,188.18546
2014-08-27,1.6418276,14.1829605,192.1063
2014-08-28,1.6688375,15.838234,190.66647
2014-08-29,1.5571289,12.790871,196.24983
2014-08-30,1.559082,12.672707,196.41486
2014-08-31,1.6557617,14.069191,197.33012
2014-09-01,1.828125,13.361671,194.99161
2014-09-02,1.8427734,13.2957535,195.11461
2014-09-03,2.0860596,19.573586,202.32217
2014-09-04,2.271039,17.462257,203.52553
2014-09-05,2.229248,16.61753,201.59631
2014-09-06,2.220459,15.440773,190.76306
2014-09-07,2.223877,15.601906,190.39424
2014-09-08,2.128662,14.148293,180.25899
2014-09-09,1.9992676,15.72007,183.48373
2014-09-10,1.880127,14.505226,181.05919
2014-09-11,1.8447266,9.357765,176.41504
2014-09-12,2.319336,14.477394,179.92915
2014-09-13,2.2980957,14.350441,179.43648
2014-09-14,2.7347412,15.007179,188.61618
2014-09-15,2.8878174,14.540382,191.62727
2014-09-16,2.6203613,18.080421,194.12935
2014-09-17,2.2351074,15.790871,196.44899
2014-09-18,2.0324707,14.490578,192.98778
2014-09-19,2.0483398,7.8343277,176.47064
2014-09-20,2.067871,7.9485855,176.2307
2014-09-21,1.9902344,14.560402,179.37582
2014-09-22,1.8195801,9.427589,179.63647
2014-09-23,1.5199909,8.271339,171.10324
2014-09-24,2.1470947,11.812355,176.42389
2014-09-25,2.5019531,12.403664,176.15576
2014-09-26,2.2268066,11.068703,170.53625
2014-09-29,1.7435303,8.9105,170.9725
2014-09-30,1.7397461,8.84507,171.93022
2014-10-01,2.0334473,17.143898,205.18504
2014-10-02,2.2751465,15.465187,208.29837
2014-10-03,2.2642822,15.3079605,208.12259
2014-10-04,2.2929688,14.39341,195.63817
2014-10-05,2.2314453,13.880714,194.6251
2014-10-06,1.7692871,12.066261,189.4558
2014-10-07,1.6612358,14.973488,190.64064
2014-10-08,1.6883545,14.453468,191.38864
2014-10-09,1.7718506,14.195168,192.62515
2014-10-10,1.6761475,13.396339,193.008
2014-10-11,1.5778809,12.571144,191.29149
2014-10-12,1.5280762,11.564796,184.70795
2014-10-13,1.5385208,11.304054,183.02658
2014-10-14,1.5856934,10.698097,178.90154
2014-10-15,1.4146729,9.908546,179.01596
2014-10-16,1.5979004,17.496925,232.14255
2014-10-17,1.692749,17.269875,235.03015
2014-10-18,1.6813211,14.183937,211.58759
2014-10-19,1.6398926,13.611183,206.74416
2014-10-20,1.499136,12.538918,198.85365
2014-10-21,1.4414062,11.4832535,199.75212
2014-10-22,1.4450684,11.401222,198.69937
2014-10-23,1.434228,16.023293,195.25128
2014-10-24,2.076416,15.726906,210.88103
2014-10-25,2.2728271,14.695412,220.27562
2014-10-26,2.306713,14.575539,220.29146
2014-10-27,2.0616455,13.346046,217.54773
2014-10-28,1.8479519,12.236671,195.8606
2014-10-29,1.7238846,13.20005,201.35771
2014-10-30,1.5853271,12.657082,192.9381
2014-10-31,1.6267252,13.475441,209.8274
2014-11-01,1.6344509,13.4676285,209.92984
2014-11-02,1.6574707,13.079933,180.95367
2014-11-03,1.6635742,12.357277,179.08472
2014-11-04,1.565918,11.1829605,175.91035
2014-11-05,1.4647217,12.066017,178.2975
2014-11-06,1.5733643,13.766457,191.36221
2014-11-07,1.6028862,13.403664,190.99828
2014-11-08,1.612915,8.472511,182.19292
2014-11-09,1.6503906,8.583839,181.93965
2014-11-10,1.7757397,13.7298355,180.44109
2014-11-11,1.7754898,13.689796,180.45483
2014-11-12,1.7199707,13.336769,180.5272
2014-11-13,1.6166992,12.538918,181.33005
2014-11-14,1.3885498,9.371925,181.06284
2014-11-15,1.3702393,13.413429,188.51782
2014-11-16,1.5823975,12.062355,197.59673
2014-11-17,1.6154785,16.270851,199.1949
2014-11-18,1.5831299,16.147316,201.91486
2014-11-19,1.6491699,14.189308,226.47826
2014-11-20,1.8348293,13.183937,207.89215
2014-11-21,1.7027588,12.576515,211.46126
2014-11-22,1.5588379,11.009621,191.45627
2014-11-23,1.3913574,13.147316,186.86017
2014-11-24,1.4615479,12.1238785,185.96558
2014-11-25,1.493042,12.242043,180.52628
2014-11-26,1.5068359,12.881935,187.44833
2014-11-27,1.4366455,12.589699,183.94072
2014-11-28,1.4677734,13.361671,192.25122
2014-11-29,1.6757812,13.15757,199.75081
2014-11-30,1.6661625,13.09214,200.45328
2014-12-01,1.629118,13.184914,208.07976
2014-12-02,1.5846453,8.876808,181.35359
2014-12-03,1.7278643,10.65464,177.41563
2014-12-04,1.7626266,10.636574,173.89076
2014-12-05,1.613471,10.471046,170.0851
2014-12-06,1.4753418,13.048683,186.65894
2014-12-07,1.5771484,13.564308,197.16518
2014-12-08,1.6166859,12.9173355,202.41516
2014-12-09,1.577673,12.181984,202.20734
2014-12-10,1.4829769,10.96714,207.26244
2014-12-11,1.3933592,13.662453,199.5227
2014-12-12,1.4143381,13.672707,197.80508
2014-12-13,1.5991211,16.573586,237.66823
2014-12-14,1.5802002,16.364601,239.2611
2014-12-18,1.9116211,13.683449,230.33788
2014-12-19,2.093628,16.439308,228.68398
2014-12-20,2.1855469,15.980812,227.10483
2014-12-21,2.06604,14.461769,223.587
2014-12-22,1.6567383,12.911964,225.44934
2014-12-23,1.6593018,13.110207,192.51093
2014-12-24,1.7851562,17.345558,207.88345
2014-12-25,1.8485107,15.141945,218.05191
2014-12-26,1.8897705,14.633644,211.14244
2014-12-27,1.7861328,13.256203,197.11324
2014-12-28,1.6996145,11.924171,210.3292
2014-12-30,1.5883789,13.246437,195.43999
2014-12-31,1.5727539,13.081886,194.39178
2015-01-01,1.3703613,11.976906,195.43289
2015-01-02,1.4384766,11.928566,191.47704
2015-01-03,1.3273926,10.17173,181.93129
2015-01-04,1.3651123,13.628761,187.9076
2015-01-05,1.4685059,14.102882,188.85168
2015-01-06,1.4190674,14.441261,188.33673
2015-01-07,1.4619684,12.642433,188.1046
2015-01-08,1.4991093,12.0770035,208.81293
2015-01-09,1.5213337,12.2332535,201.00995
2015-01-10,1.6384277,14.571144,188.33014
2015-01-11,1.6560602,12.841652,180.08733
2015-01-12,1.6021729,12.297707,181.1561
2015-01-13,1.6520996,15.034523,198.3152
2015-01-14,1.6485596,14.947609,200.00801
2015-01-15,1.5605469,13.663918,207.36867
2015-01-16,1.4143066,11.792824,201.57137
2015-01-17,1.3835449,10.689796,190.55591
2015-01-18,1.2827148,9.993996,189.3096
2015-01-19,1.27771,11.940285,205.34995
2015-01-20,1.2468262,13.587746,214.69182
2015-01-21,1.3911133,13.417824,201.44899
2015-01-22,1.3172607,12.855812,203.46896
2015-01-23,1.3269043,13.255714,214.25932
2015-01-24,1.1744385,12.110207,230.96326
2015-01-25,1.3507826,13.301125,239.69714
2015-01-26,1.3638916,10.971046,233.7172
2015-01-27,1.3848677,19.778664,237.75807
2015-01-30,1.5712042,12.621925,237.42192
2015-01-31,1.628295,14.48716,237.46933
2015-02-01,1.6356201,13.309914,235.04036
2015-02-03,1.5324707,16.198097,210.19098
2015-02-04,1.8847656,14.802589,203.44658
2015-02-05,1.9172363,14.626808,203.73154
2015-02-06,1.8043213,13.463234,202.95273
2015-02-07,1.4362488,11.9676285,203.12022
2015-02-08,1.3540039,12.654152,237.9227
2015-02-09,1.5742188,13.233742,230.24442
2015-02-10,1.5878906,13.101906,230.23799
2015-02-11,1.435791,12.427589,193.67363
2015-02-12,1.5056152,14.406593,191.07881
2015-02-13,1.6079102,14.943703,214.97092
2015-02-14,1.7869873,14.414894,232.22527
2015-02-15,1.8050537,14.256203,230.69536
2015-02-16,1.7834473,12.556252,234.47876
2015-02-17,1.7838135,12.530861,236.32832
2015-02-18,1.5754395,14.054543,239.27386
2015-02-19,1.5900965,14.083351,216.01146
2015-02-20,1.7572021,13.443214,207.31363
2015-02-21,1.7949219,12.548195,204.64305
2015-02-22,1.8686523,13.022804,197.7067
2015-02-23,1.8168945,12.9520035,195.16574
2015-02-24,1.5999756,11.586769,184.44745
2015-02-25,1.5463867,14.193214,179.6261
2015-02-26,1.5065918,8.275246,179.85336
2015-02-27,1.4736891,8.325539,180.5559
2015-02-28,1.6019287,9.056496,185.18939
2015-03-01,1.5164795,17.968605,207.51567
2015-03-02,1.9956055,15.899269,211.13538
2015-03-03,2.076294,15.148293,209.38278
2015-03-04,1.9873047,13.927101,201.88411
2015-03-05,1.6315918,12.780617,199.20009
2015-03-06,1.600708,14.444679,189.62189
2015-03-07,1.5817871,13.721046,187.74489
2015-03-08,1.4676514,11.010597,182.99133
2015-03-09,1.6743164,13.705421,196.54321
2015-03-10,2.2669678,16.736183,198.41571
2015-03-11,2.208496,15.922707,197.29984
2015-03-12,1.9571533,13.639992,193.43773
2015-03-13,1.644043,12.859718,193.95435
2015-03-14,1.4345703,11.992043,195.68306
2015-03-15,1.6855469,16.569191,196.78961
2015-03-16,1.8518066,14.806984,196.03209
2015-03-17,1.902832,13.904152,193.67526
2015-03-18,1.7624512,13.169289,191.6197
2015-03-19,1.526001,11.822609,193.84428
2015-03-20,1.7510986,15.914894,213.8634
2015-03-21,1.9561129,14.354347,208.27708
2015-03-22,1.9360352,13.866554,207.8206
2015-03-23,2.097168,14.749367,198.28383
2015-03-24,1.9975586,13.799171,199.06387
2015-03-25,2.2907715,19.065285,213.80307
2015-03-26,2.8688784,17.114113,214.8789
2015-03-27,2.8477783,16.741554,214.79126
2015-03-28,2.5513916,15.527199,214.49219
2015-03-29,2.1208496,14.382179,212.88521
2015-03-30,1.6920166,12.459816,210.71188
2015-03-31,1.560791,11.183449,206.42502
2015-04-01,1.6358643,12.602394,207.12433
2015-04-02,1.6755371,15.582863,201.86003
2015-04-03,1.6552734,13.672218,191.96265
2015-04-04,1.7869806,14.135597,188.28963
2015-04-05,1.7493896,13.805519,189.4044
2015-04-06,1.5126953,12.7142105,193.51584
2015-04-07,1.43396,12.885597,192.87674
2015-04-08,1.5814219,12.792824,195.85255
2015-04-09,1.526001,12.276222,194.69902
2015-04-10,1.5275879,15.75425,199.6869
2015-04-11,1.7852135,14.3834,207.03835
2015-04-12,1.998291,15.985695,203.66731
2015-04-13,2.055542,14.835304,203.42906
2015-04-14,2.0147705,14.189796,201.74037
2015-04-15,1.6888018,12.880714,201.31909
2015-04-16,1.6273193,12.645363,201.3533
2015-04-17,1.8814697,14.544777,194.09602
2015-04-18,1.9205418,13.770851,194.02603
2015-04-19,1.8436279,13.014992,191.59055
2015-04-20,1.7265625,12.038918,186.15202
2015-04-21,1.8793945,17.588234,188.09914
2015-04-22,1.9569092,16.60337,180.92029
2015-04-23,1.7816162,15.005714,187.03526
2015-04-24,1.6608887,13.861183,192.17323
2015-04-25,1.6955566,13.285988,188.44905
2015-04-26,1.6840811,15.599464,180.87386
2015-04-27,1.8549805,14.7298355,190.01173
2015-04-28,1.8664551,14.085304,194.6971
2015-04-29,1.8984375,13.792824,196.17065
2015-04-30,2.081421,17.433937,200.85759
2015-05-01,2.8596191,21.237648,203.85306
2015-05-02,3.4163818,18.89634,204.349
2015-05-03,3.3062744,17.849464,204.82884
2015-05-04,2.8442383,16.319191,205.0982
2015-05-05,2.333496,14.626808,202.03296
2015-05-06,2.0568132,13.539894,197.55893
2015-05-07,1.7177734,11.8563,189.13696
2015-05-08,1.8914795,16.028175,194.96692
2015-05-09,1.9541016,16.061378,195.61989
2015-05-10,2.1671143,8.030617,177.37764
2015-05-11,2.6732178,14.8860855,195.22278
2015-05-12,3.1186857,17.718117,198.46123
2015-05-13,3.0084229,17.19712,197.67827
2015-05-14,2.5417738,15.277687,192.78358
2015-05-15,2.2346191,14.7298355,194.31369
2015-05-16,1.8737793,13.4642105,190.93991
2015-05-17,1.7737827,12.518898,190.05246
2015-05-18,1.7155762,14.713722,188.8803
2015-05-19,1.5472679,12.456398,176.92325
2015-05-20,1.7308044,13.810402,182.51239
2015-05-21,2.0124512,15.672707,194.22691
2015-05-22,2.5636072,14.783546,191.55414
2015-05-23,2.7545166,14.565773,186.61224
2015-05-24,2.2821045,13.385597,183.87126
2015-05-25,2.1677246,13.078468,174.61472
2015-05-26,2.2930908,15.8079605,182.1425
2015-05-27,2.3253174,15.305519,183.3732
2015-05-28,2.1837158,14.146339,184.8537
2015-05-29,1.9086237,13.657082,188.4861
2015-05-30,1.6513672,12.864113,184.19699
2015-05-31,1.8031006,13.111671,180.1643
2015-06-01,1.8387651,12.993019,179.74817
2015-06-02,1.8978271,16.698097,188.91463
2015-06-03,1.9523926,16.116554,190.72966
2015-06-04,1.8967285,14.824074,188.9318
2015-06-05,2.2736816,14.385109,212.15765
2015-06-06,2.690918,16.286476,215.20772
2015-06-07,2.7579346,15.884132,216.13954
2015-06-08,2.5056152,14.442238,215.2648
2015-06-09,2.357788,13.71006,212.16196
2015-06-10,1.9466553,12.209328,216.82533
2015-06-11,1.5939941,11.455421,208.08926
2015-06-12,1.4841309,10.605812,191.2875
2015-06-13,1.6824951,8.527199,179.17642
2015-06-14,1.9515381,9.054543,172.46475
2015-06-15,2.1575928,9.520851,170.27055
2015-06-18,2.0247803,16.376808,172.62022
2015-06-19,2.0549316,16.047707,175.17017
2015-06-20,1.9758301,14.336769,177.95462
2015-06-21,1.8948975,13.131203,184.64265
2015-06-22,1.8674316,15.7020035,184.79825
2015-06-23,1.8972168,14.951515,182.39487
2015-06-24,1.847168,12.181496,182.46428
2015-06-25,1.850708,14.328957,181.7129
2015-06-26,1.871582,15.9051285,180.58159
2015-06-27,2.10083,14.468605,186.63133
2015-06-28,2.1489258,14.746437,189.95503
2015-06-29,2.3046875,15.26548,191.1095
2015-06-30,2.1069336,13.520363,191.621
2015-07-01,2.0020752,17.342628,187.77081
2015-07-02,2.1046143,17.470558,188.3605
2015-07-03,2.0997372,15.829445,184.26706
2015-07-04,1.9562988,14.968117,179.78258
2015-07-05,1.7921143,13.828468,178.53667
2015-07-06,1.8867188,9.771828,170.84486
2015-07-07,1.8536377,8.255226,174.15054
2015-07-08,1.9550781,8.308449,179.65634
2015-07-09,1.9968262,16.21177,183.60352
2015-07-10,2.0300283,16.110207,185.89403
2015-07-11,1.9693604,14.4051285,192.48508
2015-07-12,1.8144531,13.028175,189.95679
2015-07-13,1.6809082,14.394875,183.44827
2015-07-14,1.6149902,13.747902,182.0111
2015-07-15,1.8474121,9.277199,170.11066
2015-07-19,1.9453125,13.9207535,170.06175
2015-07-20,1.8618164,13.575539,170.74113
2015-07-21,2.1431885,16.309425,180.51373
2015-07-22,2.6918726,16.925636,178.9939
2015-07-23,2.673462,16.448586,178.96768
2015-07-24,2.4091797,14.607765,174.71968
2015-07-25,1.980957,10.339699,174.89847
2015-07-26,1.784668,10.122902,175.21275
2015-07-27,1.7830105,18.337257,184.3225
2015-07-28,2.0327148,15.692238,201.5512
2015-07-29,2.255127,14.680519,204.62782
2015-07-30,2.218872,13.683449,204.0581
2015-07-31,1.7575684,12.249855,199.98987
2015-08-01,1.9700928,15.6048355,191.05127
2015-08-02,2.1708984,15.234718,189.1846
2015-08-03,2.1721191,14.785988,186.67233
2015-08-04,2.261963,14.706886,185.6585
2015-08-05,2.1866455,14.041847,182.43925
2015-08-06,2.1513672,13.695168,180.95439
2015-08-07,1.6906738,11.996925,180.08177
2015-08-08,1.5883789,13.433449,186.16911
2015-08-09,2.019165,16.038918,179.93396
2015-08-10,3.136963,14.397804,176.02759
2015-08-11,3.1864376,14.140968,174.29706
2015-08-23,1.3875732,7.935402,172.34721
2015-08-24,1.4135742,11.984718,173.54796
2015-08-25,1.3962402,11.029152,175.5239
2015-08-26,1.777832,14.7313,209.17473
2015-08-27,1.8500977,13.644386,205.55513
2015-08-28,1.8337402,12.95591,205.23607
2015-08-29,1.7783203,12.527199,201.19855
2015-08-30,1.8934326,13.868019,203.43768
2015-08-31,1.8823242,13.6551285,204.58704
2015-09-01,1.6762695,12.32798,209.42238
2015-09-02,1.8662109,13.903175,196.61583
2015-09-03,2.050537,18.16343,197.13326
2015-09-04,2.1027832,17.663918,197.2838
2015-09-05,2.4204702,17.67173,204.94827
2015-09-06,2.4040213,17.503761,205.43483
2015-09-07,2.098318,14.883156,198.41919
2015-09-08,1.8803711,15.031593,192.71353
2015-09-09,1.9685059,14.476418,196.89154
2015-09-10,2.076415,14.571632,196.23825
2015-09-11,1.8203125,12.496437,186.11066
2015-09-12,1.7545166,14.820168,188.12761
2015-09-13,1.604126,13.034523,187.01723
2015-09-14,1.4384766,11.840675,185.03207
2015-09-15,1.3782959,14.270363,177.24484
2015-09-16,1.4987736,10.937355,176.34268
2015-09-17,1.4588623,10.635597,177.4115
2015-09-18,1.3433838,13.315285,179.84605
2015-09-19,1.3526611,12.363136,177.97633
2015-09-20,1.2878113,13.283546,178.00089
2015-09-21,1.3270264,17.171242,186.15654
2015-09-22,1.451416,15.110695,188.00558
2015-09-23,1.4858885,13.707375,185.2882
2015-09-24,1.5629883,7.8616714,175.07993
2015-09-25,1.703125,8.478859,170.47112
2015-09-26,1.742403,9.085304,170.4503
2015-10-02,1.5370331,15.872414,178.86005
2015-10-03,1.5883789,14.824562,180.9258
2015-10-04,1.706707,15.969093,189.62595
2015-10-05,1.6390486,14.96714,192.5965
2015-10-06,1.9061184,16.16343,192.29948
2015-10-07,2.376709,15.040871,196.93805
2015-10-08,2.3884277,15.442238,197.92615
2015-10-09,2.3325796,15.723,196.75958
2015-10-10,2.0402832,13.582863,187.10316
2015-10-11,1.8506575,18.544289,186.9462
2015-10-12,2.0799026,16.628761,187.91367
2015-10-13,2.2617188,15.64048,180.2994
2015-10-14,2.0805664,14.975441,186.08574
2015-10-15,2.1071777,16.391457,189.60197
2015-10-16,2.070589,15.094093,188.1721
2015-10-17,2.074463,10.1082535,182.25862
2015-10-18,2.1529198,11.368019,184.48029
2015-10-19,2.0510254,11.315285,184.41039
2015-10-20,1.8720703,14.493019,184.78474
2015-10-21,1.7476807,14.704933,188.65533
2015-10-22,1.777524,13.676613,191.22086
2015-10-23,1.701416,19.418312,202.28192
2015-10-24,1.8884506,16.880714,203.14438
2015-10-25,1.9926758,14.762062,194.3048
2015-10-26,1.9904785,14.723,194.36916
2015-10-27,1.8560791,13.034035,193.95549
2015-10-28,1.8006859,16.12925,202.67207
2015-10-29,1.8444824,13.451027,198.54185
2015-10-30,1.8320312,13.322609,197.9078
2015-10-31,1.9567871,14.319191,193.71365
2015-11-01,1.9504395,13.458839,193.25224
2015-11-02,1.925643,16.293312,197.88503
2015-11-03,1.8972168,16.036476,195.50099
2015-11-04,1.9749756,14.1360855,191.13081
2015-11-05,2.2164307,15.474464,190.44583
2015-11-06,2.2531738,15.480812,190.10579
2015-11-07,2.0534668,14.399757,187.29584
2015-11-08,1.9362793,8.538918,173.06288
2015-11-09,1.8188477,14.5110855,185.99771
2015-11-10,1.8209229,13.724953,182.4144
2015-11-11,1.7233486,16.30796,188.15633
2015-11-12,1.7866936,14.771339,182.49828
2015-11-13,1.869072,15.044777,183.0188
2015-11-14,1.8452473,14.509132,177.24173
2015-11-15,1.8204346,14.352394,176.353
2015-11-16,1.8935547,17.324562,190.01746
2015-11-17,1.8957958,14.678566,192.79501
2015-11-18,1.8787842,14.249367,192.61285
2015-11-19,1.7456055,13.119972,193.8365
2015-11-20,1.6067457,12.621437,189.4856
2015-11-21,1.8006248,13.1517105,198.16434
2015-11-22,1.8061409,13.131203,198.73108
2015-11-23,1.8649902,11.829445,189.03757
2015-11-24,1.6860352,9.538429,179.29735
2015-11-25,1.4967575,12.544777,176.18788
2015-11-26,1.4985352,11.618507,175.535
2015-11-27,1.4083252,6.6604996,170.72299
2015-11-28,1.6141357,19.162453,177.55582
2015-11-29,2.1359863,16.176613,178.30879
2015-11-30,2.1229248,15.996925,178.60568
2015-12-01,2.0324707,13.617531,174.16432
2015-12-02,1.8510342,12.0613785,176.98114
2015-12-03,1.9160709,13.964699,194.79486
2015-12-04,1.9599667,19.556984,203.30756
2015-12-05,1.9442577,16.803078,204.9464
2015-12-06,1.7764893,14.257179,208.41475
2015-12-07,1.7551727,12.499855,213.47018
2015-12-08,1.637207,11.941261,227.10991
2015-12-10,2.1777344,14.57505,220.3505
2015-12-11,2.1589355,14.413429,220.97194
2015-12-12,1.9522619,15.062843,239.48892
2015-12-13,1.9191895,14.610695,231.79861
2015-12-14,1.6785889,12.7938,212.54173
2015-12-15,1.637085,17.74009,231.08205
2015-12-18,1.8310547,13.06675,213.17978
2015-12-19,1.8009033,12.896828,204.00804
2015-12-20,1.6877441,19.090675,197.33781
2015-12-21,1.7497559,18.6063,217.17982
2015-12-22,1.7310791,7.201515,186.60938
2015-12-23,1.7039795,7.1448746,185.1662
2015-12-24,1.4674072,7.677101,179.84473
2015-12-25,1.3843994,14.552101,186.68169
2015-12-26,1.3928223,13.676613,178.48503
2015-12-27,1.2879639,6.9344254,185.32277
2015-12-28,1.4433594,14.537941,203.1856
2015-12-29,1.6005859,13.224953,203.67259
2015-12-30,1.7248535,12.885597,193.5479
2015-12-31,1.7902832,12.067726,187.27501
2016-01-01,1.6148682,11.228859,193.14218
2016-01-02,1.678833,8.015968,183.65741
2016-01-03,1.6210938,17.104347,184.51013
2016-01-04,1.4119873,14.69175,195.96199
2016-01-05,1.2497559,12.937355,211.84451
2016-01-06,1.6523438,13.214699,190.5473
2016-01-07,1.689209,13.008156,189.09225
2016-01-08,1.5565186,14.920265,208.26584
2016-01-09,1.5548096,14.940773,231.17467
2016-01-17,1.9589844,13.844582,212.43858
2016-01-18,2.1801758,16.301125,212.57233
2016-01-19,2.1777344,16.181984,213.08789
2016-01-20,1.9420166,14.273293,219.96207
2016-01-24,1.9248524,15.567238,227.5626
2016-01-25,1.8583984,14.433449,236.59486
2016-01-28,1.6776123,13.730812,238.82079
2016-01-29,1.5957031,12.891945,223.48506
2016-01-30,1.425293,11.50132,205.3414
2016-01-31,1.2531738,10.743019,226.4536
2016-02-04,1.9285889,14.273781,236.16595
2016-02-05,1.8569336,13.647316,231.22122
2016-02-06,1.7398682,12.266457,200.11754
2016-02-07,1.7504883,11.755714,230.73482
2016-02-10,2.1208496,16.04087,236.72365
2016-02-11,2.0270996,14.043312,212.68434
2016-02-12,1.9899902,13.543312,209.68219
2016-02-13,1.7506104,12.255714,222.75153
2016-02-14,1.5552979,14.906105,206.03142
2016-02-15,1.7888184,21.253273,238.26968
2016-02-17,1.9492188,15.918312,239.18164
2016-02-18,1.9372969,15.773293,237.58466
2016-02-19,1.7718458,14.333839,220.84909
2016-02-20,1.5263672,13.083351,212.9172
2016-02-21,1.4366455,16.370949,217.03154
2016-02-22,1.7500906,14.360695,198.83354
2016-02-23,1.7607422,14.306984,198.79076
2016-02-24,1.4459229,14.239113,223.15724
2016-02-25,1.6446533,14.537941,203.77403
2016-02-26,2.022461,14.252296,199.47687
2016-02-27,1.826294,11.799171,232.93906
2016-02-28,1.852417,11.716652,238.66992
2016-03-04,1.9626465,13.797218,239.91455
2016-03-05,1.7971191,15.640968,223.20523
2016-03-06,2.0683594,15.982277,218.83028
2016-03-07,2.0757618,14.341164,219.65733
2016-03-08,2.005371,13.704445,221.60559
2016-03-14,2.1800528,17.15171,229.90587
2016-03-15,2.0811768,15.8113785,223.96179
2016-03-16,1.9907227,14.307472,211.91739
2016-03-17,1.6541748,14.306007,224.07199
2016-03-18,1.822998,14.329445,239.37582
2016-03-19,1.9804688,14.942238,239.53873
2016-03-20,1.9168701,14.258644,232.83104
2016-03-21,1.8283691,14.471046,213.3298
2016-03-22,1.8109131,13.692238,204.18158
2016-03-23,1.7600098,10.461281,191.06317
2016-03-24,1.8410645,10.184425,202.95695
2016-03-25,1.8283691,17.625343,237.2166
2016-03-26,2.019287,15.989601,235.37062
2016-03-27,2.0045166,15.550148,232.42308
2016-03-28,2.128418,15.5110855,210.78229
2016-03-29,2.0228271,14.194679,208.2149
2016-03-30,2.5303955,16.062843,209.34407
2016-03-31,2.6243896,16.011086,209.08788
2016-04-01,2.4539795,15.120949,208.45091
2016-04-02,2.130371,14.466652,204.04745
2016-04-03,2.005005,13.743507,201.22441
2016-04-04,1.736206,12.533546,196.78247
2016-04-05,1.7554932,15.884621,188.8627
2016-04-06,1.7611036,15.852394,189.79266
2016-04-07,1.7476807,14.757668,200.97948
2016-04-08,1.5550404,14.299171,201.35463
2016-04-09,1.5913086,8.265968,183.02296
2016-04-10,1.8745117,14.314796,184.30496
2016-04-11,2.0286865,14.509132,184.40099
2016-04-12,1.9100342,12.662941,182.60342
2016-04-13,1.8027344,15.038918,181.53912
2016-04-14,1.6291552,13.050148,178.0771
2016-04-15,1.7248535,15.773781,198.0178
2016-04-16,2.038783,14.766945,201.35797
2016-04-17,2.0443115,14.362648,203.63654
2016-04-18,1.9522705,13.562355,203.1035
2016-04-19,1.9178467,13.579445,194.10188
2016-04-20,2.3294678,10.81675,183.26341
2016-04-21,2.4989014,11.280617,181.5392
2016-04-22,2.3531494,11.225929,176.51662
2016-04-23,2.292883,11.141457,177.25746
2016-04-24,1.78479,14.6829605,187.24875
2016-04-25,1.5616455,13.187355,198.62944
2016-04-26,1.5919485,11.831398,202.78166
2016-04-27,1.7015982,15.532082,206.81322
2016-04-28,1.9220772,17.169289,211.11015
2016-04-29,2.824707,16.460304,212.89209
2016-04-30,2.7174072,15.593605,211.24292
2016-05-01,2.4787598,14.566261,208.7012
2016-05-02,2.1496582,13.355812,206.36774
2016-05-03,1.7640381,12.00425,208.90683
2016-05-04,1.5891113,14.773293,215.69142
2016-05-05,1.3786621,13.578468,224.46774
2016-05-06,1.2993164,13.005714,225.52458
2016-05-07,1.4093018,17.247414,214.71405
2016-05-08,1.6508789,15.032082,212.60555
2016-05-09,1.8807373,14.471046,208.96745
2016-05-10,1.6307373,13.105324,207.37067
2016-05-11,1.8365479,14.794289,218.80023
2016-05-12,1.9794922,14.867531,219.20242
2016-05-13,1.6456299,12.902199,219.80473
2016-05-14,1.6876221,17.39927,214.24309
2016-05-15,1.9258461,14.76255,207.01248
2016-05-16,2.0352783,14.329445,203.47311
2016-05-17,1.8128662,12.494972,195.46428
2016-05-18,1.9714355,16.036476,201.58781
2016-05-19,1.9796143,15.139015,201.12221
2016-05-20,1.7362757,13.403175,197.12212
2016-05-21,1.4830322,12.255226,189.32993
2016-05-22,1.3967285,11.4832535,181.88707
2016-05-23,1.3271484,7.7122574,182.58978
2016-05-24,1.6865234,14.943947,196.35353
2016-05-25,2.027588,13.335304,198.64162
2016-05-26,2.008789,13.222511,197.9628
2016-05-27,1.6789551,12.153664,193.97998
2016-05-28,1.6375732,16.91343,198.54987
2016-05-29,1.979126,15.318214,205.84503
2016-05-30,2.3792057,15.919289,208.86513
2016-05-31,2.352519,15.116066,207.50357
2016-06-01,2.0263672,13.745949,202.05528
2016-06-02,1.6584473,12.538429,199.51552
2016-06-03,1.4007444,11.809914,194.45555
2016-06-04,1.2351847,11.134621,189.20276
2016-06-05,1.2211914,11.336281,189.87746
2016-06-06,1.2426758,10.928078,187.32861
2016-06-07,1.2801552,10.790871,184.7457
2016-06-08,1.4807129,10.013039,174.90837
2016-06-09,1.5739679,9.840187,170.08514
2016-06-10,1.6801758,9.971535,170.00186
2016-06-11,1.5710449,9.524269,178.23987
2016-06-12,1.4960938,18.564308,202.46147
2016-06-13,1.7832031,16.38462,207.506
2016-06-14,2.3391113,17.81089,213.32062
2016-06-15,2.4890137,16.197609,210.75099
2016-06-16,2.5551758,16.009132,207.32973
2016-06-17,1.9283848,13.829933,196.96152
2016-06-18,1.6899414,13.20005,193.78394
2016-06-19,1.8095703,15.579933,194.07982
2016-06-20,2.4760742,19.330421,202.64857
2016-06-21,3.0629883,18.533546,204.67966
2016-06-22,2.7868652,16.601906,204.19664
2016-06-23,3.1494665,18.868996,208.11598
2016-06-24,3.1107168,18.107277,208.0827
2016-06-25,2.5480633,15.922707,203.92273
2016-06-26,2.1796875,17.4188,185.66685
2016-06-27,2.2445068,11.038918,179.81317
2016-06-28,2.3416748,19.20591,182.07306
2016-06-29,2.4265137,16.14634,197.82591
2016-06-30,2.3433838,15.738136,197.67622
2016-07-01,2.0751953,14.828468,195.60837
2016-07-02,2.1781902,14.980812,195.9888
2016-07-03,1.6999512,13.048195,191.40987
2016-07-04,1.4613037,12.273781,184.34668
2016-07-05,1.4425049,7.917824,174.17703
2016-07-06,1.6348877,8.966652,172.7685
2016-07-09,1.6567383,8.997414,172.52551
2016-07-10,1.6253662,14.962746,177.39346
2016-07-11,1.6960449,13.69175,199.64163
2016-07-12,1.7299805,13.692726,199.60211
2016-07-13,1.6425781,13.507179,194.48618
2016-07-14,1.638794,13.325539,193.9215
2016-07-15,1.4875011,16.792824,188.85922
2016-07-16,1.7416992,15.972023,192.6479
2016-07-17,1.9835205,15.713234,198.58772
2016-07-18,2.0961657,15.624367,199.80096
2016-07-19,2.4550781,15.51548,200.59622
2016-07-20,2.5322266,15.269875,201.55913
2016-07-21,2.3652344,14.492531,201.88548
2016-07-22,2.0142822,13.738136,199.7232
2016-07-23,1.6213379,12.190773,194.65707
2016-07-24,1.5107422,12.142921,195.50394
2016-07-25,1.4938965,11.280617,191.43924
2016-07-26,1.4838867,8.400246,177.76967
2016-07-27,1.6740723,8.81382,173.18327
2016-07-28,1.7203369,16.417336,178.47113
2016-07-29,2.2479248,14.973488,199.61378
2016-07-30,2.3547363,15.181984,204.77477
2016-07-31,2.362667,14.924171,204.01942
2016-08-01,1.8361816,13.2923355,198.7834
2016-08-02,1.5952148,17.679054,199.05826
2016-08-03,1.8187256,15.113625,204.65092
2016-08-04,1.824585,15.041847,204.69035
2016-08-05,1.6907959,13.276222,198.12947
2016-08-06,1.7088623,8.284035,172.28447
2016-08-07,1.7303467,8.429543,172.17308
2016-08-10,1.954956,9.382668,170.36661
2016-08-11,1.8717041,14.304543,177.71695
2016-08-12,1.7098389,12.23008,182.2882
2016-08-13,1.7296143,15.66758,194.88509
2016-08-14,1.6767578,12.963234,191.93301
2016-08-15,1.591919,12.311134,186.79845
2016-08-16,1.9138184,14.5423355,195.39156
2016-08-17,2.242032,16.534523,200.33144
2016-08-18,2.170288,15.150246,202.2986
2016-08-19,1.9381104,13.483742,194.48915
2016-08-20,1.9733887,10.111671,172.82954
2016-08-21,2.0220947,10.258156,170.00569
2016-08-23,1.8771973,10.820168,170.53197
2016-08-24,1.8668213,10.883644,175.43253
2016-08-25,1.7880859,12.919777,190.30093
2016-08-26,1.6375732,11.975929,187.72643
2016-08-27,1.7944336,15.716164,190.85152
2016-08-28,1.8562012,14.767921,192.42589
2016-08-29,1.8620605,14.063332,189.90054
2016-08-30,1.9875488,17.391945,179.38367
2016-08-31,1.9688721,9.934425,172.32608
2016-09-01,1.7814941,14.889015,170.45589
2016-09-02,1.8483887,14.499855,174.03581
2016-09-03,1.7476807,13.212257,177.92159
2016-09-04,1.5965576,10.685402,170.16345
2016-09-06,1.831543,18.186378,180.1451
2016-09-07,2.0083008,16.796242,193.37062
2016-09-08,2.1254883,15.799171,201.18349
2016-09-09,2.0266275,14.734718,200.5223
2016-09-10,1.8927002,14.259132,194.86736
2016-09-11,1.8942871,14.099464,195.17609
2016-09-12,1.7369385,12.480812,189.17348
2016-09-13,1.6536865,12.067238,182.49242
2016-09-14,1.7729492,11.942726,182.82321
2016-09-15,1.708725,10.582863,176.53957
2016-09-16,1.7490234,15.926125,178.32845
2016-09-17,1.7408447,15.890968,179.51202
2016-09-18,1.6419678,13.865578,187.45486
2016-09-19,1.510232,12.12339,188.80586
2016-09-20,1.5252686,19.922218,194.59995
2016-09-21,2.3718262,17.785988,204.30807
2016-09-22,2.5488281,16.705421,205.50476
2016-09-23,2.5039062,16.138527,205.29707
2016-09-24,2.1354885,14.464699,203.6355
2016-09-25,1.9316406,14.145851,201.53433
2016-09-26,1.8068848,13.12632,197.87407
2016-09-27,2.3166504,16.078957,201.0107
2016-09-28,2.2703857,15.987404,200.4481
2016-09-29,2.2857666,15.888527,200.31332
2016-09-30,2.0274658,14.331886,194.31711
2016-10-01,1.8438721,12.298683,181.93814
2016-10-02,1.828125,12.203468,181.64865
2016-10-03,1.8916016,15.477882,179.64926
2016-10-04,1.9003906,14.809914,179.16507
2016-10-05,1.6621094,8.297707,175.80063
2016-10-06,1.5600586,14.443214,183.23645
2016-10-07,1.5991907,13.100441,183.66718
2016-10-08,1.5817871,12.781105,182.59457
2016-10-09,1.442627,16.182472,184.61613
2016-10-10,1.887207,16.432472,196.83243
2016-10-11,2.0737305,14.60923,200.71474
2016-10-12,2.1539307,15.794777,195.47046
2016-10-13,2.1862373,15.762062,194.67842
2016-10-14,1.8619385,13.43882,194.56677
2016-10-15,1.6568727,12.544777,189.28412
2016-10-16,1.5755615,13.415871,187.46301
2016-10-17,1.5826416,13.281593,182.97943
2016-10-18,2.0168457,16.514015,193.82187
2016-10-19,2.3354492,14.4363785,194.43965
2016-10-20,2.3287354,14.348,195.30505
2016-10-21,2.1481934,12.525734,197.23927
2016-10-22,1.963623,10.59507,191.17271
2016-10-23,1.6309814,9.59922,187.55312
2016-10-24,1.4814453,13.173195,191.65758
2016-10-25,1.4682617,7.3968277,177.0949
2016-10-26,1.4875488,7.4295425,178.06006
2016-10-27,1.7078075,13.805031,193.52419
2016-10-28,1.7124081,13.768898,194.40863
2016-10-29,1.7275448,12.376808,187.8923
2016-10-30,1.6351318,11.880226,182.11255
2016-10-31,1.5860596,13.391457,199.56892
2016-11-01,1.6318359,14.394386,193.6192
2016-11-02,1.9827738,14.458351,197.57082
2016-11-03,1.960083,14.153175,197.81631
2016-11-04,1.817689,14.298683,193.81367
2016-11-05,1.7919922,13.802589,194.2377
2016-11-06,1.4853411,11.454445,188.02515
2016-11-07,1.3984375,11.04673,193.99657
2016-11-08,1.4330273,16.64927,236.14891
2016-11-12,1.6306152,13.122902,239.94138
2016-11-15,1.7264404,14.243507,239.72632
2016-11-16,1.7553711,17.303078,238.93965
2016-11-19,1.4193115,12.927101,237.01143
2016-11-20,1.4031982,12.437843,223.50865
2016-11-21,1.3831787,16.291359,227.13852
2016-11-24,1.479291,13.891457,230.67455
2016-11-25,1.847209,13.404152,227.53915
2016-11-26,1.7949219,13.088722,225.33199
2016-11-27,1.5775146,12.885109,199.52364
2016-11-28,1.6401367,12.336281,200.0482
2016-11-29,1.6677246,14.628761,213.60658
2016-11-30,1.7435303,14.23716,218.49702
2016-12-01,1.8786621,15.723976,222.74223
2016-12-02,1.887207,15.721046,222.5801
2016-12-03,1.9083252,13.902687,216.00005
2016-12-04,1.8254395,13.01255,213.92346
2016-12-05,1.638794,11.953468,213.93945
2016-12-06,1.4301758,11.348,205.44688
2016-12-07,1.3383789,19.308937,221.68137
2016-12-08,1.3843994,15.818214,225.63077
2016-12-09,1.4382324,15.383156,238.07939
2016-12-10,1.2998047,13.171242,215.37863
2016-12-11,1.3054485,13.118996,211.55849
2016-12-12,1.4119873,7.673683,175.61485
2016-12-13,1.4454346,7.8006363,175.48221
2016-12-14,1.197998,7.5281754,176.43857
2016-12-15,1.1674805,7.5040054,179.70663
2016-12-16,1.1442871,15.027199,187.95155
2016-12-17,1.166748,13.007179,195.22707
2016-12-18,1.1254883,10.513039,187.75157
2016-12-19,1.5603027,16.02134,191.8712
2016-12-20,2.022583,15.37339,190.57248
2016-12-21,1.8366699,13.750832,189.13434
2016-12-22,1.5423584,12.157082,191.00786
2016-12-23,1.3916016,10.767921,220.29817
2016-12-24,1.4831543,15.683937,221.83643
2016-12-25,1.65271,13.95005,215.53374
2016-12-26,1.6533203,13.798195,215.88321
2016-12-27,1.6154776,15.603371,222.82341
2016-12-28,1.4790039,14.269386,220.93147
2016-12-29,1.4592285,14.269386,216.21324
2016-12-30,1.5026855,12.945656,216.21326
2016-12-31,1.4595947,12.087257,222.93776
2017-01-01,1.4841309,11.228859,222.19763
2017-01-02,1.3554688,14.859718,236.57092
2017-01-03,1.3636475,13.7142105,226.35263
2017-01-04,1.3467174,13.565773,227.9168
2017-01-05,1.327261,15.78257,216.84439
2017-01-06,1.2972412,15.243996,212.68259
2017-01-07,1.2983398,10.630226,190.57855
2017-01-08,1.4692383,10.312355,183.65149
2017-01-09,1.4584961,14.455421,182.95457
2017-01-10,1.5609131,11.610207,239.2528
2017-01-11,1.5258789,11.128273,237.0079
2017-01-12,1.4182129,13.6688,230.96138
2017-01-13,1.2337646,12.199074,224.31544
2017-01-14,1.0949707,13.3270035,201.18079
2017-01-15,1.0268555,11.758644,194.63417
2017-01-16,1.0325928,10.989113,203.2425
2017-01-17,1.0368652,10.975441,203.68916
2017-01-18,0.99523926,12.022804,239.17883
2017-01-22,1.1271224,12.496925,229.09576
2017-01-23,1.1726074,12.515968,220.3367
2017-01-24,1.3137207,16.963722,237.5408
2017-02-02,1.6577148,13.056496,239.53377
2017-02-03,1.824707,13.911964,220.4104
2017-02-04,1.593914,13.047707,217.29308
2017-02-05,1.3515625,12.253273,219.87427
2017-02-06,1.4200153,14.380226,216.97731
2017-02-07,1.442627,12.617043,209.91771
2017-02-08,1.5086994,12.778664,213.8062
2017-02-09,1.4886475,15.068214,206.76675
2017-02-10,1.6755371,14.465187,206.64125
2017-02-11,1.6169434,13.175148,203.8682
2017-02-12,1.6364746,14.451027,202.04779
2017-02-13,1.5618896,12.38755,201.99301
2017-02-14,1.9852295,17.291359,202.89674
2017-02-15,2.1536865,16.01841,202.88138
2017-02-16,2.1257324,14.992531,205.2835
2017-02-17,1.8660889,13.3860855,211.49347
2017-02-18,1.7866211,13.434425,215.21443
2017-02-19,1.5153809,13.014015,213.3839
2017-02-20,1.3981934,12.075539,220.0636
2017-02-21,1.3999023,16.093605,239.17455
2017-02-22,1.6982422,16.146828,231.62885
2017-02-23,1.7041016,15.663918,239.9734
2017-02-25,1.7875977,14.36216,238.68774
2017-02-26,1.9979906,14.098488,229.02835
2017-02-27,1.9379883,13.57505,232.0089
2017-02-28,1.6311035,12.4188,235.53157
2017-03-01,1.6901941,15.683937,218.44539
2017-03-02,1.6520996,14.836769,220.65948
2017-03-03,1.7116766,13.523781,217.76714
2017-03-04,1.7922754,14.169777,207.72783
2017-03-05,1.7474365,13.559914,206.09163
2017-03-06,1.6125488,12.27964,205.27634
2017-03-07,1.4761963,15.835793,199.66359
2017-03-08,1.5595703,14.040382,205.04826
2017-03-09,1.5959473,14.024269,204.66829
2017-03-10,1.4604492,15.817238,192.05415
2017-03-11,1.623291,14.474953,194.18013
2017-03-12,1.6635742,12.414406,203.60312
2017-03-13,1.6726074,14.597511,199.33641
2017-03-14,1.6921387,14.429543,197.35861
2017-03-15,1.5808105,9.943214,190.27638
2017-03-16,1.5389404,11.178078,188.44582
2017-03-17,1.6309814,10.554543,190.84442
2017-03-18,1.6572266,17.906593,196.50578
2017-03-19,1.7501221,15.400734,202.93504
2017-03-20,2.4487743,16.55503,203.32191
2017-03-21,2.4100342,16.117043,203.5
2017-03-22,2.0562744,14.169777,200.10757
2017-03-23,1.6563721,12.070168,187.19482
2017-03-24,1.6334229,14.18882,192.88326
2017-03-25,1.7488756,14.179054,195.70703
2017-03-26,1.668335,13.39341,197.55998
2017-03-27,1.5789795,13.428566,197.40805
2017-03-28,1.550045,14.276222,210.8535
2017-03-29,1.5686035,14.096046,211.47258
2017-03-30,1.5585938,14.212746,208.89917
2017-03-31,1.8032227,13.551613,211.4473
2017-04-01,1.8839941,16.494484,213.54051
2017-04-02,2.0093994,16.096535,224.42287
2017-04-03,1.9995117,13.513527,206.67526
2017-04-04,2.060913,13.474464,203.54758
2017-04-05,2.1033936,15.081398,201.40625
2017-04-06,2.1049805,13.555519,205.33795
2017-04-07,2.0939941,12.982277,212.40587
2017-04-08,1.9116211,15.8563,213.85217
2017-04-09,2.0135498,14.6985855,207.96997
2017-04-10,1.9921875,14.579933,207.34464
2017-04-11,1.517456,12.299171,205.0717
2017-04-12,1.4846191,14.360207,200.40318
2017-04-13,1.5581055,13.836281,200.18768
2017-04-14,1.5548944,13.040382,198.70236
2017-04-15,1.6674805,17.38218,199.8127
2017-04-16,1.737793,16.210793,202.50912
2017-04-17,1.7668457,15.037941,203.8908
2017-04-18,1.8374023,13.92466,197.91072
2017-04-19,1.862854,17.894875,211.879
2017-04-20,2.0168457,15.874367,210.34183
2017-04-21,2.1311035,15.325539,212.17192
2017-04-22,1.9160156,14.298683,211.59544
2017-04-23,2.2485352,17.645851,199.78197
2017-04-24,2.1173668,15.347023,199.32143
2017-04-25,1.9171143,13.819679,195.71638
2017-04-26,1.9856863,12.010109,185.94164
2017-04-27,1.9752197,10.206886,185.63301
2017-04-28,1.9157715,17.4813,188.37152
2017-04-29,2.3378906,16.506691,200.73761
2017-04-30,2.3168945,16.041359,201.52199
2017-05-01,2.0478516,14.1605,202.32121
2017-05-02,2.1142168,15.608742,208.93808
2017-05-03,2.2200928,15.493507,208.49492
2017-05-04,2.1765137,14.128761,198.89267
2017-05-05,2.2039022,14.1082535,199.53961
2017-05-06,2.1811523,14.000832,197.1982
2017-05-07,1.7203369,12.2645035,191.2911
2017-05-08,1.5172472,15.269875,181.4133
2017-05-09,1.9681396,13.525734,186.61032
2017-05-10,2.02063,13.01255,188.53706
2017-05-11,1.8457031,12.433937,190.34998
2017-05-12,1.734375,12.729347,190.12904
2017-05-13,1.557373,12.257179,195.4316
2017-05-14,1.4661865,10.950783,196.69756
2017-05-15,1.4907227,14.096046,202.76071
2017-05-16,1.6617432,16.557472,188.9491
2017-05-17,2.1489258,14.95005,196.14085
2017-05-18,2.2193604,14.5926285,195.21077
2017-05-19,2.381836,16.011086,189.5911
2017-05-20,2.682373,15.689308,182.67142
2017-05-21,2.6721191,15.203957,180.29097
2017-05-22,2.3409424,13.590675,176.1239
2017-05-23,1.8901367,10.247902,172.56448
2017-05-24,1.8688402,9.434914,171.96237
2017-05-25,1.8154297,14.36216,182.27432
2017-05-26,2.0583496,11.985207,180.34842
2017-05-27,2.1243896,11.333839,179.4209
2017-05-28,2.008789,10.904152,177.22342
2017-05-29,1.9206543,16.792824,177.7782
2017-05-30,1.8325195,14.695168,177.83711
2017-05-31,1.7423334,8.569191,173.70088
2017-06-01,2.1346436,16.628273,193.62671
2017-06-02,2.2572021,15.775246,194.66165
2017-06-03,2.0672607,14.512062,191.87997
2017-06-04,1.9005127,14.028175,190.15202
2017-06-05,2.0593262,15.696144,192.08615
2017-06-06,2.0734863,15.389015,192.3481
2017-06-07,2.0201416,14.680031,187.38719
2017-06-08,2.067627,9.429543,171.85495
2017-06-09,2.0802088,9.856789,171.54893
2017-06-13,1.5446777,9.550636,170.67355
2017-06-14,1.6457806,13.100441,190.30728
2017-06-15,1.7702637,12.9105,193.649
2017-06-16,2.0673828,14.671242,194.7828
2017-06-17,2.5046387,14.262062,192.55876
2017-06-18,2.7108154,13.763039,180.46236
2017-06-19,2.70813,13.749855,180.14198
2017-06-20,2.3552246,13.270851,178.59056
2017-06-21,2.0931406,12.280617,179.01454
2017-06-22,2.04317,13.060402,178.46346
2017-06-23,1.7541504,11.79966,180.44464
2017-06-24,1.4967041,10.480812,183.70831
2017-06-25,1.4785156,12.417824,189.67854
2017-06-26,1.4766846,12.33091,189.49599
2017-06-27,2.8320312,14.820656,181.39914
2017-06-28,2.8947754,14.656105,181.02406
2017-06-29,2.6661377,14.422218,177.92914
2017-06-30,2.4370117,13.863136,173.16461
2017-07-01,2.166748,12.6985855,172.34808
2017-07-02,1.9599609,10.836281,174.93257
2017-07-03,1.7091064,13.306496,178.21892
2017-07-04,1.4807129,7.6165543,174.13766
2017-07-05,2.548584,16.753273,191.82837
2017-07-06,2.9205036,16.240578,193.30394
2017-07-07,2.6385498,14.893898,191.87666
2017-07-08,2.3707275,17.75132,189.35411
2017-07-09,2.558566,17.162453,191.50966
2017-07-10,2.3996582,14.969582,192.72234
2017-07-11,2.2408447,15.409035,193.2573
2017-07-12,1.9898682,13.878273,191.75099
2017-07-13,2.0439453,14.178078,192.72748
2017-07-14,1.9932861,13.333839,189.96973
2017-07-15,1.8660202,14.551613,176.4809
2017-07-16,2.0175781,9.942238,171.20328
2017-07-17,2.4179688,10.471046,170.1307
2017-07-18,2.6359863,11.562355,173.63048
2017-07-19,2.7231445,12.058449,174.8343
2017-07-20,2.4866228,12.513527,174.99544
2017-07-21,2.178833,11.883644,176.8519
2017-07-22,1.7277832,11.927589,180.8924
2017-07-23,1.5152588,10.371437,175.15767
2017-07-24,1.4394531,7.093605,171.20476
2017-07-25,1.3579102,18.253273,173.38747
2017-07-26,1.6881104,16.298683,182.98462
2017-07-27,2.4273682,17.238625,190.01051
2017-07-28,2.5726433,16.082863,191.70563
2017-07-29,2.920288,16.407082,195.11858
2017-07-30,2.951416,16.24253,195.27556
2017-07-31,2.602417,14.986671,193.57634
2017-08-01,2.331665,14.177101,188.91035
2017-08-02,1.9383545,13.32798,184.14552
2017-08-03,1.6296387,12.403664,178.04494
2017-08-04,1.5727539,11.051125,175.6357
2017-08-05,1.5207872,14.216652,171.82658
2017-08-06,1.4215088,13.440285,173.61874
2017-08-07,1.4758301,17.107277,180.42844
2017-08-08,1.998291,15.426125,186.42871
2017-08-09,2.0905762,14.839699,186.65982
2017-08-10,2.1635742,14.434425,187.00296
2017-08-11,1.8712158,13.186867,181.29767
2017-08-12,3.0344238,18.030128,185.13272
2017-08-13,3.3395996,17.21177,185.13913
2017-08-14,2.947754,15.335793,181.4825
2017-08-15,2.4282227,13.289406,172.45862
2017-08-17,1.9121094,9.518898,170.19121
2017-08-18,1.8670654,9.321632,171.76671
2017-08-19,1.9748535,14.5145035,172.42274
2017-08-20,2.0383463,13.47007,171.68292
2017-08-24,1.5056152,16.5438,180.84459
2017-08-25,2.1967773,15.613625,187.6802
2017-08-26,2.3586426,14.417824,184.9069
2017-08-27,2.392212,14.801125,183.93796
2017-08-28,2.394287,14.756203,184.01422
2017-08-29,2.1278076,13.431496,180.91328
2017-08-30,1.8367033,12.320656,174.62332
2017-08-31,1.7357635,8.723488,171.30788
2017-09-01,1.8435059,9.974464,173.01779
2017-09-02,1.8497314,10.081886,172.55614
2017-09-03,1.6142578,9.25132,175.40779
2017-09-04,1.5281982,8.228859,175.67186
2017-09-05,1.8587646,10.045265,172.4321
2017-09-06,1.9050293,10.213722,171.34076
2017-09-08,1.8571682,16.573097,176.94907
2017-09-09,2.025879,14.9954605,175.4413
2017-09-10,2.6048584,18.374367,181.12872
2017-09-11,2.7690706,18.038918,182.48743
2017-09-12,2.6798096,15.582375,179.74245
2017-09-13,2.5144043,13.124367,173.36458
2017-09-20,1.5400391,8.443214,170.10402
2017-09-21,2.078125,9.771339,171.92229
2017-09-22,2.4276123,11.0770035,170.02394
2017-09-26,1.5374756,9.61631,170.086
2017-09-27,1.3963623,12.137062,186.74734
2017-09-28,1.4641113,10.844582,188.17963
2017-09-29,1.4354248,14.535011,187.67984
2017-09-30,1.3983154,12.596535,187.3226
2017-10-01,1.34021,11.627296,180.21985
2017-10-02,1.3770351,14.447121,181.63492
2017-10-03,1.5325928,8.849464,180.94891
2017-10-04,2.3112793,18.825539,200.15771
2017-10-05,2.8259802,17.668312,203.4021
2017-10-06,2.6640625,16.195168,200.60954
2017-10-07,2.2254639,14.462746,195.85251
2017-10-08,1.736206,13.101418,190.9644
2017-10-09,1.7486572,14.424171,177.49396
2017-10-10,2.0551758,13.297707,176.14062
2017-10-11,1.9910889,17.627296,177.42876
2017-10-12,2.0174742,14.845558,180.55513
2017-10-13,2.2058105,11.710304,173.68555
2017-10-14,2.4683838,12.26255,170.2586
2017-10-15,2.232995,11.194679,170.21216
2017-10-16,2.1958008,11.0579605,174.2388
2017-10-17,2.0153809,15.27964,182.27444
2017-10-18,1.7207031,13.266457,181.02037
2017-10-19,1.8529053,18.424171,190.05478
2017-10-20,2.4365234,16.558937,192.94777
2017-10-21,2.3476562,15.61216,191.77235
2017-10-22,1.9528809,13.536964,184.4044
2017-10-23,1.7410889,12.963722,183.97037
2017-10-24,1.6761131,17.758156,197.94313
2017-10-25,1.6820412,15.653664,208.19557
2017-10-26,1.7097168,15.457375,210.8442
2017-10-27,1.6876049,13.273781,205.35188
2017-10-28,1.8643799,12.912941,195.09517
2017-10-29,1.841919,12.666847,195.28188
2017-10-30,1.6151123,11.136574,197.41563
2017-10-31,1.4994278,12.051125,181.42097
2017-11-01,1.8193359,19.30796,187.08063
2017-11-02,1.9290771,18.687355,187.42189
2017-11-03,1.8562012,16.559914,187.42204
2017-11-04,1.7797852,15.142433,185.319
2017-11-05,1.6468363,13.430031,181.46422
2017-11-06,1.6106739,12.318703,179.5626
2017-11-07,1.4050293,18.577492,193.06775
2017-11-08,2.0913086,15.915382,206.01797
2017-11-09,2.2264404,15.636574,208.07962
2017-11-10,2.1365623,14.300148,208.69731
2017-11-11,2.0088062,15.7142105,203.22778
2017-11-12,1.9806185,14.81675,203.88219
2017-11-13,1.7126465,13.304543,203.33173
2017-11-14,1.5076904,13.613625,201.63446
2017-11-15,1.6010427,12.309914,198.95506
2017-11-16,1.600769,12.272804,199.17204
2017-11-17,1.449585,14.808937,195.15833
2017-11-18,1.4937744,8.603127,184.68028
2017-11-19,1.5666504,9.121437,183.27425
2017-11-20,1.6603374,14.047951,178.44646
2017-11-21,1.7045898,13.752785,179.44885
2017-11-22,1.4857178,12.150978,174.53285
2017-11-23,1.4950209,13.393654,179.71837
2017-11-24,1.4199219,13.249611,181.85745
2017-11-25,1.3062744,12.600929,185.71448
2017-11-26,1.3674316,8.4363785,183.73793
2017-11-27,1.5030413,15.821144,188.1845
2017-11-28,1.6435919,14.805519,191.66348
2017-11-29,1.6012373,14.463234,192.04189
2017-11-30,1.4661865,12.34507,189.14897
2017-12-01,1.3016357,11.1063,184.18211
2017-12-02,1.6029053,16.076027,205.43008
2017-12-03,1.9382324,14.6605,210.83852
2017-12-04,2.0548944,13.970558,212.5244
2017-12-05,1.9776611,13.800636,207.05049
2017-12-06,1.9938965,15.263527,223.34334
2017-12-07,2.0740967,15.368996,222.91406
2017-12-08,1.8039083,14.526222,214.24263
2017-12-09,1.7260742,14.068459,210.12558
2017-12-10,1.6838379,13.319191,207.84569
2017-12-11,1.4606934,12.5423355,205.59512
2017-12-12,1.5185547,12.245949,235.61798
2017-12-14,1.4442139,13.855324,232.87117
2017-12-15,1.3093262,13.140968,224.25095
2017-12-16,1.29872,15.7610855,217.38586
2017-12-17,1.2978516,14.478371,212.2351
2017-12-18,1.3496094,12.913918,237.4067
2017-12-21,1.7294264,17.860695,206.77516
2017-12-22,1.9592285,15.778664,201.52888
2017-12-23,2.0306396,14.977882,201.16255
2017-12-24,1.713623,13.133156,198.01831
2017-12-25,1.4960451,12.75425,197.82277
2017-12-26,1.4898682,12.994484,196.4889
2017-12-27,1.373169,11.70591,186.11867
2017-12-28,1.3740234,11.68589,185.97519
2017-12-29,1.2404785,16.495949,178.7039
2017-12-30,1.2783203,16.578957,178.2908
2017-12-31,1.1958008,14.646339,202.2741
2018-01-01,1.1850586,13.438576,218.82832
2018-01-02,1.3466797,13.340187,203.00226
2018-01-03,1.348877,13.284523,202.32266
2018-01-04,1.262085,11.877296,193.16702
2018-01-05,1.2687988,10.94175,194.93001
2018-01-06,1.0273821,9.764015,194.64108
2018-01-07,1.016372,10.499367,225.81792
2018-01-08,1.123291,15.774757,219.31432
2018-01-09,1.173706,14.033546,234.776
2018-01-10,1.2443848,13.347023,217.34377
2018-01-11,1.2397628,13.367043,217.83876
2018-01-12,1.517456,12.932472,205.37723
2018-01-13,1.5599365,12.578957,205.48576
2018-01-14,1.5057373,11.533058,205.66519
2018-01-15,1.5445051,12.306007,233.71951
2018-01-16,1.5605335,12.317726,236.13292
2018-01-25,1.6768789,13.534035,225.38712
2018-01-26,1.6929932,13.872414,227.35919
2018-01-27,1.6420898,13.121437,226.20502
2018-01-28,1.6309814,12.122414,235.94582
2018-01-29,1.6784668,15.574074,212.66289
2018-01-30,1.7751465,14.728859,205.68779
2018-01-31,1.8273926,13.891945,205.91673
2018-02-01,2.0482178,13.816017,230.85953
2018-02-02,1.8233433,12.5892105,230.51582
2018-02-03,1.8128862,11.244972,200.45036
2018-02-04,1.5776367,13.468605,190.4247
2018-02-05,1.4080029,12.523781,189.67868
2018-02-06,1.4490967,16.81968,193.71628
2018-02-07,1.7336426,15.843605,198.20375
2018-02-08,1.6386719,14.281105,196.94884
2018-02-09,1.6381836,13.181496,197.46112
2018-02-10,1.5820312,12.355324,209.34608
2018-02-11,1.7532959,14.543068,203.77362
2018-02-12,1.8679199,14.703468,203.81566
2018-02-13,1.6855469,13.088722,199.73488
2018-02-14,1.4278564,11.305519,193.74187
2018-02-15,1.5488281,14.2923355,191.89
2018-02-16,1.6689453,13.389015,192.77373
2018-02-17,1.6013184,12.244484,195.52846
2018-02-18,1.2828369,13.150246,211.85999
2018-02-19,1.3812256,15.906105,203.72841
2018-02-20,1.5460205,14.628273,202.43407
2018-02-21,1.5611572,14.381203,202.72778
2018-02-22,1.4925537,12.908058,203.41763
2018-02-23,1.7116699,14.574074,200.42293
2018-02-24,1.7006836,13.633156,197.76671
2018-02-25,1.5869141,13.644386,199.635
2018-02-26,1.623291,12.958839,205.42197
2018-02-27,1.4496832,15.01255,209.5726
2018-02-28,1.5563965,14.462746,207.93402
2018-03-01,1.6534424,13.801125,203.63565
2018-03-02,1.6033936,13.379738,203.91063
2018-03-03,1.4257517,12.363625,198.50053
2018-03-04,1.4364014,18.320656,203.5451
2018-03-05,2.0910645,16.16587,208.4934
2018-03-06,2.104248,15.164894,205.65797
2018-03-07,2.054225,14.590675,201.39645
2018-03-08,1.8286057,13.503273,195.18298
2018-03-09,1.6113281,12.630714,191.78302
2018-03-10,1.5939941,14.605812,184.76671
2018-03-11,1.7644444,14.548195,191.6684
2018-03-12,1.8276367,14.443214,193.21216
2018-03-13,1.725708,13.182472,193.54167
2018-03-14,1.7244873,11.867043,189.73509
2018-03-15,1.7315674,16.673683,186.89134
2018-03-16,2.046997,14.937843,188.28966
2018-03-17,2.0205078,14.535988,189.33699
2018-03-18,1.7895508,12.932472,190.51712
2018-03-19,1.9696045,17.366554,191.70387
2018-03-20,2.046753,15.102394,193.15213
2018-03-21,1.9450684,12.921242,190.15245
2018-03-22,1.777339,12.283058,183.10995
2018-03-23,1.8441162,15.258156,190.0626
2018-03-24,1.8994141,14.225929,193.44893
2018-03-25,1.7149658,13.087257,193.0497
2018-03-26,1.3807373,11.240578,190.56418
2018-03-27,1.7137451,15.519875,182.01837
2018-03-28,1.8695068,14.3860855,181.97023
2018-03-29,1.7655029,13.18882,183.49489
2018-03-30,1.6286621,15.56382,193.28055
2018-03-31,1.7072754,14.693214,194.42528
2018-04-01,1.8614502,15.752296,197.02875
2018-04-02,1.9633789,14.56797,197.36205
2018-04-03,1.885498,15.680519,193.4351
2018-04-04,1.824585,14.172218,192.04866
2018-04-05,1.6314697,12.7454605,189.60948
2018-04-06,1.4663086,10.607765,182.56487
2018-04-07,1.3620605,12.945656,183.393
2018-04-08,1.6021729,15.763039,184.12755
2018-04-09,1.9523926,15.350929,186.69817
2018-04-10,1.8806152,13.891945,187.34593
2018-04-11,1.605835,13.911476,186.44608
2018-04-12,2.027588,13.588722,182.332
2018-04-13,1.9324951,12.952492,181.99304
2018-04-14,1.743144,11.571144,184.87987
2018-04-15,1.8318901,13.447121,189.65703
2018-04-16,1.7861328,12.815773,189.36476
2018-04-17,1.6429253,13.242531,195.96703
2018-04-18,2.529663,15.822121,208.91689
2018-04-19,2.5680876,15.611183,209.99532
2018-04-20,2.3306885,13.853371,216.38213
2018-04-21,1.9219971,12.962746,214.46263
2018-04-22,1.8426514,17.130714,196.66759
2018-04-23,2.032837,15.1673355,196.61853
2018-04-24,2.406128,15.269875,195.01912
2018-04-25,2.3774414,15.03257,195.13487
2018-04-26,2.1014404,13.786476,192.62918
2018-04-27,2.00354,13.688087,193.07053
2018-04-28,1.7647705,12.514992,191.60277
2018-04-29,1.6175537,12.089699,191.92401
2018-04-30,2.0949707,14.125343,187.22874
2018-05-01,2.105957,15.059425,185.67079
2018-05-02,1.8973389,13.298195,183.8385
2018-05-03,1.6662598,11.87339,184.00252
2018-05-04,1.7601318,14.43882,190.15865
2018-05-05,1.7861328,13.052589,189.94527
2018-05-06,1.776001,16.277199,189.26591
2018-05-07,1.6339111,13.344582,180.20255
2018-05-08,1.7788086,13.51841,182.855
2018-05-09,1.8026114,12.599953,183.46439
2018-05-10,1.7493992,12.138039,182.76277
2018-05-11,1.737793,12.052101,175.57979
2018-05-12,1.9945068,15.881203,203.76953
2018-05-13,2.1378174,15.984718,204.34033
2018-05-14,1.9368896,13.7855,201.1068
2018-05-15,1.7529297,20.970558,201.30078
2018-05-16,2.008789,17.95591,206.78079
2018-05-17,2.0377197,16.297218,206.10873
2018-05-18,2.2028809,16.599472,206.76022
2018-05-19,2.1208496,13.488625,202.35107
2018-05-20,2.3251953,18.633644,204.93156
2018-05-21,2.5810547,16.486183,206.78368
2018-05-22,2.5115967,16.08921,207.35356
2018-05-23,2.12854,14.46714,206.62746
2018-05-24,1.7197266,12.611671,198.07333
2018-05-25,1.5111084,11.919289,191.23804
2018-05-26,1.5472412,13.082863,191.2395
2018-05-27,1.6956787,14.271339,197.14066
2018-05-28,1.6385498,13.236183,195.43823
2018-05-29,1.7845459,13.221535,192.32019
2018-05-30,1.7471924,12.869972,191.32126
2018-05-31,1.8443604,13.25132,180.8657
2018-06-01,1.7626734,12.76841,179.93823
2018-06-02,1.6164551,11.953468,180.81068
2018-06-03,1.4864225,9.225441,172.54503
2018-06-04,1.5270996,13.212257,174.74141
2018-06-05,1.7262383,8.5423355,171.99463
2018-06-06,1.7253904,8.544289,172.1941
2018-06-07,1.9246206,9.458351,179.36201
2018-06-08,2.0558453,9.957863,179.95659
2018-06-09,2.420166,17.13218,196.23148
2018-06-10,2.5117188,16.650734,197.90065
2018-06-11,2.2972412,15.328468,194.92421
2018-06-12,2.0197754,14.270363,188.13162
2018-06-13,2.075468,9.989601,170.47975
2018-06-14,2.2070208,10.333839,170.04565
2018-06-15,2.3457031,10.867531,170.73773
2018-06-16,2.3289795,10.846535,170.749
2018-06-17,2.0205078,10.09507,170.0667
2018-06-18,1.8990479,9.507179,171.21632
2018-06-19,1.7067871,9.151222,176.21289
2018-06-20,1.5605469,14.030617,186.0015
2018-06-21,2.1765137,15.813332,196.40448
2018-06-22,2.9606514,14.9105,196.50964
2018-06-23,2.9206533,14.687843,196.40971
2018-06-24,2.2646484,13.252296,190.51485
2018-06-25,2.050293,15.6517105,181.59535
2018-06-26,1.9996338,15.314308,180.66527
2018-06-27,1.9431896,10.138039,178.0656
2018-06-28,1.9918213,15.863625,181.75635
2018-06-29,2.022461,15.61216,181.71053
2018-06-30,1.8698816,15.4051285,185.8832
2018-07-01,1.7532959,14.069679,189.12494
2018-07-02,1.9187012,14.51963,190.10143
2018-07-03,2.5666504,14.568703,183.98438
2018-07-04,2.5130615,14.319679,183.94228
2018-07-05,2.038086,12.882668,180.31332
2018-07-06,1.5946045,11.389992,179.08293
2018-07-07,2.1315918,15.179543,195.39394
2018-07-08,2.5447998,14.911476,197.92567
2018-07-09,2.3391113,13.819191,195.58012
2018-07-10,1.909668,12.299171,185.70384
2018-07-11,1.8727903,13.824562,197.95392
2018-07-12,1.8684082,13.554543,198.84053
2018-07-13,1.6947021,12.409523,198.46725
2018-07-14,1.4852295,11.562843,185.85895
2018-07-15,1.3352051,8.296242,182.3271
2018-07-16,1.2924805,8.257179,177.35083
2018-07-17,1.3303223,6.398781,177.85303
2018-07-18,1.7036133,7.901222,172.16814
2018-07-19,2.0611572,8.913918,173.03836
2018-07-20,2.3946533,10.200539,174.89107
2018-07-21,2.4412546,10.346046,174.81525
2018-07-22,2.8034668,18.169777,191.24017
2018-07-23,2.8371582,18.093117,191.54823
2018-07-24,2.7191162,16.029152,194.3734
2018-07-25,2.251708,14.567726,188.42163
2018-07-26,2.0129395,13.692726,185.06013
2018-07-27,1.6391602,11.642433,176.99455
2018-07-29,1.6813965,8.524269,172.66003
2018-07-30,1.7443848,8.894875,173.10461
2018-07-31,1.7328615,8.897316,172.93758
2018-08-01,1.7163086,13.051125,178.22142
2018-08-02,1.849103,17.241066,177.8774
2018-08-03,1.9262695,14.797218,178.84274
2018-08-04,1.9603271,14.535988,179.32329
2018-08-05,1.9615479,9.503761,174.56073
2018-08-07,1.7867432,9.612648,170.47076
2018-08-08,1.8325195,15.709816,174.55487
2018-08-09,1.8737793,14.916847,180.3395
2018-08-10,1.8415527,13.7610855,182.34216
2018-08-11,1.9306631,15.708839,193.45416
2018-08-12,2.2869873,14.933937,200.60492
2018-08-13,2.1661377,13.9832535,200.84447
2018-08-14,2.9699707,17.311378,198.76332
2018-08-15,2.8688965,16.401222,198.07211
2018-08-16,2.331665,14.465675,191.47926
2018-08-17,1.9559326,13.082375,183.69958
2018-08-18,1.4285517,9.964699,174.50612
2018-08-19,1.5126953,12.281593,183.43243
2018-08-20,1.53125,14.784035,183.93344
2018-08-21,1.622366,13.52964,179.55988
2018-08-22,1.6199951,12.210793,173.82115
2018-08-23,1.5991211,11.933937,170.3462
2018-08-25,1.5818644,9.153664,170.23616
2018-08-26,1.8435059,11.474464,170.60103
2018-08-27,1.9975586,11.852882,170.1252
2018-08-28,1.6668701,11.273293,170.2444
2018-08-29,1.6585693,11.2298355,170.42354
2018-08-30,1.5063477,10.645363,173.65791
2018-08-31,1.4467773,8.397804,171.47964
2018-09-01,1.5866699,8.791847,170.73381
2018-09-02,1.675293,9.035011,174.60822
2018-09-03,1.8464355,16.226418,179.66925
2018-09-04,1.9143066,15.786476,179.3709
2018-09-05,1.8182373,10.225441,178.25809
2018-09-06,1.9815674,19.06089,199.12273
2018-09-07,2.7346706,16.332863,200.76033
2018-09-08,2.7375011,16.062843,200.38414
2018-09-09,2.2202148,14.238625,196.28374
2018-09-10,1.8393555,19.139503,186.08827
2018-09-11,2.3449707,16.268898,194.72102
2018-09-12,2.4339008,15.939308,197.28621
2018-09-13,2.5269861,15.696632,197.3987
2018-09-14,2.8774414,17.87046,196.98476
2018-09-15,2.8312988,17.439308,196.75272
2018-09-16,2.3890448,14.905617,190.10558
2018-09-17,2.0212402,14.367043,182.7773
2018-09-18,1.8463135,9.447121,174.19202
2018-09-19,1.7570801,9.096046,170.03563
2018-09-20,1.7259512,15.958351,180.23283
2018-09-21,1.7486572,14.369484,187.38284
2018-09-22,1.7050781,13.172707,182.9482
2018-09-23,1.7103271,14.299171,195.53516
2018-09-24,1.7609863,13.035988,196.78157
2018-09-25,1.8878593,14.72007,195.34834
2018-09-26,1.8425293,13.924171,195.02821
2018-09-27,1.6721191,12.13755,188.61931
2018-09-28,1.758831,15.052101,191.31474
2018-09-29,1.7064209,13.81382,191.9882
2018-09-30,1.5248842,12.240089,188.33658
2018-10-01,1.4047852,12.027687,196.95613
2018-10-02,1.4694824,12.022316,196.33968
2018-10-03,1.3249512,10.958839,196.0423
2018-10-04,1.4451904,15.045265,197.46957
2018-10-05,1.6582336,14.113136,187.99493
2018-10-06,1.6583719,13.865089,187.98665
2018-10-07,1.5227051,11.2142105,190.84557
2018-10-08,1.4141846,11.371437,197.96086
2018-10-09,1.4472656,15.9798355,201.22284
2018-10-10,1.5920095,14.952492,199.18257
2018-10-11,1.6105957,14.90757,200.19164
2018-10-12,2.0645752,16.027687,196.58083
2018-10-13,2.4279785,14.046242,185.73453
2018-10-14,2.5355644,13.761574,184.52284
2018-10-15,2.197754,11.016945,178.1723
2018-10-16,1.9510498,10.377785,180.68768
2018-10-17,2.0538578,17.437355,187.74158
2018-10-18,1.850708,15.177589,188.71678
2018-10-19,1.6744385,13.806496,188.5494
2018-10-20,1.7354736,14.710304,187.95349
2018-10-21,1.9570312,17.79087,190.16965
2018-10-22,2.0841017,16.09507,191.3859
2018-10-23,2.0926514,15.787453,192.82794
2018-10-24,1.966919,14.240578,193.32657
2018-10-25,1.7741699,13.055031,188.5088
2018-10-26,1.5627804,16.453957,194.13281
2018-10-27,1.6538086,16.218605,195.33853
2018-10-28,1.793457,14.681252,200.40045
2018-10-29,1.7719727,14.417091,200.94685
2018-10-30,1.5789795,13.406593,199.38364
2018-10-31,1.489502,12.597023,198.09656
2018-11-01,1.5742188,14.015236,197.50233
2018-11-02,1.7407227,14.563332,199.33614
2018-11-03,1.7863035,14.406593,199.60165
2018-11-04,1.7475586,13.551125,202.34068
2018-11-05,1.5371094,12.551613,203.32126
2018-11-06,1.7281494,17.513527,194.18938
2018-11-07,2.3675823,15.492043,192.87329
2018-11-08,2.2601776,14.3738785,193.11874
2018-11-09,2.1865234,16.203957,198.65327
2018-11-10,2.2524586,15.621437,200.17319
2018-11-11,2.1298828,14.253273,199.36737
2018-11-12,1.7628174,12.596046,190.12785
2018-11-13,1.72229,12.139992,188.86111
2018-11-14,1.6107178,11.524757,188.59686
2018-11-15,1.6352539,13.708107,187.14383
2018-11-16,1.8303223,12.087257,188.86768
2018-11-17,1.8958006,15.134621,187.61136
2018-11-18,1.7886963,13.838722,187.14119
2018-11-19,1.6474609,12.99839,187.72679
2018-11-20,1.4678955,11.951027,181.72742
2018-11-21,1.4580078,8.454445,179.89062
2018-11-22,1.6844263,14.807472,194.20732
2018-11-23,1.726304,14.674171,193.01025
2018-11-24,1.5514002,12.635109,191.39406
2018-11-25,1.5161133,13.68589,195.39072
2018-11-26,1.5043945,13.133644,194.00993
2018-11-27,1.8378906,16.277687,195.2377
2018-11-28,2.0253906,15.857765,196.37518
2018-11-29,1.9361572,13.588234,193.86087
2018-11-30,1.8804932,13.208351,188.42213
2018-12-01,1.6829834,12.141457,187.69865
2018-12-02,1.6973877,19.296242,239.31792
2018-12-05,1.6022949,12.658058,229.45438
2018-12-06,1.5898438,13.039894,233.00996
2018-12-07,1.5218506,12.958351,204.35228
2018-12-08,1.4189453,11.815285,192.46246
2018-12-09,1.1879883,10.900246,192.6904
2018-12-10,1.5201416,19.530617,233.6242
2018-12-11,1.8837156,15.0735855,215.08427
2018-12-12,1.8859854,13.419289,213.33995
2018-12-13,1.7970629,12.676125,221.83688
2018-12-14,1.6981096,11.907082,233.96648
2018-12-15,1.5378418,14.058937,225.54942
2018-12-16,1.6422119,13.209328,196.34557
2018-12-17,1.6863403,13.937355,191.99559
2018-12-18,1.7955322,13.173195,205.6903
2018-12-19,1.8000488,15.909523,234.95197
2018-12-25,1.9411621,14.579933,238.8199
2018-12-26,1.935791,14.510109,237.06107
2018-12-27,1.7919922,13.0457535,214.10876
2018-12-28,1.7458496,12.411476,204.68143
2018-12-29,1.6674805,13.240089,204.28809
2018-12-30,1.7784424,13.346046,201.62732
2018-12-31,1.6281738,12.023293,186.3067
2019-01-01,1.4781494,15.670265,187.94493
2019-01-02,1.7647705,13.954933,192.01144
2019-01-03,1.899292,13.233742,191.69926
2019-01-04,1.8775635,12.70591,188.00827
2019-01-05,1.6140137,13.764015,187.6179
2019-01-06,1.4758301,12.9329605,185.0873
2019-01-07,1.6646729,11.007179,177.99222
2019-01-08,1.6756592,11.004738,178.13507
2019-01-09,1.4147949,14.971046,194.27422
2019-01-10,1.3516846,13.945656,230.60083
2019-01-11,1.3623047,13.1673355,232.36028
2019-01-12,1.4615469,11.875832,235.14354
2019-01-13,1.5084229,11.827492,238.30473
2019-01-15,1.5795898,12.95298,239.33594
2019-01-16,1.5484619,16.601418,222.19629
2019-01-17,1.8129196,15.790871,239.87666
2019-01-19,1.7762451,15.948097,238.60942
2019-01-20,1.7536621,15.843117,238.82817
2019-01-25,1.4123535,12.100441,239.11188
2019-01-26,1.2818375,12.6551285,195.50063
2019-01-27,1.2767334,12.474953,192.52449
2019-01-28,1.4301758,15.575539,201.74672
2019-01-29,1.6112099,14.236183,202.1039
2019-01-30,1.6476822,12.413918,208.1876
2019-01-31,1.6810303,16.514023,207.4641
2019-02-01,1.8032227,14.499855,201.14066
2019-02-02,1.7304688,13.553078,200.27087
2019-02-03,1.6331787,12.730324,203.72974
2019-02-04,1.9775391,14.283546,220.38428
2019-02-05,1.5544434,12.403664,219.7905
2019-02-06,1.3413086,17.977394,233.29832
2019-02-07,1.6499014,16.811867,231.24567
2019-02-08,1.7611084,15.894386,226.89273
2019-02-09,1.6934309,13.139015,226.43329
2019-02-10,1.6799994,12.964699,224.69835
2019-02-11,1.5534668,15.906105,231.54277
2019-02-12,1.3878174,12.769875,239.42986
2019-02-13,1.7006836,15.900246,206.47313
2019-02-14,1.7844753,15.509621,207.5426
2019-02-15,1.6329346,14.088722,214.56458
2019-02-16,1.746582,12.666359,199.34656
2019-02-17,1.6873779,12.097023,199.66414
2019-02-18,1.5321045,12.207863,207.25859
2019-02-19,1.4985352,14.074074,209.75012
2019-02-20,1.7149658,13.522804,227.04889
2019-02-21,1.8609228,13.864113,233.33035
2019-02-22,1.8054495,13.398293,236.17253
2019-02-24,1.3337402,10.828957,233.73007
2019-02-25,1.4704113,13.141457,208.77647
2019-02-26,1.4736958,12.92466,206.72682
2019-02-27,1.4627686,11.866554,205.04726
2019-02-28,1.3891602,12.136574,216.52881
2019-03-01,1.4385557,12.348976,206.68225
2019-03-02,1.4974365,13.121925,200.876
2019-03-03,1.4217529,12.461769,198.6637
2019-03-04,1.2790956,10.727882,196.44653
2019-03-05,1.364502,15.598976,201.96297
2019-03-06,1.3665771,15.444679,201.86719
2019-03-07,1.3583984,12.712746,192.68219
2019-03-08,1.6305542,13.540871,177.9082
2019-03-09,1.7817383,13.109718,181.2512
2019-03-10,1.6387186,15.897316,185.39296
2019-03-11,1.6480236,15.113136,191.67728
2019-03-12,1.553833,13.493019,193.9517
2019-03-13,1.7469482,14.8704605,202.42345
2019-03-14,1.970128,14.350929,204.93169
2019-03-15,1.9655762,14.199562,205.99544
2019-03-16,1.9472656,14.588722,220.30751
2019-03-17,1.942627,14.303566,220.77904
2019-03-18,1.9676514,15.656593,212.92368
2019-03-19,1.9781494,15.014015,210.3908
2019-03-20,2.9208984,17.06041,205.72795
2019-03-21,1.8349609,13.098976,190.80597
2019-03-22,1.4394531,10.861671,192.51172
2019-03-23,1.6765137,10.945656,185.87599
2019-03-24,1.7818604,15.538918,195.62967
2019-03-25,1.7272949,14.880714,199.12285
2019-03-26,1.7173748,13.67173,205.42216
2019-03-27,1.8404541,17.391457,213.43793
2019-03-28,2.203125,15.818703,214.07938
2019-03-29,2.4672852,15.953957,218.12448
2019-03-30,2.2735596,14.490578,215.7437
2019-03-31,1.7631063,12.784523,216.80919
2019-04-01,1.7203369,13.3738785,205.90825
2019-04-02,1.7836914,13.2938,200.5812
2019-04-03,1.7177734,12.687843,187.24391
2019-04-04,1.5823975,13.173195,183.29314
2019-04-05,1.6373291,14.681496,190.74767
2019-04-06,1.5953369,16.293312,217.87018
2019-04-07,1.5419922,14.459816,216.95436
2019-04-08,1.62146,13.604347,217.55807
2019-04-09,1.6357985,12.5301285,212.52461
2019-04-10,1.9395752,14.716164,203.3764
2019-04-11,2.0578613,14.4832535,204.94005
2019-04-12,2.0253906,13.814796,200.19267
2019-04-13,1.9361572,13.218605,195.2598
2019-04-14,1.6835938,14.506691,200.11356
2019-04-15,1.9677734,14.471535,201.1261
2019-04-16,2.043213,13.752296,199.07367
2019-04-17,2.0378857,13.899757,196.47694
2019-04-18,1.9439697,13.301369,196.48605
2019-04-19,1.6490479,12.0735855,198.94691
2019-04-20,1.6992188,12.165627,185.01738
2019-04-21,1.7231445,12.006691,190.21198
2019-04-22,1.7176514,11.999855,190.77397
2019-04-23,1.5975342,12.04966,193.97119
2019-04-24,1.5732422,11.622414,195.78214
2019-04-25,1.5152588,13.966652,195.10687
2019-04-26,1.6262207,15.69175,184.94704
2019-04-27,1.7944336,15.179054,188.84882
2019-04-28,1.859375,14.90464,192.67796
2019-04-29,1.9788818,15.645851,192.98802
2019-04-30,1.9754639,15.1238785,191.50737
2019-05-01,1.8643799,14.3738785,191.22112
2019-05-02,1.6414795,13.349464,189.79295
2019-05-03,1.7862549,16.263039,188.54948
2019-05-04,2.1239014,14.986671,196.60828
2019-05-05,2.125122,14.931007,196.93774
2019-05-06,1.911377,13.564308,198.7305
2019-05-07,1.6961164,12.5145035,194.03944
2019-05-08,1.78125,15.938332,191.12614
2019-05-09,2.0111084,19.232765,193.77937
2019-05-10,2.9902449,17.425148,194.24348
2019-05-11,2.9589844,17.01841,193.72421
2019-05-12,2.5573797,14.930031,188.29402
2019-05-13,2.6186285,17.929054,195.0972
2019-05-14,2.3933105,16.255714,193.30286
2019-05-15,2.1777344,15.626808,192.012
2019-05-16,1.8155518,14.363136,193.49611
2019-05-17,2.258667,18.784035,197.56874
2019-05-18,2.6622314,16.576515,197.67982
2019-05-19,2.8356934,16.015968,197.76657
2019-05-20,2.6618652,14.877785,196.44652
2019-05-21,2.218628,13.156105,188.66284
2019-05-22,2.0611954,15.84214,186.0062
2019-05-23,2.012207,14.378761,185.11069
2019-05-24,1.9540787,16.578468,187.0572
2019-05-25,2.180663,14.949562,203.29295
2019-05-26,2.1568604,14.04673,207.27608
2019-05-27,1.9434814,12.911476,205.53326
2019-05-28,2.281372,16.038918,212.77641
2019-05-29,2.369873,15.832863,214.94588
2019-05-30,2.072754,14.500832,213.15747
2019-05-31,1.6932373,13.176125,208.4658
2019-06-01,1.9729376,14.689308,204.06468
2019-06-02,2.1375732,16.288918,202.71144
2019-06-03,2.3183594,15.009621,200.6897
2019-06-04,2.4370117,14.865578,200.45074
2019-06-05,2.1937256,13.643898,197.71964
2019-06-06,2.1898193,14.736183,195.22076
2019-06-07,2.3460693,14.860207,195.63417
2019-06-08,2.4501953,14.923195,195.44936
2019-06-09,2.1831055,15.242531,183.97762
2019-06-10,2.2026014,14.798195,182.77364
2019-06-11,1.963501,13.38755,177.94037
2019-06-12,1.5178223,11.400734,177.66231
2019-06-13,1.4293213,13.231789,182.92403
2019-06-14,1.4581299,12.264992,183.08733
2019-06-15,1.7510986,9.243019,179.95572
2019-06-16,1.9075928,16.549171,177.99333
2019-06-17,2.0671387,15.631691,179.314
2019-06-18,2.1252441,9.974953,177.79787
2019-06-19,2.1964111,10.598488,180.81725
2019-06-20,2.2042236,15.812843,191.38435
2019-06-21,2.196289,15.668312,191.42644
2019-06-22,2.2593994,14.656593,195.64572
2019-06-23,2.3718252,14.488625,196.31686
2019-06-24,2.227294,13.7923355,194.3212
2019-06-25,1.7275391,12.341164,190.5211
2019-06-26,1.5601807,10.189796,177.33092
2019-06-27,1.9844971,10.712746,171.69704
2019-06-28,2.2598877,14.770851,173.17523
2019-06-29,2.1982422,13.702492,172.88057
2019-06-30,1.8149414,11.154152,175.38382
2019-07-01,2.3591309,17.381691,182.48112
2019-07-02,2.4838867,12.896339,180.6518
2019-07-03,2.3863525,12.23716,177.69353
2019-07-04,2.2348633,10.974953,171.1428
2019-07-05,2.0307617,10.312355,170.56194
2019-07-06,1.8475342,19.431496,186.28691
2019-07-07,2.1715088,18.096535,198.02968
2019-07-08,2.1463623,17.235207,199.40404
2019-07-09,1.9311523,14.757179,193.98647
2019-07-10,1.7431641,13.576515,187.88496
2019-07-11,1.8712606,18.635597,188.68587
2019-07-12,2.71875,16.725441,199.26537
2019-07-13,2.7643824,16.254738,199.1837
2019-07-14,2.5080566,14.9363785,197.35329
2019-07-15,2.1776123,16.93052,188.5069
2019-07-16,2.1999512,16.598,188.8456
2019-07-17,2.0721436,15.219093,183.62836
2019-07-18,1.80896,13.985207,176.79457
2019-07-19,1.9439697,9.406105,170.01581
2019-07-20,2.083374,9.777199,170.22598
2019-07-21,2.1467285,15.007179,180.8899
2019-07-22,2.1851807,15.241554,183.89145
2019-07-23,2.0804443,14.588234,185.08195
2019-07-24,2.0284414,9.891945,173.61897
2019-07-25,2.3058052,11.417824,170.0106
2019-07-30,1.7749023,17.366066,179.37117
2019-07-31,2.2165527,15.986671,180.65758
2019-08-01,2.1965332,15.321632,179.28444
2019-08-02,1.8757324,13.700539,174.29723
2019-08-03,1.8157959,11.742531,183.30682
2019-08-04,2.3288574,12.303566,176.21748
2019-08-05,2.2757568,12.17173,176.35672
2019-08-06,2.218628,15.954933,185.14078
2019-08-07,1.8598633,14.207863,186.59712
2019-08-08,2.0913086,10.875343,181.712
2019-08-09,2.5673828,12.206398,172.7501
2019-08-10,2.582529,12.223976,170.03142
2019-08-13,2.0999756,10.999367,170.35298
2019-08-14,1.9138184,15.040382,185.45782
2019-08-15,1.8039551,14.184425,187.56029
2019-08-16,1.6276855,13.122414,186.60432
2019-08-17,1.854248,13.6238785,192.47887
2019-08-18,1.9483643,13.332375,192.75632
2019-08-19,1.7163086,12.344582,190.32071
2019-08-20,1.6245117,12.416359,187.5862
2019-08-21,1.4282227,17.283546,201.6993
2019-08-22,1.9240723,14.835304,213.28923
2019-08-23,2.005249,13.947609,212.76231
2019-08-24,1.9956055,13.469093,210.71988
2019-08-25,1.8076172,13.237648,202.53125
2019-08-26,1.8154297,15.086281,196.92992
2019-08-27,1.8782959,14.411964,196.5791
2019-08-28,1.7249756,12.927589,191.14937
2019-08-29,1.6241455,12.265968,185.05424
2019-08-30,1.3592529,14.570656,187.87283
2019-08-31,1.7131348,12.987648,191.17989
2019-09-01,1.7133789,12.891945,189.4194
2019-09-02,1.6894531,11.822609,185.11761
2019-09-03,1.5723877,10.316261,182.42993
2019-09-04,1.5258789,14.158058,180.1924
2019-09-05,1.4692383,12.756691,176.00902
2019-09-06,1.4128418,17.723488,190.11833
2019-09-07,1.8591309,16.6688,187.31004
2019-09-08,1.9467773,14.920265,186.59732
2019-09-09,2.179821,9.493996,183.91833
2019-09-10,2.3118334,10.169289,173.77477
2019-09-11,2.2963076,10.257668,173.127
2019-09-15,1.6043797,9.404152,170.25151
2019-09-16,1.5252686,9.022804,170.17513
2019-09-17,1.3657007,7.8548355,173.14114
2019-09-18,1.5311279,8.828957,174.35953
2019-09-19,1.802249,10.431984,170.05475
2019-09-20,2.005908,11.51548,170.06572
2019-09-21,1.9641113,11.371437,171.59717
2019-09-22,1.9281006,16.775246,177.11185
2019-09-23,1.670166,14.514015,177.18033
2019-09-24,1.7130814,12.597023,184.97015
2019-09-25,1.9906378,13.417824,185.20157
2019-09-26,1.8795166,19.417824,187.01599
2019-09-27,1.9625244,17.897316,185.71996
2019-09-28,1.8306885,14.855324,205.22383
2019-09-29,2.2744827,16.041847,206.22803
2019-09-30,2.170166,15.228859,206.42558
2019-10-01,1.9210949,14.273048,197.78427
2019-10-02,1.9445801,14.01841,194.3474
2019-10-03,1.9766941,13.074562,188.80751
2019-10-04,2.161499,10.997414,183.68814
2019-10-05,2.2690344,11.203468,182.99956
2019-10-06,2.294551,10.937843,174.11102
2019-10-07,2.2802734,10.896828,173.34662
2019-10-08,2.1927633,10.826027,172.19836
2019-10-09,1.8630371,10.228371,174.4548
2019-10-10,1.6137695,10.361183,174.99963
2019-10-11,1.2441406,9.570168,178.59451
2019-10-12,1.342246,13.642433,187.88655
2019-10-13,1.3760986,13.539406,194.57477
2019-10-14,1.5090332,16.201515,201.0964
2019-10-15,1.7678223,17.513039,201.00024
2019-10-16,1.6265869,14.178078,190.7905
2019-10-17,1.4742432,16.552101,183.689
2019-10-18,2.1879864,18.904152,181.89125
2019-10-19,2.171997,16.371437,190.42659
2019-10-20,2.1868896,16.122414,189.70576
2019-10-21,2.0528088,14.696144,187.89143
2019-10-22,1.7376709,13.124367,180.16391
2019-10-23,1.7123337,14.960793,193.14868
2019-10-24,1.90551,13.903664,197.9928
2019-10-25,1.9328051,13.480324,198.09547
2019-10-26,1.7842283,15.397804,195.83295
2019-10-27,2.0062256,15.781105,194.16293
2019-10-28,1.6859131,13.403175,194.41026
2019-10-29,1.6337309,14.756691,186.10938
2019-10-30,1.6092615,14.228371,185.33658
2019-10-31,1.5957031,9.283058,173.17525
2019-11-01,1.6162729,13.319191,173.67245
2019-11-02,1.6185303,12.425148,179.87602
2019-11-03,1.6377926,16.536476,185.67224
2019-11-04,2.1635742,15.515968,189.09088
2019-11-05,2.0439453,13.732765,184.43977
2019-11-06,1.8001709,20.758156,190.4435
2019-11-07,1.9870605,20.806984,192.09543
2019-11-08,1.9093018,16.380714,188.63821
2019-11-09,1.767456,13.709328,183.11136
2019-11-10,1.6381836,16.05552,182.0552
2019-11-11,1.7553711,14.659035,186.96489
2019-11-12,1.7424316,13.92173,189.39082
2019-11-13,1.5344238,12.409523,192.87372
2019-11-14,1.244873,11.382668,193.086
2019-11-15,1.2623291,13.483742,196.64487
2019-11-16,1.354248,12.909523,195.2813
2019-11-17,1.373291,12.699074,199.36101
2019-11-18,1.6005859,12.375832,198.2301
2019-11-19,1.6196289,12.341164,197.0732
2019-11-20,1.8771973,14.814796,208.85336
2019-11-21,1.8737793,14.73716,210.66626
2019-11-22,1.7891846,13.411964,215.73546
2019-11-23,1.8999023,13.415871,209.76413
2019-11-24,1.6942139,12.8392105,203.61044
2019-11-25,1.4029541,11.3582535,199.88708
2019-11-26,1.7115479,14.352882,198.93182
2019-11-27,1.9481382,15.6551285,200.10513
2019-11-28,2.1870117,13.784035,191.0245
2019-11-29,2.1726074,13.545265,189.91823
2019-11-30,2.0090332,11.804054,186.45406
2019-12-01,1.8291016,15.014259,209.3881
2019-12-02,1.8336201,14.6082535,211.16586
2019-12-03,1.6458693,12.911476,208.84572
2019-12-04,1.46875,11.814308,202.74026
2019-12-05,1.4769287,12.180031,200.82164
2019-12-06,1.598999,15.697121,218.91539
2019-12-07,1.626831,14.212746,219.19878
2019-12-08,1.5710449,13.405617,217.12604
2019-12-09,1.581563,12.601906,199.21063
2019-12-10,1.4771729,11.949562,196.52382
2019-12-11,1.630249,16.406105,208.33708
2019-12-12,1.6234131,15.899757,220.74963
2019-12-13,1.4681396,14.029152,235.94649
2019-12-14,1.3000488,12.62925,211.6832
2019-12-15,1.1796875,10.953468,191.25293
2019-12-16,1.1622314,17.190773,211.40703
2019-12-17,1.4293213,17.52427,238.90099
2019-12-19,1.6307173,13.720558,237.4733
2019-12-20,1.7393904,12.241066,226.04045
2019-12-21,1.7512865,12.02964,229.18916
2019-12-22,1.411582,11.57798,231.1332
2019-12-23,1.3212891,14.763527,239.66524
2019-12-24,1.3413086,14.626808,239.84381
2019-12-26,1.4575195,14.249367,227.27376
2019-12-27,1.46521,13.656593,217.33914
2019-12-28,1.4392662,12.42173,192.4311
2019-12-29,1.3613281,12.704445,200.29703
2019-12-30,1.5079346,17.669785,228.89073
2019-12-31,1.637085,16.066261,226.74223
2020-01-01,1.6459961,14.509132,223.7078
2020-01-02,1.6705322,14.455421,221.61827
2020-01-03,1.6064453,13.014992,211.69972
2020-01-04,1.4715576,11.89341,207.40065
2020-01-09,1.461257,13.530617,233.90591
2020-01-10,1.4957275,6.7884293,177.70448
2020-01-11,1.4624128,6.8494644,171.965
2020-01-12,1.5949707,13.801613,179.39899
2020-01-13,1.739502,13.20591,180.781
2020-01-14,1.7094727,12.910011,181.20523
2020-01-15,1.6044922,11.985207,178.8932
2020-01-16,1.564331,11.389992,180.15852
2020-01-17,1.5413818,8.266945,183.65674
2020-01-18,1.3804932,14.84507,196.53322
2020-01-19,1.5379639,12.874367,187.72186
2020-01-20,1.7148428,12.212746,185.46112
2020-01-21,1.7055664,12.0457535,186.67342
2020-01-22,1.6552734,14.264015,202.82127
2020-01-23,1.7525635,13.210304,209.51604
2020-01-24,1.6342773,11.992531,215.23888
2020-01-25,1.5087557,13.895851,239.88293
2020-01-26,2.0112305,14.116554,232.19662
2020-01-27,2.006958,13.969093,232.34418
2020-01-29,1.9041748,16.791855,236.48701
2020-01-30,2.1584473,16.122902,230.26646
2020-01-31,2.1297607,15.255714,229.9405
2020-02-01,1.8239746,13.297707,231.38155
2020-02-02,1.7634277,15.790871,239.24223
2020-02-04,1.5117188,15.906105,228.41093
2020-02-05,1.9449463,14.495949,203.07974
2020-02-06,2.0039062,14.368996,201.11758
2020-02-07,1.9545603,13.365578,196.60988
2020-02-08,1.8569336,12.430519,193.81454
2020-02-09,1.7504883,11.997902,197.74553
2020-02-10,1.7514648,14.73423,203.46211
2020-02-11,1.8294678,14.308449,197.37372
2020-02-12,1.8485107,13.539894,194.88493
2020-02-13,1.8621826,13.347023,193.8976
2020-02-14,1.703125,12.559914,198.43036
2020-02-15,1.4157715,11.715675,207.4645
2020-02-16,1.6154785,11.829445,191.72058
2020-02-17,1.6595459,16.133156,194.2744
2020-02-18,1.6496096,15.881203,194.60269
2020-02-19,1.5628662,14.301125,195.1266
2020-02-20,1.5763645,13.544289,193.04045
2020-02-21,1.5513916,13.253273,192.31285
2020-02-22,1.3725586,12.147804,194.25896
2020-02-23,1.3626709,14.815773,199.29305
2020-02-24,1.7359619,15.794777,213.92944
2020-02-25,1.8260498,14.893898,208.79126
2020-02-26,1.7850342,13.823097,206.87907
2020-02-27,1.5926514,12.76548,206.88812
2020-02-28,1.4384766,15.679054,201.70055
2020-02-29,1.6243896,13.554543,209.43762
2020-03-01,1.6223145,13.505226,209.67743
2020-03-02,1.5604248,12.2957535,217.33102
2020-03-03,1.5653076,13.441994,210.58621
2020-03-04,1.6085205,13.909279,212.27727
2020-03-05,1.8432617,14.33091,210.80476
2020-03-06,1.8062744,13.516701,209.5793
2020-03-07,1.5533447,12.418312,210.54437
2020-03-08,1.7126465,17.400246,223.1713
2020-03-09,2.0355225,15.633156,210.07458
2020-03-10,2.0307617,15.156593,208.88704
2020-03-11,1.8825684,13.95591,205.4002
2020-03-12,1.6696777,13.2332535,204.42441
2020-03-13,1.5313721,12.480812,202.82962
2020-03-14,1.576416,18.102882,208.08719
2020-03-15,2.1378632,16.496925,206.96394
2020-03-16,2.1190186,16.129738,206.80681
2020-03-17,1.9645119,14.044289,200.22684
2020-03-18,1.7073975,13.107277,196.39917
2020-03-19,1.5991211,19.093605,192.03186
2020-03-20,1.9404297,16.003273,196.48485
2020-03-21,1.9675293,15.966652,196.48802
2020-03-22,1.7253418,13.905617,200.4552
2020-03-23,1.7127686,13.931984,202.5885
2020-03-24,1.827136,17.93589,196.61536
2020-03-25,2.4055176,15.637062,193.48639
2020-03-26,2.4255362,15.312355,193.60628
2020-03-27,2.0007324,13.381691,195.74638
2020-03-28,1.690918,12.491066,196.51826
2020-03-29,1.8321533,17.298195,203.13672
2020-03-30,2.1275177,15.482277,200.7032
2020-03-31,2.107666,14.985695,199.8764
2020-04-01,1.8356934,13.693703,196.18767
2020-04-02,1.5281982,12.295265,195.39159
2020-04-03,1.5454102,14.755714,188.25473
2020-04-04,1.7336426,13.492531,180.70738
2020-04-05,2.0166683,17.512062,191.11069
2020-04-06,2.4067307,16.360695,194.16586
2020-04-07,2.3918705,16.193703,194.07487
2020-04-08,2.0652695,14.537453,190.14163
2020-04-09,1.7988281,13.2298355,184.22714
2020-04-10,1.7868652,13.183205,184.10693
2020-04-11,1.7009277,17.140968,188.61115
2020-04-12,2.2091064,15.029152,193.87128
2020-04-13,2.3359375,14.741066,196.5508
2020-04-14,2.2492676,14.183449,198.76338
2020-04-15,1.8274069,13.087257,196.82654
2020-04-16,1.4625244,12.074074,191.90977
2020-04-17,1.3516846,11.650734,185.51753
2020-04-18,1.3648682,19.30796,191.33781
2020-04-19,1.6313477,16.687843,201.4068
2020-04-20,2.015503,15.04673,199.52728
2020-04-21,1.8951416,13.857765,199.5902
2020-04-22,1.8416748,13.357277,198.61914
2020-04-23,1.7817383,14.158058,187.77357
2020-04-24,1.7570801,13.799171,187.96144
2020-04-25,1.661377,12.929543,185.19907
2020-04-26,1.5362549,12.041359,195.44157
2020-04-27,1.623291,13.265968,186.85983
2020-04-28,1.71521,12.235695,184.75226
2020-04-29,1.7047119,12.001076,183.6218
2020-04-30,1.6491699,13.408058,189.48071
2020-05-01,1.5804605,13.19297,185.29803
2020-05-02,1.5227051,12.854347,187.3867
2020-05-03,1.458252,12.305031,189.4018
2020-05-04,1.595581,14.919289,191.88246
2020-05-05,1.7672119,13.753517,191.07211
2020-05-06,1.8823242,13.724709,189.78896
2020-05-07,1.8134766,17.584816,200.8116
2020-05-08,2.8424072,16.51548,214.00856
2020-05-09,2.8829174,16.291359,214.594
2020-05-10,2.5333252,15.09214,213.4024
2020-05-11,2.0653076,13.591652,210.51181
2020-05-12,1.7563477,12.534035,206.09872
2020-05-13,1.8061523,14.710793,191.9786
2020-05-14,1.8453369,14.18882,191.72726
2020-05-15,1.8978271,18.213234,200.31982
2020-05-16,2.258667,16.371925,208.85507
2020-05-17,2.2432861,16.14927,208.44531
2020-05-18,2.048584,14.600929,203.36542
2020-05-19,1.7619629,13.68589,203.51938
2020-05-20,1.8284912,13.843605,204.04004
2020-05-21,1.7630615,13.203468,200.32806
2020-05-22,1.4926758,11.912941,193.4866
2020-05-23,1.5095215,8.107277,178.9108
2020-05-24,1.5858154,19.79966,179.60187
2020-05-25,1.7811451,17.744972,190.45605
2020-05-26,1.9488525,15.5423355,204.20232
2020-05-27,2.0582275,15.591164,212.68187
2020-05-28,2.1724854,15.012062,216.12082
2020-05-29,2.137329,14.713234,215.8442
2020-05-30,1.8356934,17.186623,204.74501
2020-05-31,2.5091553,14.779152,190.92422
2020-06-01,2.5950708,14.474464,187.5888
2020-06-02,2.3775635,13.486183,183.16934
2020-06-03,2.2463484,16.863625,193.91422
2020-06-04,2.3708496,16.275734,196.14932
2020-06-05,2.295514,15.377296,195.24863
2020-06-06,2.0494385,14.005226,187.45593
2020-06-07,2.1801758,17.785011,190.82375
2020-06-08,2.2027588,17.14341,193.02028
2020-06-09,2.6953125,15.852638,191.65672
2020-06-10,2.7547607,15.601418,191.401
2020-06-11,2.630107,15.692726,188.03519
2020-06-12,2.6062012,15.174171,187.31693
2020-06-13,2.1275635,13.73716,183.74051
2020-06-14,2.0830078,16.246437,182.22609
2020-06-15,2.1818848,15.68589,183.29123
2020-06-16,2.0516357,14.223488,182.77615
2020-06-17,1.9051514,14.832619,186.11143
2020-06-18,2.211792,13.6707535,190.07097
2020-06-19,2.2114258,13.653175,190.02678
2020-06-20,2.1069336,13.382179,185.98216
2020-06-21,2.0284424,16.076027,193.30211
2020-06-22,2.102131,14.8426285,197.03647
2020-06-23,2.0020752,13.850929,195.98532
2020-06-24,1.7713623,12.964699,189.15054
2020-06-25,1.8104248,15.894875,188.84079
2020-06-26,1.8961182,14.706886,188.8922
2020-06-27,1.854126,13.931984,187.84703
2020-06-28,2.0324707,17.43589,199.9109
2020-06-29,2.1800137,16.291359,202.45639
2020-06-30,2.1624756,16.045265,202.04077
2020-07-01,1.932373,14.341652,195.57175
2020-07-02,2.06958,16.797218,203.31396
2020-07-03,2.1816406,15.468117,203.05756
2020-07-04,2.13208,14.848,201.35178
2020-07-05,1.9226074,13.440285,194.19215
2020-07-06,1.8059082,13.713722,192.31325
2020-07-07,1.7319336,13.5110855,186.71507
2020-07-08,1.701397,12.787453,174.5532
2020-07-09,1.6993408,9.612648,170.15117
2020-07-14,1.6008301,9.865089,170.1199
2020-07-15,1.4400635,12.304054,175.55574
2020-07-16,1.5391397,13.337746,190.1199
2020-07-17,1.4758301,12.389992,188.7896
2020-07-18,1.4324951,11.97007,187.4076
2020-07-19,1.3566895,16.074562,183.57071
2020-07-20,1.5106201,14.26255,186.78369
2020-07-21,1.5645752,13.239601,182.09369
2020-07-22,1.6221924,13.287453,177.62012
2020-07-23,1.6349792,8.619484,171.53534
2020-07-24,1.803833,9.475929,172.34122
2020-07-25,1.8149414,9.543312,173.26581
2020-07-26,1.7971191,9.5770035,170.48524
2020-07-28,1.4320068,9.347511,170.0162
2020-07-29,1.4039307,9.25425,171.18567
2020-07-30,1.3681641,13.046242,175.34862
2020-07-31,1.3214111,12.6395035,174.85207
2020-08-01,1.3447266,14.702492,174.03383
2020-08-02,1.3521729,14.492531,174.58852
2020-08-03,1.3129883,12.750343,176.0157
2020-08-04,1.4150391,12.210793,183.13701
2020-08-05,1.5069475,11.73716,182.72896
2020-08-06,1.4858189,8.140724,174.13258
2020-08-07,1.9014893,16.61802,188.14418
2020-08-08,2.3846388,15.586769,193.22287
2020-08-09,2.239746,14.722511,191.73972
2020-08-10,1.7819824,13.142677,186.1507
2020-08-11,1.53125,12.162941,181.2926
2020-08-12,1.5273438,13.108742,187.56386
2020-08-13,1.8287354,16.275734,186.6642
2020-08-14,2.0323486,14.860939,179.72525
2020-08-15,2.1187744,14.569923,176.69884
2020-08-16,2.0004883,13.215187,172.64793
2020-08-17,1.7696533,9.908546,170.13216
2020-08-18,1.8045568,9.569191,173.12578
2020-08-19,1.9066162,15.162941,177.22247
2020-08-20,2.1104736,9.648293,173.82372
2020-08-21,2.1062012,9.707375,173.86136
2020-08-22,1.9870605,10.051857,171.46579
2020-08-23,1.7802734,9.828712,170.01683
2020-08-24,1.5731201,9.217873,173.6718
2020-08-25,1.6087646,13.935646,182.69635
2020-08-26,1.9700928,16.234718,184.71986
2020-08-27,2.5324707,14.741066,183.3379
2020-08-28,2.5153809,14.575783,183.35855
2020-08-29,2.175537,13.257668,177.64014
2020-08-30,1.9091797,12.074074,171.35635
2020-08-31,1.9500732,17.603859,171.88814
2020-09-01,2.1944332,15.091652,172.1456
2020-09-02,2.2013836,14.904152,171.94603
2020-09-05,1.9703369,10.222023,170.11734
2020-09-06,1.8496542,18.172707,180.98746
2020-09-07,1.9112549,16.02964,188.80043
2020-09-08,2.081007,15.195168,187.67802
2020-09-09,2.0661354,15.196632,188.06244
2020-09-10,2.017334,15.133644,189.09518
2020-09-11,1.8800049,13.802101,184.19235
2020-09-12,1.9455299,15.110207,184.7954
2020-09-13,2.0297852,14.777199,186.16942
2020-09-14,1.9489746,14.087257,185.01717
2020-09-15,1.7888184,10.794777,172.46394
2020-09-16,1.9832201,10.426613,173.96953
2020-09-17,1.9628258,15.851906,177.38358
2020-09-18,1.9328117,14.923683,178.12556
2020-09-19,1.7406006,13.831398,178.43864
2020-09-20,1.59268,17.991554,186.66678
2020-09-21,1.5894775,17.801613,187.36092
2020-09-22,1.5942383,15.006203,189.46748
2020-09-23,1.5874023,14.885597,189.3347
2020-09-24,1.6412354,12.468117,190.42285
2020-09-25,1.645874,16.132668,190.71294
2020-09-26,1.699707,14.551613,188.89455
2020-09-27,2.2166748,17.970558,196.90651
2020-09-28,2.4925776,16.502785,194.70515
2020-09-29,2.4769287,16.213722,194.77483
2020-09-30,2.1413574,14.819679,196.97812
2020-10-01,1.9769287,14.189308,196.46973
2020-10-02,1.7855225,13.533058,192.80142
2020-10-03,1.6331787,12.858498,185.25465
2020-10-04,1.7802734,10.665871,173.81781
2020-10-05,1.8493652,9.933449,170.38573
2020-10-06,1.8636475,9.889015,170.04823
2020-10-07,1.8710938,15.307472,182.55746
2020-10-08,1.9761963,14.677101,187.57051
2020-10-09,2.0970001,14.755959,187.6341
2020-10-10,2.0474854,14.5926285,188.47726
2020-10-11,1.7491074,13.369484,186.57693
2020-10-12,1.5565081,10.242043,181.53848
2020-10-13,1.5664062,15.377785,190.41362
2020-10-14,1.5917597,14.344093,195.07121
2020-10-15,1.7182617,15.352882,195.7476
2020-10-16,1.8763428,14.798195,195.29349
2020-10-17,1.8686523,14.175148,194.47002
2020-10-18,2.0441895,13.701027,197.15395
2020-10-19,2.2326984,16.772804,195.42467
2020-10-20,2.2034912,16.113136,195.05568
2020-10-21,2.1028662,14.28257,192.88634
2020-10-22,1.834054,13.124855,187.33289
2020-10-23,1.8023682,14.663673,182.53194
2020-10-24,1.7537842,13.386818,181.19417
2020-10-25,1.6841164,9.288673,177.15985
2020-10-26,1.6265059,13.590187,181.06487
2020-10-27,1.5090332,12.273293,178.14694
2020-10-28,1.3505859,8.838234,177.85321
2020-10-29,1.4639893,16.31675,182.8296
2020-10-30,1.6617432,14.87632,183.66873
2020-10-31,1.87854,14.196632,186.34705
2020-11-01,1.9175997,14.945168,188.71655
2020-11-02,1.8717041,14.4017105,190.00107
2020-11-03,1.8414307,14.26255,194.97975
2020-11-04,2.0528564,16.51255,205.46481
2020-11-05,2.3291016,14.848,206.4838
2020-11-06,2.4133005,14.754738,204.7924
2020-11-07,2.2196045,13.940773,203.48119
2020-11-08,1.9720459,14.304543,200.56358
2020-11-09,1.8377686,13.2645035,195.57935
2020-11-10,1.5209961,12.165382,193.60269
2020-11-11,1.6552734,14.313087,203.24327
2020-11-12,1.7974854,13.725929,211.32213
2020-11-13,1.8126469,13.219093,210.16608
2020-11-14,1.8201904,13.25425,210.06412
2020-11-15,1.659668,12.446632,206.96938
2020-11-16,1.6257324,14.4676285,198.06041
2020-11-17,1.8786621,14.273293,195.01866
2020-11-18,1.9431152,14.677589,191.68001
2020-11-19,1.8574219,14.244972,189.54858
2020-11-20,1.6776123,13.180031,187.32079
2020-11-21,1.5079346,13.135597,188.31277
2020-11-22,1.4381742,12.871437,188.96246
2020-11-23,1.2694092,12.361671,181.27438
2020-11-24,1.2484131,12.344093,183.51212
2020-11-25,1.3878174,11.716652,187.68199
2020-11-26,1.7329102,17.268898,184.87933
2020-11-27,2.0181885,15.719582,186.53294
2020-11-28,2.2119455,16.08091,186.49619
2020-11-29,1.8017578,13.538673,184.9019
2020-11-30,1.4831543,12.303078,187.0407
2020-12-01,1.3803711,11.912453,198.00859
2020-12-02,1.2407227,13.289894,200.35165
2020-12-03,1.328125,12.049171,194.56343
2020-12-04,1.3242188,12.10923,190.52054
2020-12-05,1.3864746,10.497902,189.94537
2020-12-06,1.484375,14.211769,199.37366
2020-12-07,1.677865,19.177101,226.48532
2020-12-08,1.8071289,16.72593,224.58548
2020-12-09,1.8338623,16.446144,216.767
2020-12-10,1.784668,13.178566,211.66486
2020-12-11,1.9735107,12.924171,214.02544
2020-12-12,1.8897772,19.374367,239.25087
2020-12-14,1.9876022,15.117531,239.65797
2020-12-15,1.8114014,14.327492,213.5023
2020-12-16,1.4238281,13.148293,204.3249
2020-12-17,1.234375,12.638527,205.6916
2020-12-18,1.2119141,16.160988,199.62003
2020-12-19,1.3349609,14.5301285,226.20882
2020-12-20,1.3984375,13.485207,226.58948
2020-12-21,1.4073486,14.639015,225.391
2020-12-22,1.4584961,14.306496,219.67633
2020-12-23,1.5089111,18.213242,210.49261
2020-12-24,1.7664795,16.687843,210.93808
2020-12-25,1.7557373,16.388527,210.71533
2020-12-26,1.6818848,14.398293,208.49838
2020-12-27,1.6817188,12.662453,216.70947
2020-12-28,1.6759062,12.541359,217.25903
2020-12-29,1.3991776,11.746925,211.14384
2020-12-30,1.3557119,11.324562,205.86473
2020-12-31,1.3427734,11.040382,207.8227
2021-01-01,1.4882812,13.669289,239.98459
2021-01-02,1.4943848,13.196632,238.58191
2021-01-11,1.8070068,13.706886,229.12564
2021-01-12,1.930542,13.534523,239.8994
2021-01-19,1.5126953,14.093117,238.78374
2021-01-20,1.7460938,16.074562,236.51851
2021-01-21,1.8154297,16.035988,239.32042
2021-01-24,1.583252,12.8582535,239.7892
2021-01-25,1.6932373,13.224464,220.52553
2021-01-26,1.704834,13.351906,220.4829
2021-01-27,1.5908194,12.414406,219.64934
2021-01-28,1.4533691,11.777199,217.4688
2021-01-29,1.5206299,18.048195,216.8329
2021-01-30,1.4956055,17.552101,216.3834
2021-01-31,1.5378418,14.484718,238.30789
2021-02-01,1.529541,14.409523,237.6813
2021-02-02,1.3880615,14.850441,231.3647
2021-02-03,1.5113525,13.911964,208.56372
2021-02-04,1.5297852,13.304543,231.0744
2021-02-05,1.4946289,12.665871,236.65889
2021-02-06,1.560791,14.691261,217.71341
2021-02-07,1.5698242,14.5267105,219.03899
2021-02-08,1.5390625,13.577736,220.0442
2021-02-09,1.4418945,12.957375,210.78535
2021-02-10,1.392334,11.989601,197.06317
2021-02-11,1.3806152,11.293312,201.14955
2021-02-12,1.4473877,14.346535,223.4724
2021-02-13,1.6651611,13.398293,215.11203
2021-02-14,1.8447266,14.272316,210.05566
2021-02-15,2.0614014,14.533546,204.66756
2021-02-16,2.067505,14.430519,204.4006
2021-02-17,1.9587402,13.702492,204.17705
2021-02-18,1.7658691,13.803078,204.68266
2021-02-19,1.6943359,12.278664,226.45358
2021-02-20,1.8652344,15.788429,226.15886
2021-02-21,1.9655762,14.3895035,222.99718
2021-02-22,1.9919071,13.856789,225.91641
2021-02-23,1.9057617,13.334816,218.2353
2021-02-24,1.7564697,12.385597,197.96468
2021-02-25,1.5681152,11.791359,189.88147
2021-02-26,1.4143066,13.125343,185.65018
2021-02-27,1.4342041,14.918312,195.38667
2021-02-28,1.4609375,13.919777,200.3852
2021-03-01,1.4650879,13.640968,200.86813
2021-03-02,1.4346924,13.318703,202.71388
2021-03-03,1.6096191,14.523781,212.74274
2021-03-04,1.704956,13.806984,213.61221
2021-03-05,1.690918,13.454445,214.49348
2021-03-06,1.541748,12.5613785,218.49289
2021-03-07,1.4106445,11.928566,217.15628
2021-03-08,1.3890095,14.077492,206.50899
2021-03-09,1.4794922,12.579445,231.70818
2021-03-10,1.5794315,16.186867,239.65836
2021-03-12,1.6677246,13.160988,239.50032
2021-03-13,1.8192806,14.947853,217.03137
2021-03-14,1.8718262,14.37632,211.79347
2021-03-15,1.8444824,13.53257,209.74617
2021-03-16,1.8415527,12.772316,201.38403
2021-03-17,1.7005615,12.328468,198.56429
2021-03-18,1.4553223,11.52964,201.77646
2021-03-19,1.4280157,12.773781,193.63496
2021-03-20,1.5302734,16.075539,193.57921
2021-03-21,1.6881104,14.408546,202.80942
2021-03-22,1.8571777,16.442726,205.4363
2021-03-23,1.8577881,16.327492,205.16554
2021-03-24,1.8001709,14.795265,200.83093
2021-03-25,1.7414551,13.231056,199.24393
2021-03-26,1.7445068,13.18882,198.52739
2021-03-27,1.6617432,14.574806,195.32108
2021-03-28,1.6968508,14.055275,196.21275
2021-03-29,1.8737793,15.805275,195.893
2021-03-30,2.0776367,15.087746,198.53761
2021-03-31,2.1118164,14.960793,196.27567
2021-04-01,2.3167725,16.314804,196.1207
2021-04-02,2.364624,15.9798355,197.70433
2021-04-03,2.3170166,15.449074,197.80069
2021-04-04,2.0473633,14.565529,196.62521
2021-04-05,1.75354,13.377785,198.78333
2021-04-06,1.6022949,13.963722,205.74086
2021-04-07,1.6281738,13.460793,200.91872
2021-04-08,1.5355225,13.187843,198.36829
2021-04-09,1.5844717,11.690285,181.31654
2021-04-10,1.6201172,10.996925,177.22008
2021-04-11,1.5936718,9.360695,175.27528
2021-04-12,1.6607666,17.489113,188.23807
2021-04-13,1.9085693,16.483742,195.5242
2021-04-14,2.0020323,15.855324,197.60208
2021-04-15,1.9970703,15.669777,197.76677
2021-04-16,1.9902344,14.934425,197.85332
2021-04-17,1.9360352,14.271828,198.95345
2021-04-18,1.935669,13.069679,201.02794
2021-04-19,2.1695557,17.347023,200.84557
2021-04-20,2.185791,16.330421,200.69414
2021-04-21,2.6315918,17.644386,198.96886
2021-04-22,2.7514648,16.538918,196.7444
2021-04-23,2.6281738,15.878273,194.6669
2021-04-24,2.194807,14.4188,190.60246
2021-04-25,1.9359131,13.020851,182.18036
2021-04-26,1.6357422,10.805031,177.52444
2021-04-27,1.9291992,15.853859,199.34396
2021-04-28,2.3914795,14.923195,200.88004
2021-04-29,2.4500732,15.615578,201.45203
2021-04-30,2.4263916,15.340675,201.57133
2021-05-01,2.1313477,14.563332,201.27483
2021-05-02,1.8148193,13.350441,200.17256
2021-05-03,1.8500977,13.540871,199.40651
2021-05-04,2.0,13.516457,193.55197
2021-05-05,1.894165,12.65464,187.54918
2021-05-06,1.5178223,11.669289,188.62115
2021-05-07,1.4504395,16.347511,218.55762
2021-05-08,1.6851873,15.174171,189.82019
2021-05-09,1.7263184,15.25425,195.64374
2021-05-10,2.25,15.598488,199.62175
2021-05-11,2.2897024,14.883888,199.84212
2021-05-12,2.2077637,14.045265,193.94766
2021-05-13,2.012329,13.246925,190.45293
2021-05-14,2.2021484,16.087746,198.39247
2021-05-15,2.342163,14.899757,200.49963
2021-05-16,2.5478516,17.35093,197.8059
2021-05-17,2.6564941,16.250343,198.08449
2021-05-18,2.508545,15.433937,199.6149
2021-05-19,2.8670654,17.505714,198.82164
2021-05-20,2.9958496,16.635597,197.8644
2021-05-21,2.8359375,15.997414,197.91638
2021-05-22,2.6036377,14.971535,193.39124
2021-05-23,2.394043,14.3895035,186.71376
2021-05-24,2.0812645,13.773781,186.9306
2021-05-25,2.027832,13.848,189.83733
2021-05-26,1.8662176,12.944679,188.65492
2021-05-27,1.8178711,15.784523,201.14832
2021-05-28,1.8867188,14.568703,200.50603
2021-05-29,1.9086914,13.453957,191.65175
2021-05-30,1.9643555,19.044777,190.57872
2021-05-31,2.4439697,16.085793,202.12372
2021-06-01,2.5358877,15.2488785,199.94232
2021-06-02,2.5266113,14.968117,199.67358
2021-06-03,2.3215332,14.602882,193.63176
2021-06-04,2.1135254,14.079445,186.58986
2021-06-05,1.9406738,13.572609,185.79823
2021-06-06,1.7542725,13.361671,188.55504
2021-06-07,1.5927734,13.418312,191.88493
2021-06-08,1.5598145,13.374855,193.66446
2021-06-09,1.5048828,12.549171,190.45862
2021-06-10,1.4354248,16.840675,184.36685
2021-06-11,2.335205,15.065285,183.90898
2021-06-12,2.3374023,14.853859,184.50888
2021-06-13,2.2279053,13.382668,185.40216
2021-06-14,2.097046,14.787697,189.81816
2021-06-15,1.904315,14.366066,197.57834
2021-06-16,1.6010742,13.221535,197.64066
2021-06-17,1.9703369,11.858742,188.53157
2021-06-18,1.9555664,11.75132,188.52975
2021-06-19,2.1843262,17.410011,197.44043
2021-06-20,2.44104,16.037941,195.19026
2021-06-21,2.4151611,15.9485855,195.60219
2021-06-22,2.3686523,15.908058,193.93008
2021-06-23,2.339116,15.602882,192.62807
2021-06-24,2.0736084,14.532082,191.35008
2021-06-25,2.40271,15.750587,187.75798
2021-06-26,2.4414062,14.929054,187.63655
2021-06-27,2.253296,14.304054,187.11568
2021-06-28,1.8608398,13.428566,182.68279
2021-06-29,1.8866234,14.806984,179.41905
2021-06-30,1.8673096,13.735207,184.13942
2021-07-01,2.1463623,15.320168,197.8303
2021-07-02,2.340332,14.951027,199.99138
2021-07-03,2.3261719,15.2938,200.36096
2021-07-04,2.1357422,15.288918,199.667
2021-07-05,2.0723877,13.522316,188.23361
2021-07-06,2.333252,17.152199,184.30225
2021-07-07,2.4047737,16.587257,190.36977
2021-07-08,2.5393066,14.976418,193.43225
2021-07-09,2.5205078,14.81675,194.01816
2021-07-10,2.4886475,16.2938,193.17111
2021-07-11,2.5600262,15.973,193.7288
2021-07-12,2.7093506,17.420753,192.93806
2021-07-13,2.7904053,16.147804,192.12936
2021-07-14,2.6574707,15.140968,191.47469
2021-07-15,2.5872803,16.398285,186.34697
2021-07-16,2.413208,14.924171,181.55406
2021-07-17,2.0671387,13.607277,177.18785
2021-07-18,1.7928467,12.653175,173.24501
2021-07-19,1.8476343,14.6688,184.64066
2021-07-20,1.8415527,14.539406,185.20969
2021-07-21,1.7486572,13.231789,183.68527
2021-07-22,2.1638184,14.475441,194.13634
2021-07-23,2.4378595,13.949074,198.78362
2021-07-24,2.418579,13.84214,199.12097
2021-07-25,2.1518555,17.415382,196.33003
2021-07-26,2.2122488,15.712257,194.15831
2021-07-27,2.1877441,15.284035,193.97119
2021-07-28,1.9675293,14.253761,186.67532
2021-07-29,1.7924805,13.316994,175.3574
2021-07-31,1.9748535,15.991554,178.57162
2021-08-01,2.2183838,15.182472,188.08093
2021-08-02,2.226881,14.996925,188.74246
2021-08-03,2.0703125,14.476173,186.13365
2021-08-04,1.666626,13.379982,179.14317
2021-08-05,1.4748535,15.255714,183.82968
2021-08-06,1.5924072,14.192238,185.2022
2021-08-07,1.7016602,13.579445,186.33777
2021-08-08,1.8222656,12.982765,176.09135
2021-08-09,1.8736572,15.3392105,174.7304
2021-08-10,2.0563965,14.370216,182.09683
2021-08-11,2.0700684,14.078224,182.48085
2021-08-12,1.9881592,13.517921,182.57335
2021-08-13,1.9000244,14.234718,186.33847
2021-08-14,1.7529297,13.5355,187.84666
2021-08-15,1.7922363,14.140968,196.15431
2021-08-16,1.9309082,13.014015,198.65938
2021-08-17,2.4555664,17.619972,208.77391
2021-08-18,2.5135498,16.723488,210.79898
2021-08-19,2.4178505,15.978371,210.7936
2021-08-20,2.2023287,14.528175,207.52277
2021-08-21,1.9527588,13.381691,200.10495
2021-08-22,1.7861328,12.31675,188.0695
2021-08-23,1.640625,8.5110855,175.79036
2021-08-24,1.7762451,8.416359,175.94582
2021-08-25,2.1243896,9.464699,170.81895
2021-08-26,2.192505,10.173683,170.00102
2021-08-30,1.6341553,15.023293,170.27354
2021-08-31,1.5595703,14.38755,173.16515
2021-09-01,1.385498,12.61216,183.62204
2021-09-02,1.4796143,11.885597,187.1262
2021-09-03,1.7556152,17.180763,190.35306
2021-09-04,2.0872803,15.900734,191.0988
2021-09-05,2.375,14.555031,187.95538
2021-09-06,2.364746,14.488136,188.04425
2021-09-07,2.0581055,13.394386,185.37813
2021-09-08,2.121665,10.021828,170.05342
2021-09-09,2.121338,11.196632,170.18184
2021-09-10,2.211791,10.799171,173.07881
2021-09-11,2.3988037,17.966652,192.09781
2021-09-12,2.8615723,17.160011,198.0063
2021-09-13,2.8850098,16.966164,197.73694
2021-09-14,2.7200928,16.24253,194.91092
2021-09-15,2.5682373,14.9520035,190.95099
2021-09-16,2.480835,14.622414,184.89282
2021-09-17,2.2973633,14.054298,180.5664
2021-09-18,1.9156494,13.331398,177.0323
2021-09-19,1.7088556,14.524025,175.29742
2021-09-20,1.6279297,14.266701,178.01614
2021-09-21,1.7258301,8.888527,178.10466
2021-09-22,1.7143145,9.48008,174.82674
2021-09-23,1.7023926,9.498146,174.07848
2021-09-24,1.8320312,15.757179,182.14217
2021-09-25,2.1645508,14.941261,194.42256
2021-09-26,2.1686296,14.867531,195.0013
2021-09-27,2.036621,14.004738,196.91437
2021-09-28,2.0252495,13.966652,196.99606
2021-09-29,1.9445801,13.3113785,198.31148
2021-09-30,1.6340332,12.279152,197.4705
2021-10-01,1.5593262,17.601906,197.79773
2021-10-02,1.847168,15.539406,199.24466
2021-10-03,1.9970703,14.885109,193.93073
2021-10-04,2.355713,15.00132,183.03667
2021-10-05,2.3868084,14.736671,180.06638
2021-10-06,2.3360596,14.76255,179.65834
2021-10-07,2.064331,13.51841,176.65384
2021-10-08,1.7741699,10.922707,172.729
2021-10-09,1.8459473,17.77671,186.3404
2021-10-10,2.173462,16.338234,196.84775
2021-10-11,2.2816162,15.394875,197.43253
2021-10-12,2.2694092,15.352882,197.62753
2021-10-13,2.1379395,14.921974,194.00124
2021-10-14,2.1344595,14.089455,184.40027
2021-10-15,2.137085,13.842384,184.18294
2021-10-16,1.9929199,13.274757,178.8234
2021-10-17,1.7746582,13.174904,176.3841
2021-10-18,1.8091478,11.302834,174.30565
2021-10-19,1.8068848,11.067238,173.01683
2021-10-21,1.5095215,9.998146,170.29723
2021-10-22,1.3977051,9.732765,173.41531
2021-10-23,1.994751,17.442238,196.77068
2021-10-24,2.2983627,15.945168,196.82832
2021-10-25,2.2607422,15.256691,196.34811
2021-10-26,2.0916224,14.141457,190.3503
2021-10-27,1.970954,13.138039,184.32506
2021-10-28,1.8271484,14.64048,191.00735
2021-10-29,1.861084,13.625343,232.79477
2021-10-30,1.8848877,17.246925,239.40007
2021-11-01,1.8133974,15.380714,221.59416
2021-11-02,1.9455566,14.4363785,219.668
2021-11-03,1.9398193,14.273781,219.56496
2021-11-04,1.7566586,13.324074,215.9393
2021-11-05,1.8884277,13.537453,203.44556
2021-11-06,2.1175537,15.806984,205.88045
2021-11-07,2.1376953,15.175148,206.15073
2021-11-08,2.0478516,14.388039,203.6105
2021-11-09,1.8128662,13.246925,197.44536
2021-11-10,1.786499,17.204445,209.55753
2021-11-11,1.8400879,15.640968,206.65755
2021-11-12,1.8380127,15.334328,206.2018
2021-11-13,1.901001,14.1707535,192.4079
2021-11-14,1.9057617,14.090675,192.69582
2021-11-15,1.970459,15.197609,191.67564
2021-11-16,1.9846191,14.654152,192.33838
2021-11-17,1.9448242,14.2471695,191.95432
2021-11-18,1.7636719,13.562599,185.6607
2021-11-19,1.5626221,13.009621,181.0941
2021-11-20,1.5517578,12.930031,176.6063
2021-11-21,1.5183105,12.415138,177.52412
2021-11-22,1.4960938,11.683937,174.25714
2021-11-23,1.2886963,10.272316,175.97084
2021-11-24,1.2089844,13.2298355,179.60654
2021-11-25,1.3859863,15.132179,180.63748
2021-11-26,1.3935547,14.243996,178.5879
2021-11-27,1.3723145,13.099953,176.26244
2021-11-28,1.2410889,11.754738,170.03215
2021-11-29,1.3894043,14.728615,192.42978
2021-11-30,1.5378408,13.397072,194.13481
2021-12-01,1.5484991,13.180519,192.59424
2021-12-02,1.4963379,13.90464,194.3677
2021-12-03,1.5913086,13.728127,195.12668
2021-12-04,1.6260986,13.120949,194.53516
2021-12-05,1.6992464,14.223488,195.29924
2021-12-06,1.7354908,13.566261,195.69913
2021-12-07,1.6982422,13.1673355,197.88304
2021-12-08,1.7033691,14.314308,201.08345
2021-12-09,1.838501,14.248146,198.39091
2021-12-10,1.8347168,14.128029,198.30222
2021-12-11,1.6911621,13.227882,195.64507
2021-12-12,1.4946289,12.471046,193.66924
2021-12-13,1.5802002,15.960793,193.43414
2021-12-14,1.6481934,14.572121,193.13406
2021-12-15,1.6494141,14.345314,192.64944
2021-12-16,1.6031494,13.43174,190.13377
2021-12-17,1.4886475,12.46299,189.26433
2021-12-18,1.4912109,15.1238785,212.736
2021-12-19,1.5318604,15.1707535,234.72884
2021-12-20,1.4912109,14.529884,233.4042
2021-12-21,1.4580078,14.20005,224.29172
2021-12-22,1.3725586,13.291115,205.98741
2021-12-23,1.4129639,13.148781,206.96585
2021-12-24,1.4143066,13.10923,207.03528
2021-12-25,1.3931885,12.2176285,206.92793
2021-12-26,1.329956,11.4363785,197.48935
2021-12-27,1.3372803,13.524269,207.58742
2021-12-28,1.3560791,13.238136,208.50494
2021-12-29,1.3378906,13.152687,209.7662
2021-12-30,1.5306396,14.584084,206.53185
2021-12-31,1.7097168,13.65464,204.34966
2022-01-01,1.7121582,13.546242,204.1607
2022-01-02,1.6477051,13.181496,202.45924
2022-01-03,1.4696045,12.328957,200.03175
2022-01-04,1.3151855,11.318703,196.45453
2022-01-05,1.5258789,13.107277,204.75426
2022-01-06,1.5891113,13.206886,205.0394
2022-01-07,1.5576172,13.183937,196.57927
2022-01-08,1.5263672,14.484718,191.6592
2022-01-09,1.4506836,13.134132,197.43039
2022-01-10,1.3962402,12.179054,211.21112
2022-01-11,1.3509521,14.408546,206.61458
2022-01-12,1.3400879,12.394875,205.12169
2022-01-13,1.5554199,14.815773,205.03941
2022-01-14,1.6331787,13.543068,201.93849
2022-01-15,1.7038574,16.9188,211.13438
2022-01-16,1.8781738,15.072609,228.18907
2022-01-17,1.8803711,15.000832,228.7742
2022-01-18,1.7288818,13.775002,239.88554
2022-01-19,1.6196289,13.074562,227.4492
2022-01-20,1.5529785,13.250832,236.0726
2022-01-21,2.0952148,14.867531,221.77512
2022-01-22,1.777832,13.203957,195.58792
2022-01-23,1.6733398,13.226418,189.5826
2022-01-24,1.6647949,13.263039,189.73573
2022-01-25,1.5341797,12.407082,195.35966
2022-01-26,1.4370117,11.895851,190.52364
2022-01-27,1.5856934,19.561867,211.28494
2022-01-28,1.7327881,17.928078,230.90385
2022-01-29,1.694458,16.778175,233.68872
2022-02-01,1.883544,14.463722,239.24315
2022-02-02,1.8395996,13.908058,223.07567
2022-02-03,2.2314453,14.23716,204.9401
2022-02-04,1.6669092,11.990578,203.33105
2022-02-05,1.6052246,14.580666,206.3463
2022-02-06,1.5672283,14.019875,204.97327
2022-02-07,1.5465555,12.379738,224.10219
2022-02-08,1.6535645,14.703957,225.28624
2022-02-09,1.6896973,14.068214,216.1797
2022-02-10,1.6791992,13.940285,216.11055
2022-02-11,1.8950195,13.539406,209.97661
2022-02-12,1.9002686,13.510597,209.51582
2022-02-13,1.7163544,12.611671,209.68816
2022-02-14,1.4933186,12.226418,214.34004
2022-02-15,1.7333984,15.452492,223.43594
2022-02-16,1.940918,14.617531,223.52652
2022-02-17,1.829956,13.832375,213.77704
2022-02-18,1.608345,13.066261,203.44083
2022-02-19,1.3961182,12.260109,193.82326
2022-02-20,1.3122559,18.366066,204.1882
2022-02-21,1.6522484,15.965187,219.97047
2022-02-22,1.7112904,16.08921,220.37544
2022-02-23,1.6618757,15.808449,224.67496
2022-02-24,1.5229692,14.226418,204.27449
2022-02-25,1.383667,9.357277,196.01744
2022-02-26,1.3276987,13.177101,209.7122
2022-02-27,1.2976074,12.045265,200.75346
2022-02-28,1.2973633,12.009132,199.50908
2022-03-01,1.5152588,8.902199,190.14912
2022-03-02,1.7338867,19.85923,207.58638
2022-03-03,1.9388428,17.75718,217.63306
2022-03-04,1.9910889,17.467628,214.87265
2022-03-05,1.8942862,15.661964,208.79985
2022-03-06,1.6551514,13.697609,217.76862
2022-03-07,1.7034912,14.135597,230.54759
2022-03-08,1.8092041,13.619484,213.58951
2022-03-09,1.7180176,12.986671,204.23018
2022-03-10,1.6757812,12.003273,197.14355
2022-03-11,1.5039062,15.584816,202.38484
2022-03-12,1.8164062,14.250832,199.47664
2022-03-13,1.831419,13.843117,199.27013
2022-03-14,1.7587891,13.003273,200.06335
2022-03-15,1.7249966,13.474464,207.51576
2022-03-16,1.7230225,13.477882,207.1809
2022-03-17,1.6193848,12.648293,206.42413
2022-03-18,1.5496826,14.39341,207.55548
2022-03-19,1.6367188,17.761086,229.52582
2022-03-20,1.7148438,13.556007,228.4302
2022-03-21,1.6094971,14.127785,226.48781
2022-03-22,1.6125488,13.1517105,204.04256
2022-03-23,1.7463379,12.375832,205.17986
2022-03-24,1.8571777,14.887062,195.2659
2022-03-25,1.881958,14.706886,192.04742
2022-03-26,1.9564209,14.478859,190.73543
2022-03-27,1.7983398,13.9642105,191.55908
2022-03-28,1.7937012,13.75132,186.75159
2022-03-29,1.8649216,15.166359,196.03496
2022-03-30,1.9528809,14.428078,196.18542
2022-03-31,1.9085693,13.742775,196.07887
2022-04-01,1.9108887,13.550148,190.30156
2022-04-02,1.9523926,13.601906,190.29758
2022-04-03,1.829834,11.77256,180.63483
2022-04-04,1.9549074,15.070168,186.81705
2022-04-05,2.0125332,15.1048355,187.15846
2022-04-06,1.8868408,14.289894,191.43117
2022-04-07,1.8555908,13.413918,190.27147
2022-04-08,2.0158691,13.780617,189.44759
2022-04-09,1.9692383,14.726906,192.39185
2022-04-10,1.8181152,13.768898,195.60193
2022-04-11,2.1168213,15.035011,210.84377
2022-04-12,2.2149658,14.60923,205.89983
2022-04-13,2.3131104,14.660011,196.1941
2022-04-14,2.199463,14.322121,189.06624
2022-04-15,1.933775,13.437599,178.6186
2022-04-16,1.7739258,13.655617,178.05553
2022-04-17,1.7835693,16.545265,191.09076
2022-04-18,2.118164,15.036476,198.56218
2022-04-19,2.1108541,14.915382,198.56148
2022-04-20,1.9256592,13.789406,196.7577
2022-04-21,1.7885742,13.198097,195.0807
2022-04-22,2.1245117,16.20298,192.50172
2022-04-23,2.1575928,15.242043,193.02763
2022-04-24,2.064004,14.464699,191.7525
2022-04-25,1.9818115,16.916847,197.65686
2022-04-26,1.9403076,15.989113,199.44443
2022-04-27,1.9624023,14.787941,221.94943
2022-04-28,2.0583496,13.469093,209.97284
2022-04-29,2.124878,12.951515,203.4788
2022-04-30,2.1285448,12.986671,203.35349
2022-05-01,2.081543,14.27964,202.69942
2022-05-02,1.8005371,12.894875,195.70857
2022-05-03,1.9176025,18.191261,189.48842
2022-05-04,2.111206,16.577003,191.30707
2022-05-05,2.2454834,17.162941,198.76857
2022-05-06,2.2680664,16.45005,199.80504
2022-05-07,2.1236572,14.952492,201.2117
2022-05-08,1.9533691,14.10923,198.57823
2022-05-09,1.8953857,13.172218,190.82591
2022-05-10,1.918335,17.812355,192.57974
2022-05-11,1.7696533,15.716164,197.90512
2022-05-12,1.7926025,13.372902,197.0428
2022-05-13,1.9094238,13.97007,201.41548
2022-05-14,2.0616455,16.722511,203.75839
2022-05-15,2.248828,15.893898,203.86191
2022-05-16,2.2004395,15.134621,203.53064
2022-05-17,2.130249,17.166847,206.0961
2022-05-18,2.2001953,16.22007,208.02678
2022-05-19,2.2907715,14.402199,206.00847
2022-05-20,2.4329834,13.658058,200.12663
2022-05-21,2.432495,13.630226,199.67487
2022-05-22,2.1031466,12.710793,194.3334
2022-05-23,1.9227295,13.071632,193.11151
2022-05-24,2.2801514,15.972023,191.76407
2022-05-25,2.2810059,15.920265,191.71127
2022-05-26,1.9589643,14.3270035,188.38313
2022-05-27,1.6942139,13.284523,186.48648
2022-05-28,1.6633034,12.492531,181.01562
2022-05-29,1.7640381,17.293312,195.391
2022-05-30,1.8347168,16.179543,201.81769
2022-05-31,1.7734375,15.396828,199.63931
2022-06-01,1.8405762,15.278175,189.71983
2022-06-02,1.9748535,16.061378,195.44588
2022-06-03,1.9777832,15.985695,195.4069
2022-06-04,1.8344727,14.553566,196.13737
2022-06-05,1.5592041,13.06089,191.23216
2022-06-06,1.7166748,14.9188,189.27155
2022-06-07,1.8083496,13.471046,190.3132
2022-06-08,1.8441162,11.436867,182.94867
2022-06-09,1.8267927,11.314308,182.8079
2022-06-10,1.6318426,14.328957,179.86844
2022-06-11,1.5300293,12.919777,183.63112
2022-06-12,1.4747314,12.333351,184.6067
2022-06-13,1.6466064,14.845558,196.41173
2022-06-14,2.286499,14.822853,205.2193
2022-06-15,2.232666,14.214699,203.19617
2022-06-16,2.0130615,13.135597,189.61998
2022-06-17,1.8933105,12.67173,181.5717
2022-06-18,1.8505859,9.511574,171.83792
2022-06-20,1.6195068,9.226906,170.508
2022-06-21,1.6950684,12.231789,170.16628
2022-06-22,1.7508545,17.729836,194.26262
2022-06-23,1.8395996,16.153664,191.89702
2022-06-24,1.7972412,15.806496,192.36923
2022-06-25,1.9761963,13.241554,181.32896
2022-06-26,2.015503,12.743019,183.79008
2022-06-27,2.0231934,15.3426285,188.62553
2022-06-28,2.0742188,14.689796,187.6531
2022-06-29,2.0246582,14.443703,184.69264
2022-06-30,2.05542,15.826027,182.77562
2022-07-01,1.8260498,14.36216,178.25574
2022-07-02,1.6131592,8.940773,172.15959
2022-07-03,1.3585205,8.505714,170.20763
2022-07-04,1.4447021,18.43003,171.57378
2022-07-05,1.7124023,16.285988,176.92816
2022-07-06,2.1229248,14.980324,179.4633
2022-07-07,2.1323242,14.350929,179.09686
2022-07-08,2.1115723,14.26841,179.18077
2022-07-09,2.1219482,16.201515,178.16393
2022-07-10,2.1420898,15.4173355,179.77278
2022-07-11,1.979248,14.152687,179.5679
2022-07-12,2.3687744,14.737648,188.19067
2022-07-13,2.4283447,14.641945,188.52115
2022-07-14,2.2036133,17.28843,192.5745
2022-07-15,2.2249756,16.178566,187.73964
2022-07-16,2.2233887,9.645851,175.31656
2022-07-17,2.7269287,17.524757,182.1313
2022-07-18,2.8146973,16.400246,183.71243
2022-07-19,2.6793213,15.727394,181.59302
2022-07-20,2.1394043,14.1829605,176.27856
2022-07-21,1.7192383,10.069679,173.64944
2022-07-22,1.7661133,14.3895035,178.30948
2022-07-23,1.7718506,13.608986,179.43872
2022-07-24,1.7183838,15.896828,192.29684
2022-07-25,1.7995605,15.763527,196.18654
2022-07-26,1.7877197,14.661476,196.65108
2022-07-27,1.5546875,12.87632,191.03175
2022-07-28,1.5653076,14.54673,178.00801
2022-07-29,2.0336914,16.413918,178.42557
2022-07-30,2.1671143,15.619484,178.23723
2022-07-31,2.123291,14.372414,174.86018
2022-08-01,1.8269043,13.45298,176.97533
2022-08-02,1.777832,15.861671,181.60208
2022-08-03,2.0908203,16.111183,188.94731
2022-08-04,2.0910406,15.960304,189.45587
2022-08-05,1.9746094,14.371437,186.7286
2022-08-06,1.7354736,9.846046,176.7451
2022-08-07,1.5997314,8.8704605,171.0037
2022-08-08,1.8209229,8.8548355,172.36984
2022-08-09,1.96696,10.152199,172.96155
2022-08-10,1.9589844,10.321632,172.82504
2022-08-11,2.119995,16.094093,194.67554
2022-08-12,2.1163568,15.966164,195.3675
2022-08-13,1.9608154,14.391457,194.19797
2022-08-14,2.1036377,14.922218,190.19707
2022-08-15,2.4910889,15.899269,184.34727
2022-08-16,2.8381348,17.281105,185.3746
2022-08-17,2.8572998,17.18296,185.44147
2022-08-18,2.7174072,15.218605,182.98593
2022-08-19,2.3513184,14.055519,175.525
2022-08-20,2.0860596,13.275246,172.76067
2022-08-21,1.9119091,15.219093,175.233
2022-08-22,1.9267578,16.453957,187.16321
2022-08-23,1.9364014,14.900246,193.28192
2022-08-24,2.0935059,16.146828,197.8096
2022-08-25,2.3273926,15.801613,199.44359
2022-08-26,2.3103027,15.548195,198.67523
2022-08-27,1.9561768,14.274269,194.28253
2022-08-28,1.6574707,13.2332535,190.86046
2022-08-29,1.6077881,16.733253,186.47694
2022-08-30,1.7075195,14.494484,187.66412
2022-08-31,1.876709,13.445656,193.22952
2022-09-01,1.878418,13.394875,193.7543
2022-09-02,1.7935791,12.430031,183.90952
2022-09-03,1.7952881,17.357277,181.39325
2022-09-04,2.092163,15.911476,191.03465
2022-09-05,2.0932617,15.865089,191.20483
2022-09-06,1.873169,14.533546,189.29218
2022-09-07,2.0654297,14.520851,195.73032
2022-09-08,2.1243896,13.16172,186.93619
2022-09-09,2.2561035,15.585793,185.80956
2022-09-10,2.475586,14.611183,184.0301
2022-09-11,2.3376465,13.250832,181.54832
2022-09-12,2.1397705,17.835304,181.25629
2022-09-13,2.3669434,17.00425,184.43819
2022-09-14,2.3259277,16.008644,182.98495
2022-09-15,2.317871,16.466164,183.07436
2022-09-16,2.4263916,15.93589,185.46208
2022-09-17,2.3504639,16.320168,191.24112
2022-09-18,2.315918,15.827492,193.78499
2022-09-19,1.9038086,14.40464,191.3747
2022-09-20,1.8327637,12.584328,178.09424
2022-09-21,1.829834,12.523781,177.72417
2022-09-22,1.9399414,9.294289,172.44409
2022-09-23,2.0976562,16.255714,174.19284
2022-09-24,2.0809326,16.092628,174.8915
2022-09-25,2.1783447,15.259132,178.7092
2022-09-26,2.3476057,15.2142105,183.84775
2022-09-27,2.3696795,14.729347,183.0564
2022-09-28,2.2460938,14.002785,177.71072
2022-09-29,1.8991699,13.221535,172.40057
2022-10-01,1.7189512,9.514992,170.08185
2022-10-02,2.1568394,15.9051285,200.43521
2022-10-03,2.2659512,15.347511,201.76218
2022-10-04,2.0673828,14.450539,200.40047
2022-10-05,2.16687,15.6238785,195.08183
2022-10-06,1.9996338,13.982277,194.26994
2022-10-07,1.8303223,13.116066,191.70436
2022-10-08,1.6337891,12.179543,187.62207
2022-10-09,1.8968506,15.76841,198.0719
2022-10-10,1.9484863,14.977394,198.15668
2022-10-11,1.9180908,14.168312,197.00835
2022-10-12,1.873169,13.181984,189.84616
2022-10-13,1.9083252,16.505226,185.628
2022-10-14,2.069458,16.716652,186.94734
2022-10-15,1.9912109,13.755226,183.24936
2022-10-16,1.9814453,13.486183,181.49353
2022-10-17,1.8935547,13.870949,180.95438
2022-10-18,1.6337891,12.464699,182.1388
2022-10-19,1.5415039,12.335793,184.01636
2022-10-20,1.4522705,18.340187,191.0093
2022-10-21,2.0993652,16.284523,201.7324
2022-10-22,2.1746998,15.910988,201.63054
2022-10-23,1.9836426,14.610695,201.13335
2022-10-24,1.649292,13.146095,195.97337
2022-10-25,1.5758057,12.206886,195.02365
2022-10-26,1.5738525,12.201027,195.46938
2022-10-27,1.5418701,13.667824,196.39226
2022-10-28,1.5206299,12.121437,189.51743
2022-10-29,1.5192871,12.111183,189.88486
2022-10-30,1.4882812,14.1360855,197.13728
2022-10-31,1.5878906,13.453468,197.2774
2022-11-01,1.5935059,14.1707535,196.93446
2022-11-02,1.6138916,13.974953,194.29596
2022-11-03,1.6531982,13.006447,196.23532
2022-11-04,2.0039062,14.866554,194.64134
2022-11-05,2.0117188,14.875587,194.71886
2022-11-06,1.940958,13.553566,199.03947
2022-11-07,1.5544434,11.831398,199.37271
2022-11-08,1.4390869,12.098488,194.29048
2022-11-09,1.3859863,11.8738785,207.89307
2022-11-10,1.3935547,11.267433,208.72075
2022-11-11,1.5097656,12.977394,199.33873
2022-11-12,1.5252371,12.700539,198.34518
2022-11-13,1.4511719,11.818703,197.14084
2022-11-14,1.3976498,14.512062,203.50166
2022-11-15,1.4287281,12.974464,199.47845
2022-11-16,1.7149658,13.555519,192.70322
2022-11-17,1.588623,12.941261,193.3493
2022-11-18,1.7912226,17.41587,200.18474
2022-11-19,2.4049072,15.867043,202.16777
2022-11-20,2.3911133,15.494484,201.91876
2022-11-21,2.2745361,14.675148,199.13521
2022-11-22,2.2722168,16.860939,198.28212
2022-11-23,2.3564453,15.770851,198.52718
2022-11-24,2.152832,14.573097,197.86339
2022-11-25,1.7147217,13.084328,195.27458
2022-11-26,1.3903809,11.67173,193.29727
2022-11-27,1.449707,13.51255,196.29955
2022-11-28,1.447998,13.459816,196.75006
2022-11-29,1.5767822,14.265968,200.53287
2022-11-30,1.6740723,13.155617,201.34431
2022-12-01,1.6900635,13.158058,201.6022
2022-12-02,1.5252686,12.43882,212.44243
2022-12-03,1.2007306,12.183937,219.08606
2022-12-04,1.1680908,13.309914,197.75827
2022-12-05,1.1610941,13.035988,198.19128
2022-12-06,1.2559814,11.864113,210.87674
2022-12-07,1.2556152,11.824562,212.4737
2022-12-08,1.1831055,15.856789,238.98233
2022-12-09,1.1538086,14.446632,236.2449
2022-12-10,1.152832,14.406105,236.00139
2022-12-11,1.1173096,13.183937,223.547
2022-12-12,1.2241211,12.876808,211.18524
2022-12-13,1.3439941,11.927101,204.56403
2022-12-14,1.312501,11.461037,203.91536
2022-12-15,1.2473145,10.978371,208.89957
2022-12-16,1.3739014,14.199562,221.34537
2022-12-17,1.5471535,13.246437,214.42554
2022-12-18,1.5894775,13.14048,209.41815
2022-12-19,1.4954176,12.54966,208.85258
2022-12-20,1.503418,14.194679,204.77374
2022-12-21,1.6405897,13.485695,201.55675
2022-12-22,1.6062012,13.157082,200.36151
2022-12-23,1.5111084,12.740089,201.81464
2022-12-24,1.4074707,11.52964,190.439
2022-12-25,1.7276611,13.554543,195.14856
2022-12-26,1.8503418,12.2957535,204.49246
2022-12-27,1.8029785,12.039894,207.08759
2022-12-28,1.7906494,14.70005,216.61159
2022-12-29,1.942749,13.449562,205.7429
2022-12-30,1.9500723,13.242043,206.2931
2022-12-31,1.7590322,12.01841,212.19557
2023-01-01,1.6817627,13.846291,220.57707
2023-01-02,1.6973877,13.672218,220.36795
2023-01-03,1.6953125,13.622414,219.79567
2023-01-04,1.5886221,12.856789,217.11163
2023-01-05,1.5234375,14.757423,217.71059
2023-01-06,1.6520996,13.294777,212.35303
2023-01-07,1.7327881,16.096535,219.34113
2023-01-08,1.7912598,14.937355,239.17612
2023-01-12,1.9533691,13.415382,239.5679
2023-01-13,1.9385738,13.521828,223.3057
2023-01-14,1.7868652,12.872414,224.16508
2023-01-15,1.5858278,12.068214,239.88066
2023-01-23,1.6599121,13.786964,232.10341
2023-01-24,2.020172,14.974464,222.20346
2023-01-25,2.1224356,14.9832535,222.8364
2023-01-26,1.8415527,13.443214,222.98892
2023-01-27,1.8260498,13.732765,231.98541
2023-01-28,2.0587158,13.452492,230.4378
2023-01-29,2.0361328,17.64048,231.81934
2023-01-30,1.84375,14.490089,238.77602
2023-01-31,1.8435059,14.472023,238.37306
2023-02-01,1.756958,15.116066,216.74295
2023-02-02,1.8927002,14.364113,217.45332
2023-02-03,1.9550781,13.5926285,218.46121
2023-02-04,1.9494629,13.479347,219.21133
2023-02-05,1.826416,12.847023,226.4246
2023-02-06,1.8186483,14.849464,239.63232
2023-02-07,1.8557129,13.931007,216.46228
2023-02-08,1.8603516,13.726418,214.70604
2023-02-09,1.7791748,13.224464,211.0394
2023-02-10,1.5846672,12.365089,210.19263
2023-02-11,1.5476074,13.452492,207.95451
2023-02-12,1.9260254,14.681007,206.21974
2023-02-13,2.0334473,13.624855,206.34387
2023-02-14,2.0439453,13.485207,206.88313
2023-02-15,2.0322266,13.688332,203.51593
2023-02-16,1.8222656,13.559425,210.3647
2023-02-17,1.5854864,13.059425,211.37376
2023-02-18,1.5249748,11.758156,209.48918
2023-02-19,1.5576696,14.047218,223.39894
2023-02-20,1.5639648,13.4051285,238.97797
2023-02-22,1.6014977,16.843117,239.57831
2023-02-23,1.5874166,15.57798,226.57301
2023-02-24,1.6210938,13.560402,205.56323
2023-02-25,1.5307617,13.300148,204.101
2023-02-26,1.3496094,12.013527,194.06384
2023-02-27,1.3146973,11.861671,191.57924
2023-02-28,1.5253906,13.54966,211.92398
2023-03-01,1.623169,13.85923,203.2294
2023-03-02,1.6082764,15.7957535,199.90393
2023-03-03,1.5441895,14.890968,199.28142
2023-03-04,1.5488281,13.524269,194.80542
2023-03-05,1.684082,13.928078,201.97064
2023-03-06,1.6901855,13.463234,202.4461
2023-03-07,1.6885986,13.12339,204.48866
2023-03-08,1.6049805,12.380226,214.51726
2023-03-09,1.5513916,11.972023,228.30519
2023-03-10,1.5631332,14.563332,239.70422
2023-03-11,1.7998047,14.562355,227.64095
2023-03-12,1.7790527,13.409035,219.91025
2023-03-13,1.6793213,12.633644,212.08026
2023-03-14,1.6618252,13.0613785,205.89154
2023-03-15,1.8022461,12.64341,203.68755
2023-03-16,1.8040771,13.018898,208.6986
2023-03-17,1.7342529,13.867043,220.01242
2023-03-18,1.4116211,12.227882,224.91415
2023-03-19,1.2770996,11.474709,226.04813
2023-03-20,1.2593994,11.423195,200.8142
2023-03-21,1.3358154,11.209816,188.87415
2023-03-22,1.3105507,10.791603,189.04791
2023-03-23,1.1936035,9.666847,186.08116
2023-03-24,1.1958008,9.638039,186.19571
2023-03-25,1.1330149,12.368996,191.76102
2023-03-26,1.0391846,11.837257,192.05672
2023-03-27,1.4084473,19.371437,207.79073
2023-03-28,1.7697754,16.216652,213.27365
2023-03-29,1.776123,16.159523,213.14713
2023-03-30,1.7856445,13.281593,204.55852
2023-03-31,1.9233398,13.213234,201.87576
2023-04-01,1.9075928,13.121681,201.20648
2023-04-02,1.6334229,12.156105,198.793
2023-04-03,1.3806152,11.524025,198.59497
2023-04-04,1.3348389,11.378517,194.89279
2023-04-05,1.3359375,15.898048,196.35323
2023-04-06,1.3848877,13.926857,208.68954
2023-04-07,1.644043,14.573341,200.79903
2023-04-08,1.8045654,14.410988,197.43797
2023-04-09,1.7661133,13.7645035,196.63675
2023-04-10,1.6483154,12.907082,197.01744
2023-04-11,1.8265381,13.205421,196.59541
2023-04-12,1.996582,14.316261,190.85474
2023-04-13,1.7606201,13.072121,188.27003
2023-04-14,1.5441895,12.97007,189.60506
2023-04-15,1.5445557,12.408546,188.06616
2023-04-16,1.5672607,15.7610855,200.2603
2023-04-17,1.6689186,14.441261,199.0047
2023-04-18,1.6877432,14.051125,198.28961
2023-04-19,1.6512451,11.869972,184.32324
2023-04-20,1.7209473,10.287453,178.0484
2023-04-21,2.0316162,11.107765,170.03654
2023-04-23,1.7799072,10.200539,170.086
2023-04-24,1.6732178,14.919289,180.57121
2023-04-25,1.6647949,13.541359,200.6671
2023-04-26,1.6905518,16.39341,208.9615
2023-04-27,1.6474609,16.216652,209.09448
2023-04-28,1.5251465,14.3895035,207.62561
2023-04-29,1.6104059,12.503761,196.53996
2023-04-30,1.7142334,12.814308,196.72125
2023-05-01,1.7694092,12.947121,196.11276
2023-05-02,1.7867432,11.725441,188.18462
2023-05-03,2.2746582,10.278664,176.53024
2023-05-04,2.3829317,10.966652,175.7044
2023-05-05,2.2910156,16.471535,180.26881
2023-05-06,2.263916,15.8548355,181.19861
2023-05-07,2.0701904,14.546242,178.93018
2023-05-08,1.8360596,16.850441,190.29164
2023-05-09,2.5177002,15.848976,204.26456
2023-05-10,2.834961,16.473007,203.98335
2023-05-11,2.3305664,14.099464,194.00963
2023-05-12,2.1564941,14.956398,191.76463
2023-05-13,2.1461182,14.872902,191.75002
2023-05-14,2.144043,16.260109,194.71405
2023-05-15,2.529419,16.418312,202.08792
2023-05-16,2.470459,14.821632,202.08122
2023-05-17,2.293457,13.945168,197.76276
2023-05-18,2.4351807,16.674171,192.04076
2023-05-19,2.7130833,14.961769,188.31308
2023-05-20,2.71875,14.829445,187.9959
2023-05-21,2.373291,14.159035,186.37805
2023-05-22,2.19458,13.4520035,190.54747
2023-05-23,2.2338867,15.941505,190.65744
2023-05-24,1.9822998,13.817726,191.44632
2023-05-25,2.199707,14.618507,192.31421
2023-05-26,3.5679073,17.997902,192.47746
2023-05-27,3.7464113,17.926613,192.1464
2023-05-28,3.0837402,16.098488,189.4947
2023-05-29,2.135498,13.768898,188.25208
2023-05-30,1.7653141,12.630714,184.1264
2023-05-31,1.7059326,17.323586,186.58424
2023-06-01,2.4136963,15.17173,199.32529
2023-06-02,2.424924,14.912453,200.38542
2023-06-03,2.1501465,13.661964,201.18791
2023-06-04,2.855957,16.031105,201.2858
2023-06-05,2.9453125,15.837746,200.52213
2023-06-06,2.6404228,14.617043,196.3844
2023-06-07,2.260498,13.484718,193.3073
2023-06-08,1.6875,12.119972,192.25328
2023-06-09,1.7857666,14.519875,196.08922
2023-06-10,1.7817383,12.9642105,183.61145
2023-06-11,1.7492676,12.4051285,181.51062
2023-06-12,1.8959961,8.598,176.14093
2023-06-13,1.9368896,9.749855,171.27837
2023-06-14,2.0869598,9.928566,171.42406
2023-06-15,2.2994719,11.09507,170.09758
2023-06-16,2.2459717,11.130226,171.10403
2023-06-17,2.0134277,10.685402,179.36223
2023-06-18,2.0338135,14.826515,196.85541
2023-06-19,2.11413,14.610695,192.54211
2023-06-20,1.817749,13.260109,180.7986
2023-06-21,1.8574219,13.297218,179.0102
2023-06-22,1.8249512,14.374855,178.72327
2023-06-23,1.7078857,13.137062,177.6563
2023-06-24,1.4217529,12.031593,179.25233
2023-06-25,1.6742849,14.527687,187.62492
2023-06-26,1.7591848,13.666359,195.79454
2023-06-27,1.7263184,13.510109,197.91272
2023-06-28,1.6105957,12.26255,183.7149
2023-06-29,1.6586914,10.986671,174.98154
2023-06-30,1.9194336,18.141457,176.42342
2023-07-01,2.3416624,15.849464,193.49725
2023-07-02,2.317505,15.127296,194.96239
2023-07-03,2.277832,14.868507,197.31389
2023-07-04,2.2529297,14.676613,197.26796
2023-07-05,2.402954,14.273781,195.75856
2023-07-06,2.373169,13.9207535,193.89279
2023-07-07,2.3408203,13.803078,189.51065
2023-07-08,2.1617432,13.201027,187.58873
2023-07-09,1.8695068,14.876808,186.45949
2023-07-10,1.8621826,13.455421,182.17996
2023-07-11,1.6912842,12.738136,181.94312
2023-07-12,1.6378174,13.396828,180.76332
2023-07-13,1.8414307,13.625832,182.98781
2023-07-14,1.7796631,14.755714,187.56497
2023-07-15,1.7470703,13.860695,183.76788
2023-07-16,1.6761475,13.386574,182.5714
2023-07-17,1.4675293,12.113136,181.74919
2023-07-18,1.5231934,13.289406,181.17258
2023-07-19,1.5997314,12.635109,181.65285
2023-07-20,1.6414795,12.258156,181.29146
2023-07-21,1.5574951,11.923439,181.94864
2023-07-22,1.5693455,13.101662,176.9284
2023-07-23,1.5512104,8.074562,177.48386
2023-07-24,1.6467285,12.418312,175.97177
2023-07-25,1.7558594,13.296242,173.65938
2023-07-26,1.9626493,13.671242,172.26637
2023-07-27,1.9360352,13.575539,173.39647
2023-07-28,2.2160645,14.699562,183.13313
2023-07-29,1.8968506,13.7142105,182.29611
2023-07-30,1.7957754,13.301125,187.3641
2023-07-31,1.7349854,12.239601,191.0531
2023-08-01,1.6721191,12.679543,194.48615
2023-08-02,1.5900879,11.493507,193.5996
2023-08-03,1.8270264,14.632179,194.05597
2023-08-04,1.9284668,13.790382,193.27896
2023-08-05,1.8179932,12.652199,186.97528
2023-08-06,2.1027832,14.564308,184.63501
2023-08-07,2.520874,15.437355,183.14374
2023-08-08,2.3875027,14.06089,181.82803
2023-08-09,1.7496338,11.921242,177.42259
2023-08-10,1.6241455,8.672218,174.96873
2023-08-11,1.5964355,19.230324,179.77423
2023-08-12,1.7954102,13.946632,190.35948
2023-08-13,2.2546387,15.004738,193.77066
2023-08-14,1.9013672,12.928566,188.09396
2023-08-15,1.7386475,13.431007,199.66449
2023-08-16,1.7449951,13.398781,199.74103
2023-08-17,1.6495361,12.460304,200.72299
2023-08-18,1.6590166,11.7298355,184.7445
2023-08-19,1.6302547,11.564308,183.54782
2023-08-20,1.6762695,15.2767105,185.05714
2023-08-21,2.0600586,13.719582,198.23447
2023-08-22,2.1604004,16.391945,200.00024
2023-08-23,2.217041,16.119972,199.30745
2023-08-24,2.0054932,14.4017105,202.1783
2023-08-25,1.8383789,13.449074,204.1108
2023-08-26,1.6966553,12.436867,193.36188
2023-08-27,1.571167,11.73423,181.68925
2023-08-28,1.5998535,11.912453,180.04935
2023-08-29,3.0721426,16.060402,179.75537
2023-08-30,2.6270752,17.579933,188.98366
2023-08-31,2.5195312,15.710793,191.53319
2023-09-01,3.5361328,17.47837,184.386
2023-09-02,3.1639404,19.645363,187.05588
2023-09-03,2.6931152,15.787941,182.24448
2023-09-04,2.2576904,14.57505,180.74223
2023-09-05,2.221117,15.628273,178.08241
2023-09-06,2.2554932,14.677589,176.32846
2023-09-07,2.206421,13.309914,178.87889
2023-09-08,2.041748,12.5301285,177.55609
2023-09-09,2.2468262,11.150246,171.4655
2023-09-11,2.47229,16.057472,192.15175
2023-09-12,2.633667,14.999855,193.86504
2023-09-13,2.6357422,15.003761,193.76108
2023-09-14,2.4050293,14.159035,183.21501
2023-09-18,1.7960806,15.203957,170.28543
2023-09-19,1.697999,13.7454605,179.07841
2023-09-20,1.6331787,13.172218,181.33601
2023-09-21,1.5649414,12.045265,176.10268
2023-09-22,1.6060791,13.6204605,176.45262
2023-09-23,1.7659769,12.083839,179.76643
2023-09-24,1.7215576,11.914406,180.12685
2023-09-25,1.6624756,8.973,179.47737
2023-09-26,1.8137207,9.573097,178.19803
2023-09-27,2.1971436,10.470558,171.13425
2023-10-01,1.9039326,10.18589,172.24435
2023-10-02,1.7960205,15.142921,177.43188
2023-10-03,1.7463379,12.049171,182.91841
2023-10-04,2.9559326,19.87828,186.85997
2023-10-05,2.8789062,16.769394,187.4555
2023-10-06,2.5258389,14.726906,188.05064
2023-10-07,2.025879,13.434914,184.1035
2023-10-08,1.6514893,12.252296,181.14137
2023-10-09,1.7565918,17.325539,182.03482
2023-10-10,2.0515137,15.386574,185.14557
2023-10-11,2.4434814,17.474953,192.0367
2023-10-12,2.465088,16.025246,191.52608
2023-10-13,2.3117676,15.1985855,192.04602
2023-10-14,2.1010742,14.223976,191.79514
2023-10-15,2.0,13.5579605,189.66418
2023-10-16,1.8427734,12.550636,183.63863
2023-10-17,1.5710049,11.218605,181.73445
2023-10-18,1.6865234,15.877785,196.86826
2023-10-19,1.8991699,17.989601,202.17197
2023-10-20,2.0946045,16.250343,204.9892
2023-10-21,2.1173096,15.961281,204.44598
2023-10-22,2.1773682,14.284523,221.33923
2023-10-23,2.3171387,17.881691,236.62703
2023-10-24,2.3278809,17.78257,235.72166
2023-10-25,2.2407227,16.185402,231.94176
2023-10-26,2.1446533,14.749367,217.8029
2023-10-27,2.1066895,13.813332,204.34161
2023-10-28,2.079711,15.681007,198.9825
2023-10-29,2.0024414,13.891945,194.63806
2023-10-30,2.0019531,13.851662,192.6258
2023-10-31,1.855834,14.932228,191.15346
2023-11-01,1.7621984,15.850685,185.31316
2023-11-02,1.7504883,14.663918,183.77441
2023-11-03,1.8105469,11.976418,179.25084
2023-11-04,1.8278399,11.686867,177.75981
2023-11-05,1.7233887,13.6238785,177.74852
2023-11-06,1.6194191,14.074562,176.55862
2023-11-07,1.6804199,13.37339,175.28731
2023-11-08,1.6308594,13.264992,178.05472
2023-11-09,1.5090332,16.277687,176.61177
2023-11-10,1.8684082,14.562843,179.924
2023-11-11,1.9627686,13.7020035,184.48529
2023-11-12,1.9556522,13.6985855,184.77832
2023-11-13,2.1191406,15.939796,185.88402
2023-11-14,2.1182861,15.883156,185.9471
2023-11-15,2.130951,14.388527,185.52818
2023-11-16,2.0961914,13.885109,185.34654
2023-11-17,2.0245361,13.141457,180.5198
2023-11-18,1.9556885,12.659523,178.73007
2023-11-19,1.8422852,13.954201,180.86818
2023-11-20,1.8127441,13.899269,202.6565
2023-11-21,1.877531,14.165382,191.81364
2023-11-22,1.8745117,14.324074,190.60219
2023-11-23,1.7089844,12.993019,188.01231
2023-11-24,1.8349609,12.949074,190.9635
2023-11-25,1.8504639,12.833351,190.4949
2023-11-26,1.748291,12.791359,188.87166
2023-11-27,1.5828857,12.690285,191.11885
2023-11-28,1.6931152,16.071144,199.23529
2023-11-29,1.8562126,18.605812,221.97856
2023-11-30,1.8913574,17.72593,239.34729
2023-12-01,1.8917236,16.000343,232.72078
2023-12-02,2.0114746,14.843605,196.72736
2023-12-03,2.0391846,14.518898,191.11102
2023-12-04,1.9487305,13.587257,190.50842
2023-12-05,1.7598877,12.947609,186.72072
2023-12-06,1.6132812,12.0926285,181.97662
2023-12-07,1.6088867,11.149269,177.31963
2023-12-08,1.7088623,10.660988,180.45491
2023-12-09,1.8230782,15.841164,206.8557
2023-12-10,1.938405,17.40757,227.93137
2023-12-11,1.9336157,17.181984,230.83347
2023-12-12,1.8074951,15.462257,232.02171
2023-12-13,1.7589111,13.36216,200.71107
2023-12-14,1.7435303,13.327492,200.17657
2023-12-15,1.5566406,12.377296,192.6586
2023-12-16,1.3953857,11.524757,185.8049
2023-12-17,1.5383301,16.315773,186.13425
2023-12-18,1.6151123,15.753761,186.18962
2023-12-19,1.7894287,13.817238,185.9482
2023-12-20,1.890625,13.024757,184.52434
2023-12-21,1.9333496,12.25425,184.94827
2023-12-22,1.9090576,12.199562,190.87012
2023-12-23,1.8327637,13.964699,207.76482
2023-12-24,1.6362305,13.249855,207.96275
2023-12-25,1.5065918,12.559425,196.58159
2023-12-26,1.4725342,12.279152,197.22362
2023-12-27,1.44876,13.462257,202.75113
2023-12-28,1.4321289,12.538918,229.69923
2023-12-29,1.5056152,14.509621,239.5568
2024-01-06,1.9307861,13.648293,217.70364
2024-01-07,1.932251,13.456886,214.61453
2024-01-08,1.7902832,12.553566,210.66191
2024-01-09,1.9538574,19.498878,234.48833
2024-01-10,1.9478807,19.442726,237.76146
2024-01-13,1.763794,14.315285,211.9859
2024-01-14,1.7764893,13.960304,208.33873
2024-01-15,1.7218018,13.127785,201.21881
2024-01-16,1.5068359,12.124855,198.03685
2024-01-17,1.4587402,13.241066,193.51973
2024-01-18,1.5722656,14.568703,191.76984
2024-01-19,1.7402344,13.570168,189.09485
2024-01-20,1.7709961,13.355812,187.7198
2024-01-21,1.7596436,12.898781,186.18831
2024-01-22,1.7619629,12.506691,190.32881
2024-01-23,1.8148193,13.931496,194.61734
2024-01-24,1.8216553,13.778664,194.87543
2024-01-25,1.7426186,13.114601,195.69551
2024-01-26,1.7159424,13.204445,218.85626
2024-01-27,1.7244873,12.354347,225.91498
2024-01-28,1.7248535,12.324562,226.00171
2024-01-29,1.7180176,14.391457,217.9616
2024-01-30,2.152832,14.4017105,204.84048
2024-01-31,2.2786865,13.633644,207.05484
2024-02-01,2.2182617,13.319191,201.16733
2024-02-02,1.9431152,15.335304,205.38489
2024-02-03,2.0754395,14.5735855,199.14874
2024-02-04,2.0476074,13.752296,196.33664
2024-02-05,1.8531494,12.903664,197.9463
2024-02-06,1.7193604,12.021339,238.62666
2024-02-09,1.4989014,11.973,238.48514
2024-02-10,1.5666504,11.989113,223.53525
2024-02-11,1.5698242,11.95298,224.71878
2024-02-12,1.5029297,15.840187,228.16469
2024-02-13,1.569829,14.657814,212.55264
2024-02-14,1.6694336,14.204689,200.34474
2024-02-15,1.6638184,14.054543,200.54706
2024-02-16,1.5080566,15.865089,210.00311
2024-02-17,1.6749268,13.848,205.27406
2024-02-18,1.71455,13.506691,203.99173
2024-02-19,1.5396729,12.341164,205.28395
2024-02-20,1.4782715,11.315773,209.78233
2024-02-21,1.5192871,19.003761,238.5214
2024-02-26,1.527832,12.192726,239.57182
2024-02-27,1.5118408,11.987648,225.41426
2024-02-28,1.4858398,11.388039,201.14386
2024-02-29,1.5266113,14.186867,199.14131
2024-03-01,1.7261963,17.249367,211.61751
2024-03-02,1.7988281,15.919289,216.43895
2024-03-03,1.9116211,15.247902,216.94508
2024-03-04,1.4759521,13.094093,213.87585
2024-03-05,1.3170166,12.26548,210.34012
2024-03-06,1.2802734,12.95591,210.79106
2024-03-07,1.6351318,15.257668,211.77486
2024-03-08,1.8699951,14.563332,206.53752
2024-03-09,1.84375,13.891945,205.94174
2024-03-10,1.6485596,12.533058,206.86868
2024-03-11,1.7957764,16.107765,191.04997
2024-03-12,2.0460205,14.311867,186.30527
2024-03-13,2.043457,13.999123,185.72816
2024-03-14,1.84375,12.224464,184.98398
2024-03-15,1.662569,13.476906,197.94804
2024-03-16,1.7596436,14.5735855,212.51657
2024-03-17,2.0057373,14.173195,195.0651
2024-03-18,2.0198975,14.007179,194.2539
2024-03-19,1.9671631,16.180527,206.44609
2024-03-20,1.9606934,15.841652,207.37582
2024-03-21,1.7751465,13.37925,211.17247
2024-03-22,1.5941162,12.469582,222.91531
2024-03-23,1.3640137,12.95591,222.64081
2024-03-24,1.4096031,11.898781,205.62138
2024-03-25,1.4053955,11.668312,203.63371
2024-03-26,1.4909668,16.544289,225.76062
2024-03-27,1.6252518,14.789894,214.80109
2024-03-28,1.7250977,14.58091,212.5083
2024-03-29,1.4804688,12.277199,208.04768
2024-03-30,1.3664551,14.790871,223.32512
2024-03-31,1.510498,13.835793,234.47765
2024-04-01,1.4042215,12.716652,230.08987
2024-04-02,1.3859863,12.6238785,228.19406
2024-04-03,1.237793,11.900246,213.2197
2024-04-04,1.2265625,12.152199,217.16644
2024-04-05,1.368042,12.790382,204.45384
2024-04-06,1.5269775,13.17173,188.51726
2024-04-07,1.704956,14.868996,188.91881
2024-04-08,2.0076904,14.92173,187.65088
2024-04-09,1.8532715,13.606789,184.54942
2024-04-10,1.777832,15.666847,193.8236
2024-04-11,1.8066406,14.561867,196.74866
2024-04-12,1.7509766,13.377785,196.18135
2024-04-13,1.5402832,12.6048355,190.84718
2024-04-14,1.5047607,18.007668,193.28539
2024-04-15,2.0025635,16.251808,205.37395
2024-04-16,2.0614805,15.35923,202.05547
2024-04-17,1.9556885,14.366554,196.0398
2024-04-18,1.7947998,13.183449,186.42303
2024-04-19,1.8709707,15.70591,196.84947
2024-04-20,1.8441162,15.181496,197.598
2024-04-21,2.0476074,15.377541,201.44566
2024-04-22,2.0863037,13.726906,192.93849
2024-04-23,2.0845947,13.672462,192.37117
2024-04-24,1.7556152,12.7454605,187.61932
2024-04-25,1.4672852,11.8270035,185.97144
2024-04-26,1.4263916,16.178566,188.44531
2024-04-27,1.4849854,14.707375,193.88368
2024-04-28,1.4100342,13.975929,193.94682
2024-04-29,1.3906116,12.694191,194.8497
2024-04-30,1.576294,14.177101,188.8043
2024-05-01,1.6169434,13.709816,187.00339
2024-05-02,1.5554199,15.3426285,182.6571
2024-05-03,1.9625244,13.978371,179.24077
2024-05-04,2.0034227,13.56382,179.43964
2024-05-05,1.9943848,12.132179,177.47069
2024-05-06,1.9074707,18.175148,178.28389
2024-05-07,1.722537,15.684914,183.20607
2024-05-08,1.5607901,13.028175,180.79646
2024-05-09,1.6407471,12.726418,176.65947
2024-05-10,1.7122803,17.29966,181.04276
2024-05-11,1.8371849,16.032082,182.23763
2024-05-12,1.8209229,15.646339,181.31256
2024-05-13,1.7497559,13.493507,176.49709
2024-05-14,1.8115234,10.349464,178.27628
2024-05-15,1.7591553,10.296242,177.05865
2024-05-16,1.6226807,15.848,187.67693
2024-05-17,1.6655273,19.3563,193.86353
2024-05-18,1.7658691,16.703957,194.82452
2024-05-19,2.074463,16.99302,199.54834
2024-05-20,2.2403316,15.622902,194.56024
2024-05-21,2.2102957,15.272804,193.43839
2024-05-22,1.9224854,14.052589,184.76498
2024-05-23,1.7810059,13.29673,184.13724
2024-05-24,1.6069336,12.396828,183.68007
2024-05-25,1.4036865,11.339699,178.91731
2024-05-26,1.4460449,8.1673355,181.7135
2024-05-27,1.4276123,14.434425,183.59985
2024-05-28,1.5765381,13.574562,184.19122
2024-05-29,1.5665283,16.553078,188.14287
2024-05-30,1.8029785,16.241066,191.43927
2024-05-31,1.6977539,14.475929,191.14757
2024-06-01,1.5878897,12.992531,189.25775
2024-06-02,1.50354,12.289406,188.41963
2024-06-03,1.267456,11.363625,189.17242
2024-06-04,1.8773193,15.672218,210.08713
2024-06-05,2.1694336,14.466164,210.06001
2024-06-06,2.1262207,14.025246,209.11272
2024-06-07,1.9957275,13.13755,203.80606
2024-06-08,1.9357023,13.92466,209.02248
2024-06-09,1.828125,13.286964,210.07872
2024-06-10,1.770752,12.996925,208.9297
2024-06-11,1.7504883,14.583351,208.19112
2024-06-12,1.7547607,14.485207,208.28973
2024-06-13,1.6629639,13.6863785,211.8438
2024-06-14,1.8754854,13.152199,202.85316
2024-06-15,1.9897461,12.062355,199.98187
2024-06-16,2.05896,11.966652,194.75768
2024-06-17,1.9204102,13.306496,185.19191
2024-06-18,1.9331274,9.028175,175.72002
2024-06-19,1.8961182,9.085304,175.52795
2024-06-20,1.8111191,9.553566,170.31062
2024-06-21,1.8071289,16.661476,191.60562
2024-06-22,1.9368896,15.989113,193.53204
2024-06-23,1.7512035,13.76548,193.297
2024-06-24,1.5554199,12.329445,188.33408
2024-06-25,1.3963623,11.73838,180.92265
2024-06-26,1.418457,16.771828,177.03502
2024-06-27,1.5684805,14.820656,179.7409
2024-06-28,1.5802002,14.396339,179.479
2024-06-29,1.5443115,9.292824,174.45003
2024-07-01,1.4532471,16.443703,185.14763
2024-07-02,2.0354004,15.934914,196.94753
2024-07-03,2.3348389,16.10923,200.49101
2024-07-04,2.2578125,15.740089,201.51682
2024-07-05,2.0737305,14.193703,202.62788
2024-07-06,1.9147949,13.356789,192.72685
2024-07-07,1.9219971,13.307472,193.09422
2024-07-08,1.7455845,13.128761,176.79782
2024-07-09,1.7194824,12.803078,174.84784
2024-07-15,1.8375244,17.363136,178.10463
2024-07-16,1.8873291,16.148293,181.76945
2024-07-17,1.8328857,15.130226,183.1578
2024-07-18,1.7045898,14.035011,182.97714
2024-07-19,1.5852051,13.2298355,181.93323
2024-07-20,1.5040398,12.3704605,174.86913
2024-07-21,2.157959,9.49839,176.39221
2024-07-22,2.364624,11.835548,175.47972
2024-07-23,2.3052979,11.964943,173.82094
2024-07-24,2.010498,11.562843,170.08177
2024-07-25,1.7924805,11.484962,170.2433
2024-07-26,1.5411377,14.640968,174.04349
2024-07-27,1.7354517,14.558937,177.32828
2024-07-28,1.7486534,13.794289,176.57883
2024-07-29,1.5809326,12.472023,173.51115
2024-07-30,1.7751465,14.658058,180.05006
2024-07-31,1.7402344,14.176125,180.43813
2024-08-01,1.5571518,12.016945,176.3853
2024-08-02,1.274292,10.131691,173.17738
2024-08-03,1.3416748,12.253761,190.23648
2024-08-04,1.5205078,12.537941,189.94243
2024-08-05,1.5420742,12.443703,190.65279
2024-08-06,1.5255127,8.187355,171.8912
2024-08-07,1.5269775,8.2020035,170.384
2024-08-11,1.6722412,14.26255,184.9249
2024-08-12,1.7519531,13.572121,187.23492
2024-08-13,1.7157001,12.939796,185.10538
2024-08-14,1.5083008,11.559914,179.07198
2024-08-15,1.4711914,15.291847,189.68556
2024-08-16,1.6114502,15.858742,191.83305
2024-08-17,1.7126465,13.580421,188.36664
2024-08-18,1.7272949,13.478859,187.72305
2024-08-19,1.6553574,12.426613,184.33162
2024-08-20,1.5601807,11.9173355,176.7454
2024-08-21,1.3430176,7.8255386,171.17267
2024-08-22,1.4545898,8.368507,170.17328
2024-08-26,1.682374,9.496437,170.26729
2024-08-27,1.7890625,16.318703,180.54745
2024-08-28,1.7868652,16.281105,180.82481
2024-08-29,1.625,14.877541,182.41537
2024-08-30,1.6220703,8.5735855,170.75487
2024-09-02,1.696269,9.223976,172.85172
2024-09-03,1.7288818,13.348,177.54094
2024-09-04,1.8155775,13.591652,183.53618
2024-09-05,1.7930908,13.385109,182.8052
2024-09-06,1.703165,11.9520035,173.38846
2024-09-07,1.7851562,10.315041,170.86502
2024-09-08,1.8341064,14.544289,178.17642
2024-09-09,1.9577637,13.208595,179.31662
2024-09-10,1.9924316,15.659523,183.84595
2024-09-11,2.031372,14.837746,184.57602
2024-09-12,1.9417725,14.286476,184.72815
2024-09-13,1.8903427,13.920265,183.3843
2024-09-14,1.5983887,12.905617,182.3145
2024-09-15,1.600708,9.540871,171.85179
2024-09-16,1.7208252,16.101906,170.22003
2024-09-17,1.7069092,15.990089,170.7251
2024-09-18,1.6651611,14.462746,172.28627
2024-09-19,1.59375,13.1605,174.84993
2024-09-20,1.4544678,12.09214,175.02675
2024-09-21,1.4689941,13.214699,176.85231
2024-09-22,1.6416016,12.289406,179.75542
2024-09-23,1.6217041,11.996925,180.10686
2024-09-24,1.4642334,11.053078,179.85524
2024-09-25,1.4029541,11.92466,184.25401
2024-09-26,1.4976807,8.896339,180.16693
2024-09-27,1.6481934,13.193703,177.98085
2024-09-28,1.7844238,13.241066,177.52443
2024-09-29,1.6025391,13.008156,173.39972
2024-09-30,1.4681396,11.344093,177.18048
2024-10-01,1.3728027,10.122414,190.33693
2024-10-02,1.2935791,14.756447,211.76025
2024-10-03,1.3978271,12.391701,195.65855
2024-10-04,1.4190426,12.449806,197.70628
2024-10-05,1.407959,12.601906,198.50142
2024-10-06,1.3271484,11.684425,199.17587
2024-10-07,1.3486328,16.155128,191.29239
2024-10-08,1.5297852,14.43589,193.57089
2024-10-09,1.6680422,13.32505,191.9538
2024-10-10,1.6004877,12.906105,190.78249
2024-10-11,1.8585205,17.15464,192.40967
2024-10-12,2.0599365,15.50425,198.12439
2024-10-13,2.0585938,14.8235855,198.80148
2024-10-14,1.90203,13.584328,196.36311
2024-10-15,1.6531982,12.837746,194.90906
2024-10-16,1.3325481,11.246925,188.599
2024-10-17,1.223999,10.972023,184.84708
2024-10-18,1.2546387,13.833839,194.50975
2024-10-19,1.7960205,13.034523,209.4889
2024-10-20,2.163086,16.36509,211.62242
2024-10-21,2.217327,15.8079605,210.05713
2024-10-22,2.1192331,14.222511,206.30324
2024-10-23,1.9360352,12.937355,201.75943
2024-10-24,1.6104736,11.439308,193.49353
2024-10-25,1.5133057,14.4954605,185.411
2024-10-26,1.5849609,16.221535,193.32928
2024-10-27,1.5939941,16.166359,193.59947
2024-10-28,1.564168,13.742043,192.6026
2024-10-29,1.4006348,12.32505,190.28285
2024-10-30,1.3276367,10.903664,181.94579
2024-10-31,1.52771,16.877785,185.98021
2024-11-01,1.8200684,15.384132,195.26854
2024-11-02,1.8371582,15.303566,195.43059
2024-11-03,1.6829834,13.594093,200.46121
2024-11-04,1.3868408,12.520363,202.96272
2024-11-05,1.3525391,11.461769,198.82889
2024-11-06,2.0422363,16.08628,193.14893
2024-11-07,2.1243896,15.25425,192.633
2024-11-08,1.9299316,13.402199,190.14407
2024-11-09,1.6862221,11.899757,187.52882
2024-11-10,1.4001465,15.052101,192.01578
2024-11-11,1.3362904,12.875587,200.29893
2024-11-12,1.401123,13.000832,193.35333
2024-11-13,1.4218292,12.531105,193.23076
2024-11-14,1.3245697,11.6985855,191.73477
2024-11-15,1.3505898,13.767433,192.61215
2024-11-16,1.369873,12.903175,199.96458
2024-11-17,1.5292969,15.508644,215.0643
2024-11-18,1.5985107,14.645851,218.93527
2024-11-19,1.6761475,14.03257,216.3289
2024-11-20,1.6798096,13.40464,210.38286
2024-11-21,1.6722631,12.881203,207.94716
2024-11-22,1.6246147,13.121925,200.4792
2024-11-23,1.4420166,12.013039,199.49295
2024-11-24,1.6077881,19.300148,198.79193
2024-11-25,2.3233643,16.115578,200.34763
2024-11-26,2.342041,15.0926285,200.45198
2024-11-27,2.0652094,13.985207,199.52846
2024-11-28,1.7919922,13.02964,195.52473
2024-11-29,1.4572754,11.846535,187.89983
2024-11-30,1.3383789,11.328468,180.87836
2024-12-01,1.2181892,10.841164,179.55548
2024-12-02,1.2857666,14.333839,185.62183
2024-12-03,1.4368725,16.958351,194.97075
2024-12-04,1.512085,14.720558,196.6928
2024-12-05,1.5336914,13.624367,202.9932
2024-12-06,1.5750732,16.33628,209.96475
2024-12-07,1.5688477,14.849953,214.35625
2024-12-08,1.55896,13.697121,202.81154
2024-12-09,1.5938721,13.79673,201.56328
2024-12-10,1.5874023,13.764992,201.39093
2024-12-11,1.515625,13.365578,198.7929
2024-12-12,1.5010986,13.309914,198.8703
2024-12-13,1.3277588,12.887062,196.78911
2024-12-14,1.4606934,12.24839,210.56575
2024-12-15,1.736084,15.813332,203.4005
2024-12-16,1.8417969,14.63755,203.81224
2024-12-17,1.8035889,13.509132,205.63382
2024-12-18,1.4344482,11.864113,208.97762
2024-12-19,1.4599609,13.00425,193.25916
2024-12-20,1.4250488,12.694679,192.45518
2024-12-21,1.3408203,12.598976,199.28038
2024-12-22,1.4240723,14.768898,215.44572
2024-12-23,1.506958,13.181984,227.02174
2024-12-24,1.5115967,11.906593,219.82321
2024-12-25,1.5084229,11.818214,218.49406
2025-01-03,1.8682547,13.889992,238.93192
2025-01-04,1.6721191,12.943703,232.08698
2025-01-05,1.2868652,11.664894,237.88922
2025-01-06,1.1271973,12.559425,235.66429
2025-01-07,1.2975972,11.775246,219.37631
2025-01-08,1.442749,14.214699,220.65347
2025-01-09,1.4443359,14.454445,221.2349
2025-01-13,1.4165039,14.223976,238.9472
2025-01-14,1.4361572,14.184425,237.41705
2025-01-15,1.4448395,14.306984,227.84769
2025-01-16,1.4838858,13.326027,222.60623
2025-01-17,1.4733887,12.978859,221.21318
2025-01-18,1.3551025,11.845558,223.64192
2025-01-19,1.2435303,11.112648,230.75906
2025-01-20,1.3577881,12.557472,192.77621
2025-01-21,1.3491211,12.462746,192.58734
2025-01-22,1.2347412,11.754738,217.8028
2025-01-23,1.3634033,17.350441,217.79948
2025-01-24,1.418457,16.565773,237.28137
2025-01-25,1.350708,16.676132,207.21233
2025-01-26,1.9787598,16.213234,191.54669
2025-01-27,1.9599609,15.581398,190.90381
2025-01-28,1.6650391,12.496925,189.79536
2025-01-29,1.3246136,11.210304,192.21222
2025-01-30,1.1401367,8.599953,194.36096
2025-01-31,1.1947021,11.758156,198.12503
2025-02-01,1.300375,16.001808,196.76118
2025-02-02,1.3562012,14.859718,196.12665
2025-02-03,1.3234863,12.689308,195.54059
2025-02-04,1.6535645,17.434914,197.04848
2025-02-05,1.7460384,14.988136,197.32932
2025-02-06,1.7145996,14.6551285,197.4535
2025-02-07,1.4525146,12.626808,196.5364
2025-02-08,1.2493896,11.508156,196.04533
2025-02-09,1.1240234,10.714699,204.6499
2025-02-10,1.013916,10.390968,204.20935
2025-02-11,0.93151855,11.744484,220.1058
2025-02-12,1.0004883,10.319679,208.75017
2025-02-13,1.072876,12.485207,209.98454
2025-02-14,1.2264404,12.1395035,213.69579
2025-02-15,1.2915039,10.42466,203.65778
2025-02-16,1.2968407,10.300636,202.60402
2025-02-17,1.2358398,9.744484,204.34363
2025-02-18,1.2851562,15.828957,228.6109
2025-02-19,1.3403261,15.8563,238.84972
2025-02-20,1.4963379,13.114113,239.32156
2025-02-21,1.5268555,12.327492,221.35997
2025-02-22,1.6107178,14.866066,221.16531
2025-02-23,1.5888672,14.556984,227.57732
2025-02-24,1.4656782,12.13755,239.15074
2025-02-25,1.7106018,13.238136,225.10455
2025-02-26,1.7318907,13.035988,222.9615
2025-02-27,1.7025385,12.425148,225.73846
2025-02-28,1.5107422,11.670265,233.26945
2025-03-01,1.2473145,11.06382,236.2182
2025-03-02,1.2182617,10.961281,231.1884
2025-03-04,1.6982422,15.462257,236.24623
2025-03-07,1.7409668,12.279152,239.99107
2025-03-08,1.5462646,11.72007,222.59602
2025-03-09,1.3935547,11.222511,213.5788
2025-03-10,1.4208364,10.972023,206.58177
2025-03-11,1.3129883,15.415382,201.00606
2025-03-12,1.3851776,14.610207,202.33688
2025-03-13,1.3729248,11.846535,206.4014
2025-03-14,1.4139404,12.519386,209.0871
2025-03-15,1.5298758,14.607277,230.78545
2025-03-16,1.5029297,14.519386,236.47939
2025-03-17,1.4670839,11.731789,217.53462
2025-03-18,1.6009521,15.244484,196.49638
2025-03-19,2.0755615,15.599953,203.94055
2025-03-20,2.1049805,15.457863,206.04851
2025-03-21,1.956665,13.861183,209.15916
2025-03-22,1.7580566,13.002296,204.94582
2025-03-23,1.7928467,15.2332535,204.3056
2025-03-24,1.8444824,13.605812,202.6209
2025-03-25,1.8438721,13.521339,202.2416
2025-03-26,1.7446289,12.945168,202.20506
2025-03-27,1.5742493,11.8582535,222.15654
2025-03-28,1.7185059,14.858742,211.93579
2025-03-29,1.8031006,13.309425,215.70944
2025-03-30,1.8034668,13.275246,215.71225
2025-03-31,1.6629572,14.855324,215.45752
2025-04-01,1.8675537,14.621437,217.48485
2025-04-02,1.9656982,13.810402,218.91174
2025-04-03,1.9177246,13.271339,214.19885
2025-04-04,1.7723389,11.709328,192.04019
2025-04-05,1.5877686,10.795265,181.05815
2025-04-06,1.5099602,15.026222,183.36203
2025-04-07,1.4401855,12.37925,188.48972
2025-04-08,1.4899902,11.814308,184.46222
2025-04-09,2.1609364,17.082375,202.36948
2025-04-10,2.4208984,15.652199,208.14296
2025-04-11,2.6521788,16.99546,208.70155
2025-04-12,2.6154785,16.183449,208.78317
2025-04-13,2.3447266,14.265968,205.38475
2025-04-14,2.0019531,13.1204605,198.16286
2025-04-15,1.7624512,12.191261,189.55971
2025-04-16,1.53269,9.179054,170.00241
2025-04-17,1.4616699,8.37632,170.20563
2025-04-18,1.4630127,14.394386,181.99313
2025-04-19,1.5004883,13.928078,185.11014
2025-04-20,1.4887695,18.901222,196.47112
2025-04-21,1.751831,16.099464,204.46135
2025-04-22,1.8197021,15.023781,203.79037
2025-04-23,1.7645264,14.180519,202.4394
2025-04-24,1.8361816,16.098976,196.20714
2025-04-25,2.0534668,15.202492,196.92598
2025-04-26,2.5153809,16.386574,198.6075
2025-04-27,2.5145264,16.18296,198.96126
2025-04-28,2.1583252,14.82798,197.78659
2025-04-29,2.0252686,14.3738785,192.77602
2025-04-30,1.8944092,13.353859,189.73372
2025-05-01,1.8101807,12.69175,188.5802
2025-05-02,1.7093496,15.835304,193.4855
2025-05-03,1.7729492,14.382668,195.52774
2025-05-04,1.8337393,14.606789,195.9213
2025-05-05,1.8439941,18.012062,198.77492
2025-05-06,2.1403809,16.650734,201.47104
2025-05-07,2.1818848,16.783546,194.7856
2025-05-08,2.5358887,16.224953,195.72336
2025-05-09,2.187849,14.848488,195.44748
2025-05-10,1.6810303,13.210793,192.9411
2025-05-11,1.5612793,12.242043,184.73575
2025-05-12,1.5263672,11.957375,184.7909
2025-05-13,1.4802198,15.214699,187.1378
2025-05-14,2.1506348,16.395851,197.8604
2025-05-15,2.3209229,15.576027,198.49327
2025-05-16,2.2543488,14.62339,198.57861
2025-05-17,1.9567871,13.4832535,197.34082
2025-05-18,1.9168701,13.607277,197.76091
2025-05-19,1.6530399,12.764992,195.12576
2025-05-20,1.6907959,19.22593,192.37843
2025-05-21,2.3426514,16.69175,200.88457
2025-05-22,2.3617249,16.256203,201.9394
2025-05-23,2.4552002,15.241066,205.44931
2025-05-24,2.4638176,15.100929,205.47787
2025-05-25,2.6557617,16.875343,201.65967
2025-05-26,2.5544434,15.807472,201.02975
2025-05-27,1.9747105,13.5613785,197.99689
2025-05-28,1.7874756,13.072121,188.11443
2025-05-29,1.59375,12.88755,179.24355
2025-05-30,1.7790527,16.626808,193.53183
2025-05-31,2.5625238,16.418312,206.16711
2025-06-01,2.4838867,15.32383,206.61115
2025-06-02,2.1625977,13.9051285,203.22826
2025-06-03,1.9488525,13.553078,201.01077
2025-06-04,1.7784424,16.15757,199.95561
2025-06-05,1.991333,14.696144,199.5474
2025-06-06,1.9844971,14.596291,199.26881
2025-06-07,1.7529297,13.101173,190.97986
2025-06-08,1.793457,16.83384,185.87935
2025-06-09,1.9542236,15.593117,192.24745
2025-06-10,1.9767742,15.29673,193.22202
2025-06-11,1.9708252,14.490578,198.16562
2025-06-12,2.5332031,17.346046,204.92455
2025-06-13,2.6156225,16.282082,204.49228
2025-06-14,2.3927002,14.781593,200.4305
2025-06-15,2.1307373,13.759132,191.16478
2025-06-16,2.0003662,13.2454605,185.50801
2025-06-17,1.7801514,12.021828,173.99991
2025-06-18,1.6087446,8.235207,170.71255
2025-06-19,1.7827148,9.303566,171.11617
2025-06-20,1.8126001,9.578468,170.96597
2025-06-22,1.5618925,8.9813,170.00745
2025-06-23,1.520874,13.047707,174.21965
2025-06-24,1.7459717,10.020851,174.66048
2025-06-25,1.7475586,9.995949,174.75143
2025-06-26,1.7287598,16.132668,181.6223
2025-06-27,1.697998,9.017433,177.15681
2025-06-28,1.8850098,9.130714,172.01656
2025-06-29,2.1297607,9.638039,170.12624
2025-07-01,2.3634033,16.62046,182.31099
2025-07-02,2.4072266,15.817726,189.03323
2025-07-03,2.2196045,14.652687,192.54987
2025-07-04,1.9052734,16.202492,202.56618
2025-07-05,1.9882812,15.442238,205.31866
2025-07-06,1.8381348,13.772804,202.0923
2025-07-07,1.7006836,12.1985855,189.66125
2025-07-08,1.6955566,12.147804,189.87772
2025-07-09,1.6987305,11.844093,184.52348
2025-07-10,1.8356934,17.28257,183.5933
2025-07-11,2.1938477,14.815773,186.5608
2025-07-12,2.1917725,14.756203,186.26965
2025-07-13,2.0500488,16.315285,186.19614
2025-07-14,2.248169,16.222511,191.00789
2025-07-15,2.2436523,16.161964,191.03922
2025-07-16,2.2421875,14.616554,183.20763
2025-07-17,2.1756592,14.485695,183.35515
2025-07-18,1.9909668,12.963722,174.40698
2025-07-19,1.5991211,9.450539,170.36327
2025-07-20,1.739502,14.943214,180.72171
2025-07-21,1.8187256,14.632179,184.92456
2025-07-22,1.7573242,14.107521,185.21875
2025-07-23,1.4936523,12.433449,183.39888
2025-07-24,1.2729492,11.434425,178.45049
2025-07-25,1.1243896,11.041847,175.29866
2025-07-26,1.217041,7.3235855,171.77649
2025-07-27,1.3681641,14.207375,173.24254
2025-07-28,1.6157227,12.56675,175.25105
2025-07-29,1.6242676,12.429054,174.92754
2025-07-30,1.5968018,13.343605,173.74277
2025-07-31,1.4523563,11.957375,174.8655
2025-08-01,1.8730469,13.255714,195.62941
2025-08-02,2.0698233,12.874367,190.77411
2025-08-03,1.8461914,12.318703,187.85402
2025-08-04,1.7460938,16.198586,190.10974
2025-08-05,1.9152365,14.7855,195.37016
2025-08-06,1.8567896,14.378761,196.33986
2025-08-07,2.1394043,14.641457,198.46008
2025-08-08,2.1431885,14.524269,198.33838
2025-08-09,1.8082275,12.632179,193.42288
2025-08-10,1.7911377,14.471535,194.05792
2025-08-11,1.6151123,14.586769,199.90729
2025-08-12,1.6143799,14.564796,200.83963
2025-08-13,1.4593506,13.499367,200.22156
2025-08-14,1.4442139,13.366554,196.02281
2025-08-15,1.3925781,12.537453,194.05547
2025-08-16,1.3181152,11.79673,186.33044
2025-08-17,1.480856,13.806984,180.7194
2025-08-18,1.6988525,15.594093,181.86937
2025-08-19,1.7958984,14.793312,178.47008
2025-08-20,1.800293,12.611183,177.17719
2025-08-21,1.8149414,12.292824,177.37556
2025-08-22,1.7824707,14.635597,180.94438
2025-08-23,1.8735352,8.814796,175.5248
2025-08-24,3.0786133,17.142921,176.84631
2025-08-25,3.2547607,15.753761,174.49812
2025-08-28,1.5445557,9.7938,170.21442
2025-08-29,1.9570312,16.191261,192.41006
2025-08-30,2.1290283,14.84214,190.87048
2025-08-31,2.180542,14.70591,185.15335
2025-09-01,2.0318604,14.164894,182.18
2025-09-02,1.8120117,9.350929,181.9756
2025-09-03,2.0200195,15.6334,190.77515
2025-09-04,2.1175537,15.106056,190.15482
2025-09-05,1.9147949,14.100441,187.71907
2025-09-06,1.6936035,13.226906,181.76698
2025-09-07,1.4771729,13.01548,177.21199
2025-09-08,1.7382812,16.06089,183.38531
2025-09-09,1.7736816,15.2923355,184.70757
2025-09-10,1.7520752,13.993507,187.41455
2025-09-11,1.6357422,12.920021,184.06032
2025-09-12,1.732544,13.209328,199.79866
2025-09-13,1.9366455,17.969093,201.78435
2025-09-14,2.557251,15.653175,201.9323
2025-09-15,2.5700684,15.374855,201.63806
2025-09-16,2.4290771,14.541847,200.37569
2025-09-17,2.25,13.847267,198.28136
2025-09-18,1.7715063,12.665138,196.22453
2025-09-19,1.4117432,11.63755,195.14478
2025-09-20,1.3057861,12.306984,191.88475
2025-09-21,1.4760027,11.950539,186.47
2025-09-22,1.6265869,11.827492,181.77492
2025-09-23,1.647028,11.60923,181.20161
2025-09-24,1.5527344,12.184425,179.00462
2025-09-25,1.550293,13.010597,185.89307
2025-09-26,1.5584717,13.007668,185.51157
2025-09-27,1.809082,15.573097,187.62549
2025-09-28,2.170288,14.1688,188.58289
2025-09-29,2.1308594,13.474464,187.1787
2025-09-30,1.7819824,11.8860855,177.34363
2025-10-01,1.4942627,9.468605,172.05473
2025-10-02,1.439209,13.240089,182.11406
2025-10-03,1.6235218,13.243019,188.20522
2025-10-04,1.617444,12.917824,189.62032
2025-10-05,1.690918,14.400246,193.79567
2025-10-06,1.9064941,13.025978,186.51782
2025-10-07,2.083252,10.571632,177.94907
2025-10-08,2.156128,11.166603,172.2513
2025-10-09,2.110137,11.179054,171.81963
2025-10-10,1.9102783,10.678322,170.01897
2025-10-11,1.8522949,14.394386,195.65694
2025-10-12,1.8647461,14.341164,195.77234
2025-10-13,1.6548634,12.794289,204.4307
2025-10-14,1.3536377,11.8079605,203.548
2025-10-15,1.385498,16.869972,194.10391
2025-10-16,1.6890221,15.132668,196.73233
2025-10-17,1.8936768,14.441017,194.90535
2025-10-18,1.8930664,14.4190445,195.00916
2025-10-19,1.6447754,12.866066,192.84007
2025-10-20,1.5797119,12.084816,191.60545
2025-10-21,1.4328613,11.530617,191.95386
2025-10-22,1.3864746,13.808449,198.5916
2025-10-23,1.3400879,15.193214,204.50298
2025-10-24,1.3952084,13.400246,199.13338
2025-10-25,1.4803467,12.068703,192.4528
2025-10-26,1.6796875,15.672707,190.22656
2025-10-27,1.74646,13.7767105,189.67265
2025-10-28,1.7644949,13.100929,189.1995
2025-10-29,1.6876221,17.368996,193.46153
2025-10-30,2.0761719,19.322609,216.60802
2025-10-31,2.541748,16.091652,212.14163
2025-11-01,2.5493956,15.628273,211.084
2025-11-02,2.248623,13.870949,206.60988
2025-11-03,1.8370361,13.038918,199.58836
2025-11-04,1.5914469,12.305031,193.04301
2025-11-05,1.6950684,15.255226,191.89233
2025-11-06,1.7613525,15.40464,196.57066
2025-11-07,1.7290039,14.542824,193.956
2025-11-08,1.6772461,13.95298,193.52736
2025-11-09,1.7841797,13.736427,196.59721
2025-11-10,1.8515558,13.643898,197.11551
2025-11-11,1.8068848,14.5709,213.77621
2025-11-12,1.7850294,14.331398,223.23563
2025-11-13,1.8786077,13.502785,232.6213
2025-11-14,1.8730469,13.420265,229.11073
2025-11-15,1.6293945,12.268898,206.97684
2025-11-16,1.4863281,11.565285,189.08646
2025-11-17,1.2811279,7.9446793,185.50798
2025-11-18,1.3009033,8.408058,184.251
2025-11-19,1.5078125,14.501808,208.45624
2025-11-20,1.5706787,14.181984,206.27246
2025-11-21,1.513916,13.023293,199.48291
2025-11-22,1.5319824,13.2332535,200.0834
2025-11-23,1.4287109,12.1048355,197.35307
2025-11-24,1.2037354,10.916847,193.75034
2025-11-25,1.2214355,13.824074,200.59464
2025-11-26,1.4069824,13.274269,206.09473
2025-11-27,1.5446777,12.645363,217.71683
2025-11-28,1.559082,12.411476,221.48758
2025-11-29,1.5162354,14.56089,229.00433
2025-11-30,1.4246826,13.413429,223.94902
2025-12-01,1.3416748,12.088722,212.94968
2025-12-02,1.4421387,11.206886,185.2922
2025-12-03,1.432373,11.087746,185.99275
2025-12-04,1.3474121,13.663918,190.53296
2025-12-05,1.3843994,12.376808,205.99385
2025-12-06,1.4404297,16.364601,227.8874
2025-12-07,1.5922852,14.958351,224.98438
2025-12-08,1.542656,12.98716,208.26814
2025-12-09,1.5148926,12.503273,202.49713
2025-12-10,1.3538818,11.524269,190.04958
2025-12-11,1.2119141,10.990089,185.24478
2025-12-12,1.2971191,6.14048,174.82819
2025-12-13,1.3010254,11.6551285,179.5944
2025-12-14,1.0928955,11.790382,184.49495
2025-12-15,1.0716553,11.505714,198.09486
2025-12-16,1.1516113,15.728371,209.55768
2025-12-17,1.1472168,14.696144,214.28752
2025-12-18,1.237915,11.269386,190.75153
2025-12-19,1.327898,9.834816,175.72742
2025-12-20,1.3226318,9.863136,174.95753
2025-12-21,1.1756592,9.985695,173.8595
2025-12-22,1.1149902,10.195168,179.37395
2025-12-23,1.0987549,13.506691,181.25856
2025-12-24,1.0445557,12.295265,184.83012
2025-12-25,1.0455322,14.60923,182.41414
2025-12-26,1.092041,13.385109,185.01686
2025-12-27,1.0922852,12.9051285,183.1289
2025-12-28,1.0870361,12.263527,181.14522
2025-12-29,1.1536865,12.355568,171.12524
2025-12-30,1.1625977,11.727882,177.29189
2025-12-31,1.2115479,13.3079605,200.7854
2026-01-01,1.2416992,13.10923,215.67519
2026-01-02,1.3746338,11.003273,206.0785
2026-01-03,1.3756104,16.472511,202.98538
2026-01-04,1.3378906,14.285988,196.18205
2026-01-05,1.2597752,12.431984,195.57062
2026-01-06,1.0534668,10.787941,193.20529
2026-01-07,1.1634521,12.086769,194.15836
2026-01-08,1.2424316,12.507668,208.2353
2026-01-09,1.3334961,12.328468,236.09225
2026-01-10,1.3330183,12.295265,236.8599
2026-01-11,1.2197015,11.265968,239.94897
2026-01-12,1.0147337,10.122902,229.85483
2026-01-13,0.9797634,17.376808,237.14127
2026-01-17,1.3206787,14.569191,229.21936
2026-01-18,1.4305277,13.71714,230.3795
2026-01-19,1.3486328,13.147804,231.51549
2026-01-20,1.4771729,14.290871,217.88289
2026-01-21,1.588501,13.271828,220.60637
2026-01-22,1.5712891,12.899269,217.64272
2026-01-23,1.4105225,11.091164,216.56354
2026-01-24,1.4162598,13.052345,209.58707
2026-01-25,1.4880371,12.517433,207.71277
2026-01-26,1.4880371,12.493019,207.63446
2026-01-27,1.3232613,16.311378,210.3524
2026-01-28,1.3460693,16.133156,207.82445
2026-01-29,1.4836426,13.044289,229.56424
2026-01-30,1.5084028,13.030617,228.1897
2026-01-31,1.4729004,11.888527,197.83652
2026-02-01,1.6327839,12.47007,195.80537
2026-02-02,1.2597656,11.45005,193.06432
2026-02-03,1.3360596,13.20591,238.13034
2026-02-09,1.4384766,14.1688,230.659
2026-02-10,1.7548828,16.244492,235.80605
2026-02-11,1.8034668,15.916359,239.7062
2026-02-12,1.927064,14.505714,239.87703
2026-02-13,1.6494141,13.04966,230.4001
2026-02-14,1.3328857,11.381203,220.63242
2026-02-15,1.2952881,13.551125,227.7119
2026-02-16,1.2930908,12.172707,218.64995
2026-02-17,1.2514106,11.097511,212.09404
2026-02-18,1.2161865,15.302834,225.32109
2026-02-19,1.2338867,14.545265,229.78299
2026-02-20,1.2485352,13.313332,227.84431
2026-02-21,1.2312012,11.742043,218.63454
2026-02-22,1.2829084,11.894386,217.55652
2026-02-23,1.3144531,10.379738,226.12517
2026-02-24,1.3972168,10.350929,227.20561
2026-02-25,1.7404785,14.481789,237.10216
2026-02-26,1.8757324,14.466164,229.27332
2026-02-27,1.6011953,12.8895035,212.52934
2026-02-28,1.3822021,12.007179,199.7589
2026-03-01,1.4001465,16.783546,200.3924
2026-03-02,1.7250977,14.844582,199.68918
2026-03-03,1.7314453,14.631691,199.24315
2026-03-04,1.5897217,13.20298,196.04794
2026-03-05,1.4310303,12.139015,198.03181
2026-03-06,1.2929688,11.725441,194.0499
2026-03-07,1.2663574,11.294289,191.73372
2026-03-08,1.2700195,10.922707,188.07553
2026-03-09,2.2402344,18.868507,203.20367
2026-03-10,2.543457,16.853859,203.61313
2026-03-11,2.394165,15.911476,202.36494
2026-03-12,1.8820801,13.614113,199.97256
2026-03-13,1.7661133,13.225929,199.01653
2026-03-14,2.5806885,16.613136,200.25175
2026-03-15,2.5113525,16.30796,200.32619
2026-03-16,2.15625,14.512062,201.33063
2026-03-17,1.7727051,13.384621,198.44395
2026-03-18,1.4809561,12.244972,192.09087
2026-03-19,1.545166,15.0355,191.21292
2026-03-20,1.4216309,12.760597,195.54112
2026-03-21,1.4561768,12.886574,195.18224
2026-03-22,1.3972168,11.717384,191.52382
2026-03-23,1.4353027,11.214699,191.51823
2026-03-24,1.378418,11.2610855,186.19919
2026-03-25,1.5019121,10.516212,181.20328
2026-03-26,1.3791504,9.2488785,175.04982
2026-03-27,1.3564453,9.238625,171.80858
2026-03-28,1.685791,15.775734,176.21236
2026-03-29,1.9306641,14.254738,181.5015
2026-03-30,1.9333239,14.185646,181.55641
2026-03-31,1.6512938,12.798683,181.46745
2026-04-01,1.8977051,16.77378,191.15143
2026-04-02,2.4573975,15.700539,194.05533
2026-04-03,2.3757324,14.864113,194.51727
2026-04-04,2.1079102,13.651222,196.22336
2026-04-05,1.7962646,12.928566,195.68394
2026-04-06,1.3964844,11.625832,193.86491
2026-04-07,1.3874512,12.037941,187.71889
2026-04-08,1.5760498,17.502296,185.74307
2026-04-09,1.7961426,15.960304,189.56497
2026-04-10,1.8204346,14.544777,187.98396
2026-04-11,1.8167725,14.502785,187.7267
2026-04-12,1.6326904,13.044777,185.32419
2026-04-13,1.619873,12.977882,185.16502
2026-04-14,1.815918,16.643898,192.1275
2026-04-15,2.1260986,15.01963,193.27261
2026-04-16,2.0941162,14.617043,192.51743
2026-04-17,1.8841553,13.057716,189.2925
2026-04-18,1.8755407,15.93174,192.2458
2026-04-19,1.7977295,16.842628,195.04515
2026-04-20,2.0489502,15.235939,196.23859
2026-04-21,2.0061035,14.973732,196.2664
2026-04-22,1.6828613,13.287209,196.7522
2026-04-23,1.4624023,12.537453,195.15892
2026-04-24,1.4272461,7.8377457,175.745
2026-04-25,1.7945557,15.326027,174.63403
2026-04-26,1.9522705,14.660011,174.61829
2026-04-27,1.8863525,13.524757,175.38557
2026-04-28,1.817627,11.409523,171.15
2026-05-01,1.6062012,10.424171,170.19925
2026-05-02,1.5611572,10.046242,175.25148
2026-05-03,1.3994141,13.493019,185.28667
2026-05-04,1.4750977,14.242043,195.04822
2026-05-05,1.6710205,14.423683,195.3838
2026-05-06,1.7607422,13.409035,196.89265
2026-05-07,1.8411865,12.885109,197.23575
2026-05-08,2.2270508,17.220558,198.97095
2026-05-09,2.3620605,15.930519,195.21048
2026-05-10,2.3393555,15.590675,193.73401
2026-05-11,2.0812988,14.503273,186.11232
2026-05-12,1.8498535,14.076027,186.83234
2026-05-13,1.8688965,13.369972,192.65932
2026-05-14,1.8619385,13.314796,192.86458
2026-05-15,1.7303095,12.701515,193.83658
2026-05-16,1.6512451,12.233742,182.8888
2026-05-17,1.6473389,12.20005,182.72775
2026-05-18,1.442627,11.18882,181.3914
2026-05-19,1.6644287,14.737648,183.4456
2026-05-20,1.7402344,7.59214,174.81163
2026-05-21,1.7137451,7.8431168,174.14134
2026-05-22,1.6757812,7.887062,172.1669
2026-05-23,1.6413574,13.515236,183.92221
2026-05-24,1.8621826,14.122414,198.64107
2026-05-25,1.8586426,13.905617,199.38716
2026-05-26,1.746582,12.879738,196.38426
2026-05-27,1.4486084,11.838234,189.72032
2026-05-28,1.6037388,14.508156,185.85687
2026-05-29,2.380249,14.408058,189.18527
2026-05-30,2.4678955,19.831398,196.51675
2026-05-31,2.428955,19.210793,199.94795
2026-06-01,2.4448242,16.667824,203.76582
2026-06-02,1.8505859,15.579933,206.97284
2026-06-03,2.3497314,14.446144,206.98299
2026-06-04,2.3481026,13.648293,205.2785
2026-06-05,2.4154844,15.914894,201.27441
2026-06-06,2.2565918,14.575539,200.0931
2026-06-07,3.4454346,18.812843,206.97792
2026-06-08,3.4727783,18.380714,206.85477
2026-06-09,2.7353516,15.8079605,202.5723
2026-06-10,2.0056152,13.459816,191.48627
2026-06-11,1.953125,16.33384,183.6406
2026-06-12,2.072754,15.523293,185.13533
2026-06-13,1.8543701,13.979347,187.63704
2026-06-14,1.6914062,12.741554,191.65979
2026-06-15,1.7072754,19.834816,199.50795
2026-06-16,1.7568359,16.092628,194.91339
2026-06-17,1.7618408,15.403175,194.38712
2026-06-18,1.5512695,11.866066,195.53545
2026-06-19,1.6375732,13.29966,189.59995
2026-06-20,1.6734619,7.6258316,180.41153
2026-06-21,1.6838379,7.6380386,175.45381
2026-06-22,1.904419,17.272804,193.3335
2026-06-23,1.9677734,16.263039,194.30196
2026-06-24,1.9263916,11.677589,178.5686
2026-06-25,2.2126465,10.835304,174.22977
2026-06-26,2.3729763,17.61216,175.88206
2026-06-27,2.2174072,15.408546,178.99332
2026-06-28,2.107788,14.4105,177.59308
2026-06-29,1.8867188,17.171242,177.89041
2026-06-30,1.9844971,16.113625,181.16153
2026-07-01,2.0549316,15.281593,181.81781
2026-07-02,2.0913916,14.396828,178.62431
2026-07-03,1.8486328,13.295265,177.6523
2026-07-04,1.788208,17.657082,181.83456
2026-07-05,1.7597656,19.110695,184.29121
2026-07-06,2.1046143,16.389015,184.78966
2026-07-07,2.1557178,15.764015,184.35956
2026-07-08,2.0628662,14.405617,179.8091
2026-07-09,1.9074936,14.124367,176.41045
2026-07-10,1.7683105,14.331398,186.65227
2026-07-11,1.7626953,14.197121,187.88823
2026-07-12,1.6051025,12.847511,186.6813
2026-07-13,1.4162579,12.527687,185.058
2026-07-14,1.2723389,13.161476,185.17783
2026-07-15,1.6132812,12.199562,185.04726
2026-07-16,1.6361942,12.944679,185.51093
2026-07-17,1.7155762,12.272316,186.09453
2026-07-18,1.5930176,11.768898,182.71927
2026-07-19,1.4489746,14.445656,187.6578
2026-07-20,1.4072266,13.337746,188.5401
2026-07-21,1.3565674,12.055031,191.99254
2026-07-22,1.2937012,6.385109,186.66603
2026-07-23,1.5687256,7.0457535,180.7692
2026-07-24,1.574585,19.683449,191.81259
2026-07-25,1.6806345,17.389015,199.55595
2026-07-26,1.8175049,13.745949,201.77612
2026-07-27,2.1113281,15.50425,205.45668
2026-07-28,2.1048584,15.29673,205.64821
2026-07-29,2.0411377,13.703957,201.33627
2026-07-30,1.6728516,12.397804,197.93639
2026-07-31,1.5737305,10.985207,178.27576
2026-08-01,1.434082,7.023781,178.9201
2026-08-02,1.5812988,8.15757,170.2993
2026-08-05,1.4897461,8.493507,170.2473
2026-08-06,1.6645508,16.03843,183.58875
2026-08-07,1.7606201,14.968117,187.35649
2026-08-08,1.607666,13.653175,190.21996
2026-08-09,1.4956055,12.334816,186.42708
2026-08-10,1.6845703,13.5267105,177.23022
2026-08-11,1.7271729,14.355812,170.53812
2026-08-12,1.739502,14.307472,170.16779
2026-08-13,1.6728516,16.13462,193.29141
2026-08-14,2.0333252,14.306984,193.6368
2026-08-15,2.018178,14.245949,194.06302
2026-08-16,1.8312702,12.977394,186.5161
2026-08-17,1.7323103,7.9031754,178.55075
2026-08-18,1.963171,8.828468,173.03403
2026-08-19,2.1114502,10.616554,170.14615
2026-08-24,1.3173828,8.90757,170.14986
2026-08-25,1.2456055,6.305519,171.83058
2026-08-26,1.3033447,6.4437027,170.0124
2026-08-27,1.2882967,6.8514175,170.42921
